#Set,index,k,QQ,x_b,t,phi_x,F,errF,F1,F2,dvcs,ReH,ReE,ReHtilde
0,0,3.75,1.74013,0.435095,-0.380868,0,0.0582049,0.00291025,0.49806,0.68579,0.0122881,13.0554,-53.0554,7.25302
0,1,3.75,1.74013,0.435095,-0.380868,10,0.0555962,0.00277981,0.49806,0.68579,0.0122881,13.0554,-53.0554,7.25302
0,2,3.75,1.74013,0.435095,-0.380868,20,0.0663528,0.00331764,0.49806,0.68579,0.0122881,13.0554,-53.0554,7.25302
0,3,3.75,1.74013,0.435095,-0.380868,30,0.0686548,0.00343274,0.49806,0.68579,0.0122881,13.0554,-53.0554,7.25302
0,4,3.75,1.74013,0.435095,-0.380868,40,0.0727651,0.00363826,0.49806,0.68579,0.0122881,13.0554,-53.0554,7.25302
0,5,3.75,1.74013,0.435095,-0.380868,50,0.0617599,0.003088,0.49806,0.68579,0.0122881,13.0554,-53.0554,7.25302
0,6,3.75,1.74013,0.435095,-0.380868,60,0.0577599,0.002888,0.49806,0.68579,0.0122881,13.0554,-53.0554,7.25302
0,7,3.75,1.74013,0.435095,-0.380868,70,0.0562165,0.00281082,0.49806,0.68579,0.0122881,13.0554,-53.0554,7.25302
0,8,3.75,1.74013,0.435095,-0.380868,80,0.0522357,0.00261178,0.49806,0.68579,0.0122881,13.0554,-53.0554,7.25302
0,9,3.75,1.74013,0.435095,-0.380868,90,0.0462141,0.0023107,0.49806,0.68579,0.0122881,13.0554,-53.0554,7.25302
0,10,3.75,1.74013,0.435095,-0.380868,100,0.0456687,0.00228343,0.49806,0.68579,0.0122881,13.0554,-53.0554,7.25302
0,11,3.75,1.74013,0.435095,-0.380868,110,0.0383408,0.00191704,0.49806,0.68579,0.0122881,13.0554,-53.0554,7.25302
0,12,3.75,1.74013,0.435095,-0.380868,120,0.0435512,0.00217756,0.49806,0.68579,0.0122881,13.0554,-53.0554,7.25302
0,13,3.75,1.74013,0.435095,-0.380868,130,0.0395972,0.00197986,0.49806,0.68579,0.0122881,13.0554,-53.0554,7.25302
0,14,3.75,1.74013,0.435095,-0.380868,140,0.0491507,0.00245753,0.49806,0.68579,0.0122881,13.0554,-53.0554,7.25302
0,15,3.75,1.74013,0.435095,-0.380868,150,0.0489722,0.00244861,0.49806,0.68579,0.0122881,13.0554,-53.0554,7.25302
0,16,3.75,1.74013,0.435095,-0.380868,160,0.049612,0.0024806,0.49806,0.68579,0.0122881,13.0554,-53.0554,7.25302
0,17,3.75,1.74013,0.435095,-0.380868,170,0.0553759,0.0027688,0.49806,0.68579,0.0122881,13.0554,-53.0554,7.25302
0,18,3.75,1.74013,0.435095,-0.380868,180,0.0563297,0.00281649,0.49806,0.68579,0.0122881,13.0554,-53.0554,7.25302
0,19,3.75,1.74013,0.435095,-0.380868,190,0.0522067,0.00261034,0.49806,0.68579,0.0122881,13.0554,-53.0554,7.25302
0,20,3.75,1.74013,0.435095,-0.380868,200,0.0485849,0.00242925,0.49806,0.68579,0.0122881,13.0554,-53.0554,7.25302
0,21,3.75,1.74013,0.435095,-0.380868,210,0.0478849,0.00239424,0.49806,0.68579,0.0122881,13.0554,-53.0554,7.25302
0,22,3.75,1.74013,0.435095,-0.380868,220,0.045184,0.0022592,0.49806,0.68579,0.0122881,13.0554,-53.0554,7.25302
0,23,3.75,1.74013,0.435095,-0.380868,230,0.0427038,0.00213519,0.49806,0.68579,0.0122881,13.0554,-53.0554,7.25302
0,24,3.75,1.74013,0.435095,-0.380868,240,0.0434136,0.00217068,0.49806,0.68579,0.0122881,13.0554,-53.0554,7.25302
0,25,3.75,1.74013,0.435095,-0.380868,250,0.0420337,0.00210169,0.49806,0.68579,0.0122881,13.0554,-53.0554,7.25302
0,26,3.75,1.74013,0.435095,-0.380868,260,0.0438472,0.00219236,0.49806,0.68579,0.0122881,13.0554,-53.0554,7.25302
0,27,3.75,1.74013,0.435095,-0.380868,270,0.0457835,0.00228918,0.49806,0.68579,0.0122881,13.0554,-53.0554,7.25302
0,28,3.75,1.74013,0.435095,-0.380868,280,0.0552054,0.00276027,0.49806,0.68579,0.0122881,13.0554,-53.0554,7.25302
0,29,3.75,1.74013,0.435095,-0.380868,290,0.0510219,0.00255109,0.49806,0.68579,0.0122881,13.0554,-53.0554,7.25302
0,30,3.75,1.74013,0.435095,-0.380868,300,0.0620971,0.00310486,0.49806,0.68579,0.0122881,13.0554,-53.0554,7.25302
0,31,3.75,1.74013,0.435095,-0.380868,310,0.0637619,0.0031881,0.49806,0.68579,0.0122881,13.0554,-53.0554,7.25302
0,32,3.75,1.74013,0.435095,-0.380868,320,0.070747,0.00353735,0.49806,0.68579,0.0122881,13.0554,-53.0554,7.25302
0,33,3.75,1.74013,0.435095,-0.380868,330,0.0667974,0.00333987,0.49806,0.68579,0.0122881,13.0554,-53.0554,7.25302
0,34,3.75,1.74013,0.435095,-0.380868,340,0.0654857,0.00327429,0.49806,0.68579,0.0122881,13.0554,-53.0554,7.25302
0,35,3.75,1.74013,0.435095,-0.380868,350,0.0622321,0.0031116,0.49806,0.68579,0.0122881,13.0554,-53.0554,7.25302
1,0,3.75,2.03646,0.415563,-0.373495,0,0.226396,0.0113198,0.503541,0.696465,0.0122881,12.5549,-52.5549,6.97494
1,1,3.75,2.03646,0.415563,-0.373495,10,0.224452,0.0112226,0.503541,0.696465,0.0122881,12.5549,-52.5549,6.97494
1,2,3.75,2.03646,0.415563,-0.373495,20,0.20535,0.0102675,0.503541,0.696465,0.0122881,12.5549,-52.5549,6.97494
1,3,3.75,2.03646,0.415563,-0.373495,30,0.156379,0.00781897,0.503541,0.696465,0.0122881,12.5549,-52.5549,6.97494
1,4,3.75,2.03646,0.415563,-0.373495,40,0.134394,0.00671972,0.503541,0.696465,0.0122881,12.5549,-52.5549,6.97494
1,5,3.75,2.03646,0.415563,-0.373495,50,0.111771,0.00558856,0.503541,0.696465,0.0122881,12.5549,-52.5549,6.97494
1,6,3.75,2.03646,0.415563,-0.373495,60,0.102648,0.00513241,0.503541,0.696465,0.0122881,12.5549,-52.5549,6.97494
1,7,3.75,2.03646,0.415563,-0.373495,70,0.0826389,0.00413194,0.503541,0.696465,0.0122881,12.5549,-52.5549,6.97494
1,8,3.75,2.03646,0.415563,-0.373495,80,0.0640831,0.00320415,0.503541,0.696465,0.0122881,12.5549,-52.5549,6.97494
1,9,3.75,2.03646,0.415563,-0.373495,90,0.0641189,0.00320594,0.503541,0.696465,0.0122881,12.5549,-52.5549,6.97494
1,10,3.75,2.03646,0.415563,-0.373495,100,0.0581313,0.00290657,0.503541,0.696465,0.0122881,12.5549,-52.5549,6.97494
1,11,3.75,2.03646,0.415563,-0.373495,110,0.0535489,0.00267744,0.503541,0.696465,0.0122881,12.5549,-52.5549,6.97494
1,12,3.75,2.03646,0.415563,-0.373495,120,0.053905,0.00269525,0.503541,0.696465,0.0122881,12.5549,-52.5549,6.97494
1,13,3.75,2.03646,0.415563,-0.373495,130,0.0554955,0.00277477,0.503541,0.696465,0.0122881,12.5549,-52.5549,6.97494
1,14,3.75,2.03646,0.415563,-0.373495,140,0.0595101,0.00297551,0.503541,0.696465,0.0122881,12.5549,-52.5549,6.97494
1,15,3.75,2.03646,0.415563,-0.373495,150,0.0615962,0.00307981,0.503541,0.696465,0.0122881,12.5549,-52.5549,6.97494
1,16,3.75,2.03646,0.415563,-0.373495,160,0.0593746,0.00296873,0.503541,0.696465,0.0122881,12.5549,-52.5549,6.97494
1,17,3.75,2.03646,0.415563,-0.373495,170,0.0592953,0.00296477,0.503541,0.696465,0.0122881,12.5549,-52.5549,6.97494
1,18,3.75,2.03646,0.415563,-0.373495,180,0.0697597,0.00348798,0.503541,0.696465,0.0122881,12.5549,-52.5549,6.97494
1,19,3.75,2.03646,0.415563,-0.373495,190,0.065541,0.00327705,0.503541,0.696465,0.0122881,12.5549,-52.5549,6.97494
1,20,3.75,2.03646,0.415563,-0.373495,200,0.0574228,0.00287114,0.503541,0.696465,0.0122881,12.5549,-52.5549,6.97494
1,21,3.75,2.03646,0.415563,-0.373495,210,0.0586727,0.00293364,0.503541,0.696465,0.0122881,12.5549,-52.5549,6.97494
1,22,3.75,2.03646,0.415563,-0.373495,220,0.0540635,0.00270318,0.503541,0.696465,0.0122881,12.5549,-52.5549,6.97494
1,23,3.75,2.03646,0.415563,-0.373495,230,0.053716,0.0026858,0.503541,0.696465,0.0122881,12.5549,-52.5549,6.97494
1,24,3.75,2.03646,0.415563,-0.373495,240,0.0573376,0.00286688,0.503541,0.696465,0.0122881,12.5549,-52.5549,6.97494
1,25,3.75,2.03646,0.415563,-0.373495,250,0.0597239,0.00298619,0.503541,0.696465,0.0122881,12.5549,-52.5549,6.97494
1,26,3.75,2.03646,0.415563,-0.373495,260,0.0525878,0.00262939,0.503541,0.696465,0.0122881,12.5549,-52.5549,6.97494
1,27,3.75,2.03646,0.415563,-0.373495,270,0.059507,0.00297535,0.503541,0.696465,0.0122881,12.5549,-52.5549,6.97494
1,28,3.75,2.03646,0.415563,-0.373495,280,0.0667118,0.00333559,0.503541,0.696465,0.0122881,12.5549,-52.5549,6.97494
1,29,3.75,2.03646,0.415563,-0.373495,290,0.0821572,0.00410786,0.503541,0.696465,0.0122881,12.5549,-52.5549,6.97494
1,30,3.75,2.03646,0.415563,-0.373495,300,0.0950129,0.00475065,0.503541,0.696465,0.0122881,12.5549,-52.5549,6.97494
1,31,3.75,2.03646,0.415563,-0.373495,310,0.116931,0.00584655,0.503541,0.696465,0.0122881,12.5549,-52.5549,6.97494
1,32,3.75,2.03646,0.415563,-0.373495,320,0.141162,0.00705809,0.503541,0.696465,0.0122881,12.5549,-52.5549,6.97494
1,33,3.75,2.03646,0.415563,-0.373495,330,0.15617,0.0078085,0.503541,0.696465,0.0122881,12.5549,-52.5549,6.97494
1,34,3.75,2.03646,0.415563,-0.373495,340,0.191734,0.00958669,0.503541,0.696465,0.0122881,12.5549,-52.5549,6.97494
1,35,3.75,2.03646,0.415563,-0.373495,350,0.231579,0.011579,0.503541,0.696465,0.0122881,12.5549,-52.5549,6.97494
2,0,4.75,2.17955,0.385579,-0.283318,0,0.193059,0.00965295,0.579414,0.848208,0.0122881,7.22424,-47.2242,4.01347
2,1,4.75,2.17955,0.385579,-0.283318,10,0.185003,0.00925015,0.579414,0.848208,0.0122881,7.22424,-47.2242,4.01347
2,2,4.75,2.17955,0.385579,-0.283318,20,0.167855,0.00839277,0.579414,0.848208,0.0122881,7.22424,-47.2242,4.01347
2,3,4.75,2.17955,0.385579,-0.283318,30,0.15589,0.00779448,0.579414,0.848208,0.0122881,7.22424,-47.2242,4.01347
2,4,4.75,2.17955,0.385579,-0.283318,40,0.13855,0.00692752,0.579414,0.848208,0.0122881,7.22424,-47.2242,4.01347
2,5,4.75,2.17955,0.385579,-0.283318,50,0.116712,0.0058356,0.579414,0.848208,0.0122881,7.22424,-47.2242,4.01347
2,6,4.75,2.17955,0.385579,-0.283318,60,0.0926515,0.00463257,0.579414,0.848208,0.0122881,7.22424,-47.2242,4.01347
2,7,4.75,2.17955,0.385579,-0.283318,70,0.0800159,0.00400079,0.579414,0.848208,0.0122881,7.22424,-47.2242,4.01347
2,8,4.75,2.17955,0.385579,-0.283318,80,0.0700709,0.00350355,0.579414,0.848208,0.0122881,7.22424,-47.2242,4.01347
2,9,4.75,2.17955,0.385579,-0.283318,90,0.0507675,0.00253837,0.579414,0.848208,0.0122881,7.22424,-47.2242,4.01347
2,10,4.75,2.17955,0.385579,-0.283318,100,0.0447119,0.0022356,0.579414,0.848208,0.0122881,7.22424,-47.2242,4.01347
2,11,4.75,2.17955,0.385579,-0.283318,110,0.0381712,0.00190856,0.579414,0.848208,0.0122881,7.22424,-47.2242,4.01347
2,12,4.75,2.17955,0.385579,-0.283318,120,0.0366085,0.00183042,0.579414,0.848208,0.0122881,7.22424,-47.2242,4.01347
2,13,4.75,2.17955,0.385579,-0.283318,130,0.0368687,0.00184344,0.579414,0.848208,0.0122881,7.22424,-47.2242,4.01347
2,14,4.75,2.17955,0.385579,-0.283318,140,0.0340183,0.00170092,0.579414,0.848208,0.0122881,7.22424,-47.2242,4.01347
2,15,4.75,2.17955,0.385579,-0.283318,150,0.0329635,0.00164818,0.579414,0.848208,0.0122881,7.22424,-47.2242,4.01347
2,16,4.75,2.17955,0.385579,-0.283318,160,0.0319397,0.00159698,0.579414,0.848208,0.0122881,7.22424,-47.2242,4.01347
2,17,4.75,2.17955,0.385579,-0.283318,170,0.0335832,0.00167916,0.579414,0.848208,0.0122881,7.22424,-47.2242,4.01347
2,18,4.75,2.17955,0.385579,-0.283318,180,0.0336782,0.00168391,0.579414,0.848208,0.0122881,7.22424,-47.2242,4.01347
2,19,4.75,2.17955,0.385579,-0.283318,190,0.0314424,0.00157212,0.579414,0.848208,0.0122881,7.22424,-47.2242,4.01347
2,20,4.75,2.17955,0.385579,-0.283318,200,0.0301506,0.00150753,0.579414,0.848208,0.0122881,7.22424,-47.2242,4.01347
2,21,4.75,2.17955,0.385579,-0.283318,210,0.0316613,0.00158307,0.579414,0.848208,0.0122881,7.22424,-47.2242,4.01347
2,22,4.75,2.17955,0.385579,-0.283318,220,0.03337,0.0016685,0.579414,0.848208,0.0122881,7.22424,-47.2242,4.01347
2,23,4.75,2.17955,0.385579,-0.283318,230,0.034516,0.0017258,0.579414,0.848208,0.0122881,7.22424,-47.2242,4.01347
2,24,4.75,2.17955,0.385579,-0.283318,240,0.0358086,0.00179043,0.579414,0.848208,0.0122881,7.22424,-47.2242,4.01347
2,25,4.75,2.17955,0.385579,-0.283318,250,0.0423105,0.00211553,0.579414,0.848208,0.0122881,7.22424,-47.2242,4.01347
2,26,4.75,2.17955,0.385579,-0.283318,260,0.0440271,0.00220135,0.579414,0.848208,0.0122881,7.22424,-47.2242,4.01347
2,27,4.75,2.17955,0.385579,-0.283318,270,0.0524115,0.00262057,0.579414,0.848208,0.0122881,7.22424,-47.2242,4.01347
2,28,4.75,2.17955,0.385579,-0.283318,280,0.0679937,0.00339969,0.579414,0.848208,0.0122881,7.22424,-47.2242,4.01347
2,29,4.75,2.17955,0.385579,-0.283318,290,0.0765604,0.00382802,0.579414,0.848208,0.0122881,7.22424,-47.2242,4.01347
2,30,4.75,2.17955,0.385579,-0.283318,300,0.0980976,0.00490488,0.579414,0.848208,0.0122881,7.22424,-47.2242,4.01347
2,31,4.75,2.17955,0.385579,-0.283318,310,0.111326,0.00556631,0.579414,0.848208,0.0122881,7.22424,-47.2242,4.01347
2,32,4.75,2.17955,0.385579,-0.283318,320,0.130576,0.0065288,0.579414,0.848208,0.0122881,7.22424,-47.2242,4.01347
2,33,4.75,2.17955,0.385579,-0.283318,330,0.155135,0.00775675,0.579414,0.848208,0.0122881,7.22424,-47.2242,4.01347
2,34,4.75,2.17955,0.385579,-0.283318,340,0.179338,0.00896688,0.579414,0.848208,0.0122881,7.22424,-47.2242,4.01347
2,35,4.75,2.17955,0.385579,-0.283318,350,0.182418,0.00912091,0.579414,0.848208,0.0122881,7.22424,-47.2242,4.01347
3,0,4.75,2.07387,0.436939,-0.291599,0,0.0852399,0.00426199,0.571691,0.832437,0.0122881,7.65272,-47.6527,4.25151
3,1,4.75,2.07387,0.436939,-0.291599,10,0.0915576,0.00457788,0.571691,0.832437,0.0122881,7.65272,-47.6527,4.25151
3,2,4.75,2.07387,0.436939,-0.291599,20,0.0906669,0.00453335,0.571691,0.832437,0.0122881,7.65272,-47.6527,4.25151
3,3,4.75,2.07387,0.436939,-0.291599,30,0.0840521,0.0042026,0.571691,0.832437,0.0122881,7.65272,-47.6527,4.25151
3,4,4.75,2.07387,0.436939,-0.291599,40,0.0760395,0.00380197,0.571691,0.832437,0.0122881,7.65272,-47.6527,4.25151
3,5,4.75,2.07387,0.436939,-0.291599,50,0.0683382,0.00341691,0.571691,0.832437,0.0122881,7.65272,-47.6527,4.25151
3,6,4.75,2.07387,0.436939,-0.291599,60,0.0599212,0.00299606,0.571691,0.832437,0.0122881,7.65272,-47.6527,4.25151
3,7,4.75,2.07387,0.436939,-0.291599,70,0.0543546,0.00271773,0.571691,0.832437,0.0122881,7.65272,-47.6527,4.25151
3,8,4.75,2.07387,0.436939,-0.291599,80,0.039995,0.00199975,0.571691,0.832437,0.0122881,7.65272,-47.6527,4.25151
3,9,4.75,2.07387,0.436939,-0.291599,90,0.0373836,0.00186918,0.571691,0.832437,0.0122881,7.65272,-47.6527,4.25151
3,10,4.75,2.07387,0.436939,-0.291599,100,0.0293791,0.00146895,0.571691,0.832437,0.0122881,7.65272,-47.6527,4.25151
3,11,4.75,2.07387,0.436939,-0.291599,110,0.0257126,0.00128563,0.571691,0.832437,0.0122881,7.65272,-47.6527,4.25151
3,12,4.75,2.07387,0.436939,-0.291599,120,0.0225607,0.00112803,0.571691,0.832437,0.0122881,7.65272,-47.6527,4.25151
3,13,4.75,2.07387,0.436939,-0.291599,130,0.0191866,0.000959329,0.571691,0.832437,0.0122881,7.65272,-47.6527,4.25151
3,14,4.75,2.07387,0.436939,-0.291599,140,0.0187388,0.000936938,0.571691,0.832437,0.0122881,7.65272,-47.6527,4.25151
3,15,4.75,2.07387,0.436939,-0.291599,150,0.0184692,0.000923458,0.571691,0.832437,0.0122881,7.65272,-47.6527,4.25151
3,16,4.75,2.07387,0.436939,-0.291599,160,0.0158658,0.000793289,0.571691,0.832437,0.0122881,7.65272,-47.6527,4.25151
3,17,4.75,2.07387,0.436939,-0.291599,170,0.0154988,0.000774941,0.571691,0.832437,0.0122881,7.65272,-47.6527,4.25151
3,18,4.75,2.07387,0.436939,-0.291599,180,0.0167465,0.000837326,0.571691,0.832437,0.0122881,7.65272,-47.6527,4.25151
3,19,4.75,2.07387,0.436939,-0.291599,190,0.0158851,0.000794257,0.571691,0.832437,0.0122881,7.65272,-47.6527,4.25151
3,20,4.75,2.07387,0.436939,-0.291599,200,0.0150052,0.000750261,0.571691,0.832437,0.0122881,7.65272,-47.6527,4.25151
3,21,4.75,2.07387,0.436939,-0.291599,210,0.0164463,0.000822315,0.571691,0.832437,0.0122881,7.65272,-47.6527,4.25151
3,22,4.75,2.07387,0.436939,-0.291599,220,0.0177741,0.000888707,0.571691,0.832437,0.0122881,7.65272,-47.6527,4.25151
3,23,4.75,2.07387,0.436939,-0.291599,230,0.0185593,0.000927964,0.571691,0.832437,0.0122881,7.65272,-47.6527,4.25151
3,24,4.75,2.07387,0.436939,-0.291599,240,0.0224668,0.00112334,0.571691,0.832437,0.0122881,7.65272,-47.6527,4.25151
3,25,4.75,2.07387,0.436939,-0.291599,250,0.0228689,0.00114345,0.571691,0.832437,0.0122881,7.65272,-47.6527,4.25151
3,26,4.75,2.07387,0.436939,-0.291599,260,0.0323545,0.00161773,0.571691,0.832437,0.0122881,7.65272,-47.6527,4.25151
3,27,4.75,2.07387,0.436939,-0.291599,270,0.0343788,0.00171894,0.571691,0.832437,0.0122881,7.65272,-47.6527,4.25151
3,28,4.75,2.07387,0.436939,-0.291599,280,0.0418249,0.00209124,0.571691,0.832437,0.0122881,7.65272,-47.6527,4.25151
3,29,4.75,2.07387,0.436939,-0.291599,290,0.0503543,0.00251772,0.571691,0.832437,0.0122881,7.65272,-47.6527,4.25151
3,30,4.75,2.07387,0.436939,-0.291599,300,0.0662171,0.00331085,0.571691,0.832437,0.0122881,7.65272,-47.6527,4.25151
3,31,4.75,2.07387,0.436939,-0.291599,310,0.0622356,0.00311178,0.571691,0.832437,0.0122881,7.65272,-47.6527,4.25151
3,32,4.75,2.07387,0.436939,-0.291599,320,0.0761753,0.00380877,0.571691,0.832437,0.0122881,7.65272,-47.6527,4.25151
3,33,4.75,2.07387,0.436939,-0.291599,330,0.0816671,0.00408335,0.571691,0.832437,0.0122881,7.65272,-47.6527,4.25151
3,34,4.75,2.07387,0.436939,-0.291599,340,0.0886214,0.00443107,0.571691,0.832437,0.0122881,7.65272,-47.6527,4.25151
3,35,4.75,2.07387,0.436939,-0.291599,350,0.0873045,0.00436523,0.571691,0.832437,0.0122881,7.65272,-47.6527,4.25151
4,0,4.75,2.03646,0.415563,-0.373495,0,0.0347284,0.00173642,0.503541,0.696465,0.0122881,12.5549,-52.5549,6.97494
4,1,4.75,2.03646,0.415563,-0.373495,10,0.0368122,0.00184061,0.503541,0.696465,0.0122881,12.5549,-52.5549,6.97494
4,2,4.75,2.03646,0.415563,-0.373495,20,0.0399379,0.00199689,0.503541,0.696465,0.0122881,12.5549,-52.5549,6.97494
4,3,4.75,2.03646,0.415563,-0.373495,30,0.0376149,0.00188074,0.503541,0.696465,0.0122881,12.5549,-52.5549,6.97494
4,4,4.75,2.03646,0.415563,-0.373495,40,0.0396926,0.00198463,0.503541,0.696465,0.0122881,12.5549,-52.5549,6.97494
4,5,4.75,2.03646,0.415563,-0.373495,50,0.0392729,0.00196365,0.503541,0.696465,0.0122881,12.5549,-52.5549,6.97494
4,6,4.75,2.03646,0.415563,-0.373495,60,0.0412949,0.00206474,0.503541,0.696465,0.0122881,12.5549,-52.5549,6.97494
4,7,4.75,2.03646,0.415563,-0.373495,70,0.0366942,0.00183471,0.503541,0.696465,0.0122881,12.5549,-52.5549,6.97494
4,8,4.75,2.03646,0.415563,-0.373495,80,0.0304298,0.00152149,0.503541,0.696465,0.0122881,12.5549,-52.5549,6.97494
4,9,4.75,2.03646,0.415563,-0.373495,90,0.0317522,0.00158761,0.503541,0.696465,0.0122881,12.5549,-52.5549,6.97494
4,10,4.75,2.03646,0.415563,-0.373495,100,0.0294931,0.00147466,0.503541,0.696465,0.0122881,12.5549,-52.5549,6.97494
4,11,4.75,2.03646,0.415563,-0.373495,110,0.0275493,0.00137747,0.503541,0.696465,0.0122881,12.5549,-52.5549,6.97494
4,12,4.75,2.03646,0.415563,-0.373495,120,0.0280022,0.00140011,0.503541,0.696465,0.0122881,12.5549,-52.5549,6.97494
4,13,4.75,2.03646,0.415563,-0.373495,130,0.0290853,0.00145426,0.503541,0.696465,0.0122881,12.5549,-52.5549,6.97494
4,14,4.75,2.03646,0.415563,-0.373495,140,0.0314706,0.00157353,0.503541,0.696465,0.0122881,12.5549,-52.5549,6.97494
4,15,4.75,2.03646,0.415563,-0.373495,150,0.0328515,0.00164257,0.503541,0.696465,0.0122881,12.5549,-52.5549,6.97494
4,16,4.75,2.03646,0.415563,-0.373495,160,0.0318877,0.00159439,0.503541,0.696465,0.0122881,12.5549,-52.5549,6.97494
4,17,4.75,2.03646,0.415563,-0.373495,170,0.03199,0.0015995,0.503541,0.696465,0.0122881,12.5549,-52.5549,6.97494
4,18,4.75,2.03646,0.415563,-0.373495,180,0.0376947,0.00188474,0.503541,0.696465,0.0122881,12.5549,-52.5549,6.97494
4,19,4.75,2.03646,0.415563,-0.373495,190,0.0353595,0.00176798,0.503541,0.696465,0.0122881,12.5549,-52.5549,6.97494
4,20,4.75,2.03646,0.415563,-0.373495,200,0.0308395,0.00154197,0.503541,0.696465,0.0122881,12.5549,-52.5549,6.97494
4,21,4.75,2.03646,0.415563,-0.373495,210,0.0312923,0.00156461,0.503541,0.696465,0.0122881,12.5549,-52.5549,6.97494
4,22,4.75,2.03646,0.415563,-0.373495,220,0.0285903,0.00142951,0.503541,0.696465,0.0122881,12.5549,-52.5549,6.97494
4,23,4.75,2.03646,0.415563,-0.373495,230,0.0281526,0.00140763,0.503541,0.696465,0.0122881,12.5549,-52.5549,6.97494
4,24,4.75,2.03646,0.415563,-0.373495,240,0.0297853,0.00148927,0.503541,0.696465,0.0122881,12.5549,-52.5549,6.97494
4,25,4.75,2.03646,0.415563,-0.373495,250,0.0307262,0.00153631,0.503541,0.696465,0.0122881,12.5549,-52.5549,6.97494
4,26,4.75,2.03646,0.415563,-0.373495,260,0.0266806,0.00133403,0.503541,0.696465,0.0122881,12.5549,-52.5549,6.97494
4,27,4.75,2.03646,0.415563,-0.373495,270,0.0294684,0.00147342,0.503541,0.696465,0.0122881,12.5549,-52.5549,6.97494
4,28,4.75,2.03646,0.415563,-0.373495,280,0.0316781,0.0015839,0.503541,0.696465,0.0122881,12.5549,-52.5549,6.97494
4,29,4.75,2.03646,0.415563,-0.373495,290,0.0364804,0.00182402,0.503541,0.696465,0.0122881,12.5549,-52.5549,6.97494
4,30,4.75,2.03646,0.415563,-0.373495,300,0.0382233,0.00191116,0.503541,0.696465,0.0122881,12.5549,-52.5549,6.97494
4,31,4.75,2.03646,0.415563,-0.373495,310,0.0410859,0.00205429,0.503541,0.696465,0.0122881,12.5549,-52.5549,6.97494
4,32,4.75,2.03646,0.415563,-0.373495,320,0.0416913,0.00208456,0.503541,0.696465,0.0122881,12.5549,-52.5549,6.97494
4,33,4.75,2.03646,0.415563,-0.373495,330,0.0375645,0.00187823,0.503541,0.696465,0.0122881,12.5549,-52.5549,6.97494
4,34,4.75,2.03646,0.415563,-0.373495,340,0.0372897,0.00186448,0.503541,0.696465,0.0122881,12.5549,-52.5549,6.97494
4,35,4.75,2.03646,0.415563,-0.373495,350,0.0379812,0.00189906,0.503541,0.696465,0.0122881,12.5549,-52.5549,6.97494
5,0,5.75,2.17955,0.385579,-0.283318,0,0.0964049,0.00482024,0.579414,0.848208,0.0122881,7.22424,-47.2242,4.01347
5,1,5.75,2.17955,0.385579,-0.283318,10,0.0929529,0.00464764,0.579414,0.848208,0.0122881,7.22424,-47.2242,4.01347
5,2,5.75,2.17955,0.385579,-0.283318,20,0.0857908,0.00428954,0.579414,0.848208,0.0122881,7.22424,-47.2242,4.01347
5,3,5.75,2.17955,0.385579,-0.283318,30,0.0816497,0.00408249,0.579414,0.848208,0.0122881,7.22424,-47.2242,4.01347
5,4,5.75,2.17955,0.385579,-0.283318,40,0.0745981,0.0037299,0.579414,0.848208,0.0122881,7.22424,-47.2242,4.01347
5,5,5.75,2.17955,0.385579,-0.283318,50,0.0645538,0.00322769,0.579414,0.848208,0.0122881,7.22424,-47.2242,4.01347
5,6,5.75,2.17955,0.385579,-0.283318,60,0.052466,0.0026233,0.579414,0.848208,0.0122881,7.22424,-47.2242,4.01347
5,7,5.75,2.17955,0.385579,-0.283318,70,0.046163,0.00230815,0.579414,0.848208,0.0122881,7.22424,-47.2242,4.01347
5,8,5.75,2.17955,0.385579,-0.283318,80,0.0409652,0.00204826,0.579414,0.848208,0.0122881,7.22424,-47.2242,4.01347
5,9,5.75,2.17955,0.385579,-0.283318,90,0.0299299,0.0014965,0.579414,0.848208,0.0122881,7.22424,-47.2242,4.01347
5,10,5.75,2.17955,0.385579,-0.283318,100,0.0264896,0.00132448,0.579414,0.848208,0.0122881,7.22424,-47.2242,4.01347
5,11,5.75,2.17955,0.385579,-0.283318,110,0.022694,0.0011347,0.579414,0.848208,0.0122881,7.22424,-47.2242,4.01347
5,12,5.75,2.17955,0.385579,-0.283318,120,0.021857,0.00109285,0.579414,0.848208,0.0122881,7.22424,-47.2242,4.01347
5,13,5.75,2.17955,0.385579,-0.283318,130,0.0221487,0.00110744,0.579414,0.848208,0.0122881,7.22424,-47.2242,4.01347
5,14,5.75,2.17955,0.385579,-0.283318,140,0.0205994,0.00102997,0.579414,0.848208,0.0122881,7.22424,-47.2242,4.01347
5,15,5.75,2.17955,0.385579,-0.283318,150,0.0201296,0.00100648,0.579414,0.848208,0.0122881,7.22424,-47.2242,4.01347
5,16,5.75,2.17955,0.385579,-0.283318,160,0.0196472,0.000982361,0.579414,0.848208,0.0122881,7.22424,-47.2242,4.01347
5,17,5.75,2.17955,0.385579,-0.283318,170,0.0207593,0.00103797,0.579414,0.848208,0.0122881,7.22424,-47.2242,4.01347
5,18,5.75,2.17955,0.385579,-0.283318,180,0.0208537,0.00104268,0.579414,0.848208,0.0122881,7.22424,-47.2242,4.01347
5,19,5.75,2.17955,0.385579,-0.283318,190,0.019436,0.000971801,0.579414,0.848208,0.0122881,7.22424,-47.2242,4.01347
5,20,5.75,2.17955,0.385579,-0.283318,200,0.0185467,0.000927335,0.579414,0.848208,0.0122881,7.22424,-47.2242,4.01347
5,21,5.75,2.17955,0.385579,-0.283318,210,0.0193344,0.000966719,0.579414,0.848208,0.0122881,7.22424,-47.2242,4.01347
5,22,5.75,2.17955,0.385579,-0.283318,220,0.0202069,0.00101034,0.579414,0.848208,0.0122881,7.22424,-47.2242,4.01347
5,23,5.75,2.17955,0.385579,-0.283318,230,0.0207353,0.00103677,0.579414,0.848208,0.0122881,7.22424,-47.2242,4.01347
5,24,5.75,2.17955,0.385579,-0.283318,240,0.0213794,0.00106897,0.579414,0.848208,0.0122881,7.22424,-47.2242,4.01347
5,25,5.75,2.17955,0.385579,-0.283318,250,0.0251549,0.00125775,0.579414,0.848208,0.0122881,7.22424,-47.2242,4.01347
5,26,5.75,2.17955,0.385579,-0.283318,260,0.0260838,0.00130419,0.579414,0.848208,0.0122881,7.22424,-47.2242,4.01347
5,27,5.75,2.17955,0.385579,-0.283318,270,0.0308992,0.00154496,0.579414,0.848208,0.0122881,7.22424,-47.2242,4.01347
5,28,5.75,2.17955,0.385579,-0.283318,280,0.0397509,0.00198754,0.579414,0.848208,0.0122881,7.22424,-47.2242,4.01347
5,29,5.75,2.17955,0.385579,-0.283318,290,0.0441694,0.00220847,0.579414,0.848208,0.0122881,7.22424,-47.2242,4.01347
5,30,5.75,2.17955,0.385579,-0.283318,300,0.05555,0.0027775,0.579414,0.848208,0.0122881,7.22424,-47.2242,4.01347
5,31,5.75,2.17955,0.385579,-0.283318,310,0.0615749,0.00307875,0.579414,0.848208,0.0122881,7.22424,-47.2242,4.01347
5,32,5.75,2.17955,0.385579,-0.283318,320,0.0703045,0.00351523,0.579414,0.848208,0.0122881,7.22424,-47.2242,4.01347
5,33,5.75,2.17955,0.385579,-0.283318,330,0.0812544,0.00406272,0.579414,0.848208,0.0122881,7.22424,-47.2242,4.01347
5,34,5.75,2.17955,0.385579,-0.283318,340,0.0916594,0.00458297,0.579414,0.848208,0.0122881,7.22424,-47.2242,4.01347
5,35,5.75,2.17955,0.385579,-0.283318,350,0.0916542,0.00458271,0.579414,0.848208,0.0122881,7.22424,-47.2242,4.01347
6,0,5.75,2.63258,0.345012,-0.361188,0,0.141038,0.00705188,0.512913,0.71481,0.0122881,11.7411,-51.7411,6.52283
6,1,5.75,2.63258,0.345012,-0.361188,10,0.135829,0.00679146,0.512913,0.71481,0.0122881,11.7411,-51.7411,6.52283
6,2,5.75,2.63258,0.345012,-0.361188,20,0.111107,0.00555535,0.512913,0.71481,0.0122881,11.7411,-51.7411,6.52283
6,3,5.75,2.63258,0.345012,-0.361188,30,0.102886,0.00514428,0.512913,0.71481,0.0122881,11.7411,-51.7411,6.52283
6,4,5.75,2.63258,0.345012,-0.361188,40,0.076973,0.00384865,0.512913,0.71481,0.0122881,11.7411,-51.7411,6.52283
6,5,5.75,2.63258,0.345012,-0.361188,50,0.0633984,0.00316992,0.512913,0.71481,0.0122881,11.7411,-51.7411,6.52283
6,6,5.75,2.63258,0.345012,-0.361188,60,0.0579388,0.00289694,0.512913,0.71481,0.0122881,11.7411,-51.7411,6.52283
6,7,5.75,2.63258,0.345012,-0.361188,70,0.0495612,0.00247806,0.512913,0.71481,0.0122881,11.7411,-51.7411,6.52283
6,8,5.75,2.63258,0.345012,-0.361188,80,0.0401939,0.00200969,0.512913,0.71481,0.0122881,11.7411,-51.7411,6.52283
6,9,5.75,2.63258,0.345012,-0.361188,90,0.0389971,0.00194986,0.512913,0.71481,0.0122881,11.7411,-51.7411,6.52283
6,10,5.75,2.63258,0.345012,-0.361188,100,0.0332956,0.00166478,0.512913,0.71481,0.0122881,11.7411,-51.7411,6.52283
6,11,5.75,2.63258,0.345012,-0.361188,110,0.0347719,0.00173859,0.512913,0.71481,0.0122881,11.7411,-51.7411,6.52283
6,12,5.75,2.63258,0.345012,-0.361188,120,0.0340736,0.00170368,0.512913,0.71481,0.0122881,11.7411,-51.7411,6.52283
6,13,5.75,2.63258,0.345012,-0.361188,130,0.0322008,0.00161004,0.512913,0.71481,0.0122881,11.7411,-51.7411,6.52283
6,14,5.75,2.63258,0.345012,-0.361188,140,0.0323693,0.00161846,0.512913,0.71481,0.0122881,11.7411,-51.7411,6.52283
6,15,5.75,2.63258,0.345012,-0.361188,150,0.0367248,0.00183624,0.512913,0.71481,0.0122881,11.7411,-51.7411,6.52283
6,16,5.75,2.63258,0.345012,-0.361188,160,0.033841,0.00169205,0.512913,0.71481,0.0122881,11.7411,-51.7411,6.52283
6,17,5.75,2.63258,0.345012,-0.361188,170,0.0355854,0.00177927,0.512913,0.71481,0.0122881,11.7411,-51.7411,6.52283
6,18,5.75,2.63258,0.345012,-0.361188,180,0.0342082,0.00171041,0.512913,0.71481,0.0122881,11.7411,-51.7411,6.52283
6,19,5.75,2.63258,0.345012,-0.361188,190,0.0372651,0.00186325,0.512913,0.71481,0.0122881,11.7411,-51.7411,6.52283
6,20,5.75,2.63258,0.345012,-0.361188,200,0.0384064,0.00192032,0.512913,0.71481,0.0122881,11.7411,-51.7411,6.52283
6,21,5.75,2.63258,0.345012,-0.361188,210,0.0376338,0.00188169,0.512913,0.71481,0.0122881,11.7411,-51.7411,6.52283
6,22,5.75,2.63258,0.345012,-0.361188,220,0.0376116,0.00188058,0.512913,0.71481,0.0122881,11.7411,-51.7411,6.52283
6,23,5.75,2.63258,0.345012,-0.361188,230,0.0343273,0.00171637,0.512913,0.71481,0.0122881,11.7411,-51.7411,6.52283
6,24,5.75,2.63258,0.345012,-0.361188,240,0.0327627,0.00163814,0.512913,0.71481,0.0122881,11.7411,-51.7411,6.52283
6,25,5.75,2.63258,0.345012,-0.361188,250,0.0320302,0.00160151,0.512913,0.71481,0.0122881,11.7411,-51.7411,6.52283
6,26,5.75,2.63258,0.345012,-0.361188,260,0.0380501,0.0019025,0.512913,0.71481,0.0122881,11.7411,-51.7411,6.52283
6,27,5.75,2.63258,0.345012,-0.361188,270,0.0383899,0.00191949,0.512913,0.71481,0.0122881,11.7411,-51.7411,6.52283
6,28,5.75,2.63258,0.345012,-0.361188,280,0.0438337,0.00219169,0.512913,0.71481,0.0122881,11.7411,-51.7411,6.52283
6,29,5.75,2.63258,0.345012,-0.361188,290,0.050335,0.00251675,0.512913,0.71481,0.0122881,11.7411,-51.7411,6.52283
6,30,5.75,2.63258,0.345012,-0.361188,300,0.0577825,0.00288912,0.512913,0.71481,0.0122881,11.7411,-51.7411,6.52283
6,31,5.75,2.63258,0.345012,-0.361188,310,0.0688616,0.00344308,0.512913,0.71481,0.0122881,11.7411,-51.7411,6.52283
6,32,5.75,2.63258,0.345012,-0.361188,320,0.0878667,0.00439334,0.512913,0.71481,0.0122881,11.7411,-51.7411,6.52283
6,33,5.75,2.63258,0.345012,-0.361188,330,0.104554,0.0052277,0.512913,0.71481,0.0122881,11.7411,-51.7411,6.52283
6,34,5.75,2.63258,0.345012,-0.361188,340,0.11143,0.00557149,0.512913,0.71481,0.0122881,11.7411,-51.7411,6.52283
6,35,5.75,2.63258,0.345012,-0.361188,350,0.136138,0.00680688,0.512913,0.71481,0.0122881,11.7411,-51.7411,6.52283
7,0,5.75,2.07387,0.436939,-0.291599,0,0.053167,0.00265835,0.571691,0.832437,0.0122881,7.65272,-47.6527,4.25151
7,1,5.75,2.07387,0.436939,-0.291599,10,0.0572204,0.00286102,0.571691,0.832437,0.0122881,7.65272,-47.6527,4.25151
7,2,5.75,2.07387,0.436939,-0.291599,20,0.0569857,0.00284929,0.571691,0.832437,0.0122881,7.65272,-47.6527,4.25151
7,3,5.75,2.07387,0.436939,-0.291599,30,0.0532885,0.00266443,0.571691,0.832437,0.0122881,7.65272,-47.6527,4.25151
7,4,5.75,2.07387,0.436939,-0.291599,40,0.04873,0.0024365,0.571691,0.832437,0.0122881,7.65272,-47.6527,4.25151
7,5,5.75,2.07387,0.436939,-0.291599,50,0.0443177,0.00221588,0.571691,0.832437,0.0122881,7.65272,-47.6527,4.25151
7,6,5.75,2.07387,0.436939,-0.291599,60,0.0393345,0.00196673,0.571691,0.832437,0.0122881,7.65272,-47.6527,4.25151
7,7,5.75,2.07387,0.436939,-0.291599,70,0.036105,0.00180525,0.571691,0.832437,0.0122881,7.65272,-47.6527,4.25151
7,8,5.75,2.07387,0.436939,-0.291599,80,0.0268639,0.00134319,0.571691,0.832437,0.0122881,7.65272,-47.6527,4.25151
7,9,5.75,2.07387,0.436939,-0.291599,90,0.0253685,0.00126843,0.571691,0.832437,0.0122881,7.65272,-47.6527,4.25151
7,10,5.75,2.07387,0.436939,-0.291599,100,0.0201237,0.00100619,0.571691,0.832437,0.0122881,7.65272,-47.6527,4.25151
7,11,5.75,2.07387,0.436939,-0.291599,110,0.0177618,0.000888092,0.571691,0.832437,0.0122881,7.65272,-47.6527,4.25151
7,12,5.75,2.07387,0.436939,-0.291599,120,0.0157033,0.000785165,0.571691,0.832437,0.0122881,7.65272,-47.6527,4.25151
7,13,5.75,2.07387,0.436939,-0.291599,130,0.013444,0.0006722,0.571691,0.832437,0.0122881,7.65272,-47.6527,4.25151
7,14,5.75,2.07387,0.436939,-0.291599,140,0.013204,0.000660198,0.571691,0.832437,0.0122881,7.65272,-47.6527,4.25151
7,15,5.75,2.07387,0.436939,-0.291599,150,0.0130715,0.000653577,0.571691,0.832437,0.0122881,7.65272,-47.6527,4.25151
7,16,5.75,2.07387,0.436939,-0.291599,160,0.0112644,0.000563218,0.571691,0.832437,0.0122881,7.65272,-47.6527,4.25151
7,17,5.75,2.07387,0.436939,-0.291599,170,0.0110244,0.000551221,0.571691,0.832437,0.0122881,7.65272,-47.6527,4.25151
7,18,5.75,2.07387,0.436939,-0.291599,180,0.0119193,0.000595964,0.571691,0.832437,0.0122881,7.65272,-47.6527,4.25151
7,19,5.75,2.07387,0.436939,-0.291599,190,0.0112992,0.00056496,0.571691,0.832437,0.0122881,7.65272,-47.6527,4.25151
7,20,5.75,2.07387,0.436939,-0.291599,200,0.0106534,0.000532669,0.571691,0.832437,0.0122881,7.65272,-47.6527,4.25151
7,21,5.75,2.07387,0.436939,-0.291599,210,0.0116399,0.000581993,0.571691,0.832437,0.0122881,7.65272,-47.6527,4.25151
7,22,5.75,2.07387,0.436939,-0.291599,220,0.0125243,0.000626213,0.571691,0.832437,0.0122881,7.65272,-47.6527,4.25151
7,23,5.75,2.07387,0.436939,-0.291599,230,0.0130045,0.000650223,0.571691,0.832437,0.0122881,7.65272,-47.6527,4.25151
7,24,5.75,2.07387,0.436939,-0.291599,240,0.0156379,0.000781896,0.571691,0.832437,0.0122881,7.65272,-47.6527,4.25151
7,25,5.75,2.07387,0.436939,-0.291599,250,0.0157975,0.000789876,0.571691,0.832437,0.0122881,7.65272,-47.6527,4.25151
7,26,5.75,2.07387,0.436939,-0.291599,260,0.0221618,0.00110809,0.571691,0.832437,0.0122881,7.65272,-47.6527,4.25151
7,27,5.75,2.07387,0.436939,-0.291599,270,0.0233295,0.00116647,0.571691,0.832437,0.0122881,7.65272,-47.6527,4.25151
7,28,5.75,2.07387,0.436939,-0.291599,280,0.028093,0.00140465,0.571691,0.832437,0.0122881,7.65272,-47.6527,4.25151
7,29,5.75,2.07387,0.436939,-0.291599,290,0.0334478,0.00167239,0.571691,0.832437,0.0122881,7.65272,-47.6527,4.25151
7,30,5.75,2.07387,0.436939,-0.291599,300,0.0434674,0.00217337,0.571691,0.832437,0.0122881,7.65272,-47.6527,4.25151
7,31,5.75,2.07387,0.436939,-0.291599,310,0.0403601,0.00201801,0.571691,0.832437,0.0122881,7.65272,-47.6527,4.25151
7,32,5.75,2.07387,0.436939,-0.291599,320,0.048817,0.00244085,0.571691,0.832437,0.0122881,7.65272,-47.6527,4.25151
7,33,5.75,2.07387,0.436939,-0.291599,330,0.0517764,0.00258882,0.571691,0.832437,0.0122881,7.65272,-47.6527,4.25151
7,34,5.75,2.07387,0.436939,-0.291599,340,0.0557001,0.002785,0.571691,0.832437,0.0122881,7.65272,-47.6527,4.25151
7,35,5.75,2.07387,0.436939,-0.291599,350,0.0545623,0.00272812,0.571691,0.832437,0.0122881,7.65272,-47.6527,4.25151
8,0,5.75,2.03646,0.415563,-0.373495,0,0.00613062,0.000306531,0.503541,0.696465,0.0122881,12.5549,-52.5549,6.97494
8,1,5.75,2.03646,0.415563,-0.373495,10,0.00784662,0.000392331,0.503541,0.696465,0.0122881,12.5549,-52.5549,6.97494
8,2,5.75,2.03646,0.415563,-0.373495,20,0.0120092,0.00060046,0.503541,0.696465,0.0122881,12.5549,-52.5549,6.97494
8,3,5.75,2.03646,0.415563,-0.373495,30,0.0150504,0.00075252,0.503541,0.696465,0.0122881,12.5549,-52.5549,6.97494
8,4,5.75,2.03646,0.415563,-0.373495,40,0.0193843,0.000969213,0.503541,0.696465,0.0122881,12.5549,-52.5549,6.97494
8,5,5.75,2.03646,0.415563,-0.373495,50,0.0219585,0.00109792,0.503541,0.696465,0.0122881,12.5549,-52.5549,6.97494
8,6,5.75,2.03646,0.415563,-0.373495,60,0.0253343,0.00126672,0.503541,0.696465,0.0122881,12.5549,-52.5549,6.97494
8,7,5.75,2.03646,0.415563,-0.373495,70,0.0240095,0.00120048,0.503541,0.696465,0.0122881,12.5549,-52.5549,6.97494
8,8,5.75,2.03646,0.415563,-0.373495,80,0.0208178,0.00104089,0.503541,0.696465,0.0122881,12.5549,-52.5549,6.97494
8,9,5.75,2.03646,0.415563,-0.373495,90,0.0223791,0.00111896,0.503541,0.696465,0.0122881,12.5549,-52.5549,6.97494
8,10,5.75,2.03646,0.415563,-0.373495,100,0.0211713,0.00105856,0.503541,0.696465,0.0122881,12.5549,-52.5549,6.97494
8,11,5.75,2.03646,0.415563,-0.373495,110,0.0199663,0.000998314,0.503541,0.696465,0.0122881,12.5549,-52.5549,6.97494
8,12,5.75,2.03646,0.415563,-0.373495,120,0.0203668,0.00101834,0.503541,0.696465,0.0122881,12.5549,-52.5549,6.97494
8,13,5.75,2.03646,0.415563,-0.373495,130,0.0211567,0.00105784,0.503541,0.696465,0.0122881,12.5549,-52.5549,6.97494
8,14,5.75,2.03646,0.415563,-0.373495,140,0.0228607,0.00114303,0.503541,0.696465,0.0122881,12.5549,-52.5549,6.97494
8,15,5.75,2.03646,0.415563,-0.373495,150,0.0238252,0.00119126,0.503541,0.696465,0.0122881,12.5549,-52.5549,6.97494
8,16,5.75,2.03646,0.415563,-0.373495,160,0.0230963,0.00115481,0.503541,0.696465,0.0122881,12.5549,-52.5549,6.97494
8,17,5.75,2.03646,0.415563,-0.373495,170,0.0231519,0.00115759,0.503541,0.696465,0.0122881,12.5549,-52.5549,6.97494
8,18,5.75,2.03646,0.415563,-0.373495,180,0.0272733,0.00136366,0.503541,0.696465,0.0122881,12.5549,-52.5549,6.97494
8,19,5.75,2.03646,0.415563,-0.373495,190,0.0255905,0.00127952,0.503541,0.696465,0.0122881,12.5549,-52.5549,6.97494
8,20,5.75,2.03646,0.415563,-0.373495,200,0.022337,0.00111685,0.503541,0.696465,0.0122881,12.5549,-52.5549,6.97494
8,21,5.75,2.03646,0.415563,-0.373495,210,0.0226944,0.00113472,0.503541,0.696465,0.0122881,12.5549,-52.5549,6.97494
8,22,5.75,2.03646,0.415563,-0.373495,220,0.0207683,0.00103842,0.503541,0.696465,0.0122881,12.5549,-52.5549,6.97494
8,23,5.75,2.03646,0.415563,-0.373495,230,0.0204783,0.00102392,0.503541,0.696465,0.0122881,12.5549,-52.5549,6.97494
8,24,5.75,2.03646,0.415563,-0.373495,240,0.0216637,0.00108319,0.503541,0.696465,0.0122881,12.5549,-52.5549,6.97494
8,25,5.75,2.03646,0.415563,-0.373495,250,0.0222687,0.00111344,0.503541,0.696465,0.0122881,12.5549,-52.5549,6.97494
8,26,5.75,2.03646,0.415563,-0.373495,260,0.0191523,0.000957616,0.503541,0.696465,0.0122881,12.5549,-52.5549,6.97494
8,27,5.75,2.03646,0.415563,-0.373495,270,0.0207695,0.00103847,0.503541,0.696465,0.0122881,12.5549,-52.5549,6.97494
8,28,5.75,2.03646,0.415563,-0.373495,280,0.0216717,0.00108359,0.503541,0.696465,0.0122881,12.5549,-52.5549,6.97494
8,29,5.75,2.03646,0.415563,-0.373495,290,0.0238696,0.00119348,0.503541,0.696465,0.0122881,12.5549,-52.5549,6.97494
8,30,5.75,2.03646,0.415563,-0.373495,300,0.0234499,0.0011725,0.503541,0.696465,0.0122881,12.5549,-52.5549,6.97494
8,31,5.75,2.03646,0.415563,-0.373495,310,0.0229721,0.00114861,0.503541,0.696465,0.0122881,12.5549,-52.5549,6.97494
8,32,5.75,2.03646,0.415563,-0.373495,320,0.0203604,0.00101802,0.503541,0.696465,0.0122881,12.5549,-52.5549,6.97494
8,33,5.75,2.03646,0.415563,-0.373495,330,0.0150302,0.000751512,0.503541,0.696465,0.0122881,12.5549,-52.5549,6.97494
8,34,5.75,2.03646,0.415563,-0.373495,340,0.0112129,0.000560645,0.503541,0.696465,0.0122881,12.5549,-52.5549,6.97494
8,35,5.75,2.03646,0.415563,-0.373495,350,0.0080958,0.00040479,0.503541,0.696465,0.0122881,12.5549,-52.5549,6.97494
9,0,6.75,1.95072,0.360829,-0.27869,0,0.0817076,0.00408538,0.583805,0.857205,0.0122881,6.99014,-46.9901,3.88341
9,1,6.75,1.95072,0.360829,-0.27869,10,0.0762095,0.00381048,0.583805,0.857205,0.0122881,6.99014,-46.9901,3.88341
9,2,6.75,1.95072,0.360829,-0.27869,20,0.0669277,0.00334638,0.583805,0.857205,0.0122881,6.99014,-46.9901,3.88341
9,3,6.75,1.95072,0.360829,-0.27869,30,0.0733545,0.00366773,0.583805,0.857205,0.0122881,6.99014,-46.9901,3.88341
9,4,6.75,1.95072,0.360829,-0.27869,40,0.0614392,0.00307196,0.583805,0.857205,0.0122881,6.99014,-46.9901,3.88341
9,5,6.75,1.95072,0.360829,-0.27869,50,0.0520729,0.00260364,0.583805,0.857205,0.0122881,6.99014,-46.9901,3.88341
9,6,6.75,1.95072,0.360829,-0.27869,60,0.0456955,0.00228477,0.583805,0.857205,0.0122881,6.99014,-46.9901,3.88341
9,7,6.75,1.95072,0.360829,-0.27869,70,0.0387476,0.00193738,0.583805,0.857205,0.0122881,6.99014,-46.9901,3.88341
9,8,6.75,1.95072,0.360829,-0.27869,80,0.0328119,0.0016406,0.583805,0.857205,0.0122881,6.99014,-46.9901,3.88341
9,9,6.75,1.95072,0.360829,-0.27869,90,0.029076,0.0014538,0.583805,0.857205,0.0122881,6.99014,-46.9901,3.88341
9,10,6.75,1.95072,0.360829,-0.27869,100,0.0252849,0.00126425,0.583805,0.857205,0.0122881,6.99014,-46.9901,3.88341
9,11,6.75,1.95072,0.360829,-0.27869,110,0.0215086,0.00107543,0.583805,0.857205,0.0122881,6.99014,-46.9901,3.88341
9,12,6.75,1.95072,0.360829,-0.27869,120,0.0175383,0.000876916,0.583805,0.857205,0.0122881,6.99014,-46.9901,3.88341
9,13,6.75,1.95072,0.360829,-0.27869,130,0.0181344,0.000906722,0.583805,0.857205,0.0122881,6.99014,-46.9901,3.88341
9,14,6.75,1.95072,0.360829,-0.27869,140,0.0170002,0.000850008,0.583805,0.857205,0.0122881,6.99014,-46.9901,3.88341
9,15,6.75,1.95072,0.360829,-0.27869,150,0.016982,0.000849101,0.583805,0.857205,0.0122881,6.99014,-46.9901,3.88341
9,16,6.75,1.95072,0.360829,-0.27869,160,0.0181872,0.00090936,0.583805,0.857205,0.0122881,6.99014,-46.9901,3.88341
9,17,6.75,1.95072,0.360829,-0.27869,170,0.018783,0.000939149,0.583805,0.857205,0.0122881,6.99014,-46.9901,3.88341
9,18,6.75,1.95072,0.360829,-0.27869,180,0.0188102,0.000940512,0.583805,0.857205,0.0122881,6.99014,-46.9901,3.88341
9,19,6.75,1.95072,0.360829,-0.27869,190,0.0194463,0.000972313,0.583805,0.857205,0.0122881,6.99014,-46.9901,3.88341
9,20,6.75,1.95072,0.360829,-0.27869,200,0.018564,0.000928199,0.583805,0.857205,0.0122881,6.99014,-46.9901,3.88341
9,21,6.75,1.95072,0.360829,-0.27869,210,0.0174376,0.000871878,0.583805,0.857205,0.0122881,6.99014,-46.9901,3.88341
9,22,6.75,1.95072,0.360829,-0.27869,220,0.0187916,0.000939582,0.583805,0.857205,0.0122881,6.99014,-46.9901,3.88341
9,23,6.75,1.95072,0.360829,-0.27869,230,0.0171009,0.000855046,0.583805,0.857205,0.0122881,6.99014,-46.9901,3.88341
9,24,6.75,1.95072,0.360829,-0.27869,240,0.0183647,0.000918235,0.583805,0.857205,0.0122881,6.99014,-46.9901,3.88341
9,25,6.75,1.95072,0.360829,-0.27869,250,0.0205218,0.00102609,0.583805,0.857205,0.0122881,6.99014,-46.9901,3.88341
9,26,6.75,1.95072,0.360829,-0.27869,260,0.0222387,0.00111193,0.583805,0.857205,0.0122881,6.99014,-46.9901,3.88341
9,27,6.75,1.95072,0.360829,-0.27869,270,0.0260546,0.00130273,0.583805,0.857205,0.0122881,6.99014,-46.9901,3.88341
9,28,6.75,1.95072,0.360829,-0.27869,280,0.0318144,0.00159072,0.583805,0.857205,0.0122881,6.99014,-46.9901,3.88341
9,29,6.75,1.95072,0.360829,-0.27869,290,0.0386108,0.00193054,0.583805,0.857205,0.0122881,6.99014,-46.9901,3.88341
9,30,6.75,1.95072,0.360829,-0.27869,300,0.0503682,0.00251841,0.583805,0.857205,0.0122881,6.99014,-46.9901,3.88341
9,31,6.75,1.95072,0.360829,-0.27869,310,0.0540877,0.00270439,0.583805,0.857205,0.0122881,6.99014,-46.9901,3.88341
9,32,6.75,1.95072,0.360829,-0.27869,320,0.0615852,0.00307926,0.583805,0.857205,0.0122881,6.99014,-46.9901,3.88341
9,33,6.75,1.95072,0.360829,-0.27869,330,0.0691944,0.00345972,0.583805,0.857205,0.0122881,6.99014,-46.9901,3.88341
9,34,6.75,1.95072,0.360829,-0.27869,340,0.0739004,0.00369502,0.583805,0.857205,0.0122881,6.99014,-46.9901,3.88341
9,35,6.75,1.95072,0.360829,-0.27869,350,0.0757127,0.00378564,0.583805,0.857205,0.0122881,6.99014,-46.9901,3.88341
10,0,6.75,2.17955,0.385579,-0.283318,0,0.0617293,0.00308647,0.579414,0.848208,0.0122881,7.22424,-47.2242,4.01347
10,1,6.75,2.17955,0.385579,-0.283318,10,0.0597282,0.00298641,0.579414,0.848208,0.0122881,7.22424,-47.2242,4.01347
10,2,6.75,2.17955,0.385579,-0.283318,20,0.0556751,0.00278375,0.579414,0.848208,0.0122881,7.22424,-47.2242,4.01347
10,3,6.75,2.17955,0.385579,-0.283318,30,0.0537734,0.00268867,0.579414,0.848208,0.0122881,7.22424,-47.2242,4.01347
10,4,6.75,2.17955,0.385579,-0.283318,40,0.0500006,0.00250003,0.579414,0.848208,0.0122881,7.22424,-47.2242,4.01347
10,5,6.75,2.17955,0.385579,-0.283318,50,0.0440856,0.00220428,0.579414,0.848208,0.0122881,7.22424,-47.2242,4.01347
10,6,6.75,2.17955,0.385579,-0.283318,60,0.0365056,0.00182528,0.579414,0.848208,0.0122881,7.22424,-47.2242,4.01347
10,7,6.75,2.17955,0.385579,-0.283318,70,0.0327043,0.00163522,0.579414,0.848208,0.0122881,7.22424,-47.2242,4.01347
10,8,6.75,2.17955,0.385579,-0.283318,80,0.029527,0.00147635,0.579414,0.848208,0.0122881,7.22424,-47.2242,4.01347
10,9,6.75,2.17955,0.385579,-0.283318,90,0.0219328,0.00109664,0.579414,0.848208,0.0122881,7.22424,-47.2242,4.01347
10,10,6.75,2.17955,0.385579,-0.283318,100,0.0197216,0.000986081,0.579414,0.848208,0.0122881,7.22424,-47.2242,4.01347
10,11,6.75,2.17955,0.385579,-0.283318,110,0.0171482,0.000857412,0.579414,0.848208,0.0122881,7.22424,-47.2242,4.01347
10,12,6.75,2.17955,0.385579,-0.283318,120,0.0167349,0.000836747,0.579414,0.848208,0.0122881,7.22424,-47.2242,4.01347
10,13,6.75,2.17955,0.385579,-0.283318,130,0.0171429,0.000857146,0.579414,0.848208,0.0122881,7.22424,-47.2242,4.01347
10,14,6.75,2.17955,0.385579,-0.283318,140,0.0160734,0.000803669,0.579414,0.848208,0.0122881,7.22424,-47.2242,4.01347
10,15,6.75,2.17955,0.385579,-0.283318,150,0.0157934,0.00078967,0.579414,0.848208,0.0122881,7.22424,-47.2242,4.01347
10,16,6.75,2.17955,0.385579,-0.283318,160,0.0154671,0.000773355,0.579414,0.848208,0.0122881,7.22424,-47.2242,4.01347
10,17,6.75,2.17955,0.385579,-0.283318,170,0.0163716,0.000818582,0.579414,0.848208,0.0122881,7.22424,-47.2242,4.01347
10,18,6.75,2.17955,0.385579,-0.283318,180,0.0164551,0.000822754,0.579414,0.848208,0.0122881,7.22424,-47.2242,4.01347
10,19,6.75,2.17955,0.385579,-0.283318,190,0.015328,0.000766402,0.579414,0.848208,0.0122881,7.22424,-47.2242,4.01347
10,20,6.75,2.17955,0.385579,-0.283318,200,0.0146007,0.000730036,0.579414,0.848208,0.0122881,7.22424,-47.2242,4.01347
10,21,6.75,2.17955,0.385579,-0.283318,210,0.0151695,0.000758475,0.579414,0.848208,0.0122881,7.22424,-47.2242,4.01347
10,22,6.75,2.17955,0.385579,-0.283318,220,0.0157671,0.000788354,0.579414,0.848208,0.0122881,7.22424,-47.2242,4.01347
10,23,6.75,2.17955,0.385579,-0.283318,230,0.016049,0.000802448,0.579414,0.848208,0.0122881,7.22424,-47.2242,4.01347
10,24,6.75,2.17955,0.385579,-0.283318,240,0.0163693,0.000818464,0.579414,0.848208,0.0122881,7.22424,-47.2242,4.01347
10,25,6.75,2.17955,0.385579,-0.283318,250,0.0190078,0.000950389,0.579414,0.848208,0.0122881,7.22424,-47.2242,4.01347
10,26,6.75,2.17955,0.385579,-0.283318,260,0.0194195,0.000970977,0.579414,0.848208,0.0122881,7.22424,-47.2242,4.01347
10,27,6.75,2.17955,0.385579,-0.283318,270,0.0226431,0.00113215,0.579414,0.848208,0.0122881,7.22424,-47.2242,4.01347
10,28,6.75,2.17955,0.385579,-0.283318,280,0.0286517,0.00143259,0.579414,0.848208,0.0122881,7.22424,-47.2242,4.01347
10,29,6.75,2.17955,0.385579,-0.283318,290,0.031292,0.0015646,0.579414,0.848208,0.0122881,7.22424,-47.2242,4.01347
10,30,6.75,2.17955,0.385579,-0.283318,300,0.0386514,0.00193257,0.579414,0.848208,0.0122881,7.22424,-47.2242,4.01347
10,31,6.75,2.17955,0.385579,-0.283318,310,0.0420512,0.00210256,0.579414,0.848208,0.0122881,7.22424,-47.2242,4.01347
10,32,6.75,2.17955,0.385579,-0.283318,320,0.0471227,0.00235614,0.579414,0.848208,0.0122881,7.22424,-47.2242,4.01347
10,33,6.75,2.17955,0.385579,-0.283318,330,0.053513,0.00267565,0.579414,0.848208,0.0122881,7.22424,-47.2242,4.01347
10,34,6.75,2.17955,0.385579,-0.283318,340,0.0594836,0.00297418,0.579414,0.848208,0.0122881,7.22424,-47.2242,4.01347
10,35,6.75,2.17955,0.385579,-0.283318,350,0.0588937,0.00294468,0.579414,0.848208,0.0122881,7.22424,-47.2242,4.01347
11,0,6.75,2.63258,0.345012,-0.361188,0,0.0448676,0.00224338,0.512913,0.71481,0.0122881,11.7411,-51.7411,6.52283
11,1,6.75,2.63258,0.345012,-0.361188,10,0.0448401,0.002242,0.512913,0.71481,0.0122881,11.7411,-51.7411,6.52283
11,2,6.75,2.63258,0.345012,-0.361188,20,0.040389,0.00201945,0.512913,0.71481,0.0122881,11.7411,-51.7411,6.52283
11,3,6.75,2.63258,0.345012,-0.361188,30,0.042347,0.00211735,0.512913,0.71481,0.0122881,11.7411,-51.7411,6.52283
11,4,6.75,2.63258,0.345012,-0.361188,40,0.0358776,0.00179388,0.512913,0.71481,0.0122881,11.7411,-51.7411,6.52283
11,5,6.75,2.63258,0.345012,-0.361188,50,0.0329545,0.00164773,0.512913,0.71481,0.0122881,11.7411,-51.7411,6.52283
11,6,6.75,2.63258,0.345012,-0.361188,60,0.0328925,0.00164463,0.512913,0.71481,0.0122881,11.7411,-51.7411,6.52283
11,7,6.75,2.63258,0.345012,-0.361188,70,0.0300948,0.00150474,0.512913,0.71481,0.0122881,11.7411,-51.7411,6.52283
11,8,6.75,2.63258,0.345012,-0.361188,80,0.0256267,0.00128134,0.512913,0.71481,0.0122881,11.7411,-51.7411,6.52283
11,9,6.75,2.63258,0.345012,-0.361188,90,0.0257126,0.00128563,0.512913,0.71481,0.0122881,11.7411,-51.7411,6.52283
11,10,6.75,2.63258,0.345012,-0.361188,100,0.0224421,0.00112211,0.512913,0.71481,0.0122881,11.7411,-51.7411,6.52283
11,11,6.75,2.63258,0.345012,-0.361188,110,0.0237692,0.00118846,0.512913,0.71481,0.0122881,11.7411,-51.7411,6.52283
11,12,6.75,2.63258,0.345012,-0.361188,120,0.0235069,0.00117534,0.512913,0.71481,0.0122881,11.7411,-51.7411,6.52283
11,13,6.75,2.63258,0.345012,-0.361188,130,0.0223592,0.00111796,0.512913,0.71481,0.0122881,11.7411,-51.7411,6.52283
11,14,6.75,2.63258,0.345012,-0.361188,140,0.0225882,0.00112941,0.512913,0.71481,0.0122881,11.7411,-51.7411,6.52283
11,15,6.75,2.63258,0.345012,-0.361188,150,0.0257282,0.00128641,0.512913,0.71481,0.0122881,11.7411,-51.7411,6.52283
11,16,6.75,2.63258,0.345012,-0.361188,160,0.0237771,0.00118885,0.512913,0.71481,0.0122881,11.7411,-51.7411,6.52283
11,17,6.75,2.63258,0.345012,-0.361188,170,0.0250481,0.00125241,0.512913,0.71481,0.0122881,11.7411,-51.7411,6.52283
11,18,6.75,2.63258,0.345012,-0.361188,180,0.0240936,0.00120468,0.512913,0.71481,0.0122881,11.7411,-51.7411,6.52283
11,19,6.75,2.63258,0.345012,-0.361188,190,0.0262304,0.00131152,0.512913,0.71481,0.0122881,11.7411,-51.7411,6.52283
11,20,6.75,2.63258,0.345012,-0.361188,200,0.0269847,0.00134924,0.512913,0.71481,0.0122881,11.7411,-51.7411,6.52283
11,21,6.75,2.63258,0.345012,-0.361188,210,0.0263649,0.00131825,0.512913,0.71481,0.0122881,11.7411,-51.7411,6.52283
11,22,6.75,2.63258,0.345012,-0.361188,220,0.0262464,0.00131232,0.512913,0.71481,0.0122881,11.7411,-51.7411,6.52283
11,23,6.75,2.63258,0.345012,-0.361188,230,0.0238359,0.00119179,0.512913,0.71481,0.0122881,11.7411,-51.7411,6.52283
11,24,6.75,2.63258,0.345012,-0.361188,240,0.0226025,0.00113013,0.512913,0.71481,0.0122881,11.7411,-51.7411,6.52283
11,25,6.75,2.63258,0.345012,-0.361188,250,0.021895,0.00109475,0.512913,0.71481,0.0122881,11.7411,-51.7411,6.52283
11,26,6.75,2.63258,0.345012,-0.361188,260,0.0256468,0.00128234,0.512913,0.71481,0.0122881,11.7411,-51.7411,6.52283
11,27,6.75,2.63258,0.345012,-0.361188,270,0.0253123,0.00126561,0.512913,0.71481,0.0122881,11.7411,-51.7411,6.52283
11,28,6.75,2.63258,0.345012,-0.361188,280,0.0279474,0.00139737,0.512913,0.71481,0.0122881,11.7411,-51.7411,6.52283
11,29,6.75,2.63258,0.345012,-0.361188,290,0.0305647,0.00152823,0.512913,0.71481,0.0122881,11.7411,-51.7411,6.52283
11,30,6.75,2.63258,0.345012,-0.361188,300,0.0328038,0.00164019,0.512913,0.71481,0.0122881,11.7411,-51.7411,6.52283
11,31,6.75,2.63258,0.345012,-0.361188,310,0.0357942,0.00178971,0.512913,0.71481,0.0122881,11.7411,-51.7411,6.52283
11,32,6.75,2.63258,0.345012,-0.361188,320,0.0409552,0.00204776,0.512913,0.71481,0.0122881,11.7411,-51.7411,6.52283
11,33,6.75,2.63258,0.345012,-0.361188,330,0.0430337,0.00215168,0.512913,0.71481,0.0122881,11.7411,-51.7411,6.52283
11,34,6.75,2.63258,0.345012,-0.361188,340,0.0405064,0.00202532,0.512913,0.71481,0.0122881,11.7411,-51.7411,6.52283
11,35,6.75,2.63258,0.345012,-0.361188,350,0.0449419,0.00224709,0.512913,0.71481,0.0122881,11.7411,-51.7411,6.52283
12,0,7.75,1.95072,0.360829,-0.27869,0,0.0568877,0.00284439,0.583805,0.857205,0.0122881,6.99014,-46.9901,3.88341
12,1,7.75,1.95072,0.360829,-0.27869,10,0.0532422,0.00266211,0.583805,0.857205,0.0122881,6.99014,-46.9901,3.88341
12,2,7.75,1.95072,0.360829,-0.27869,20,0.0472095,0.00236047,0.583805,0.857205,0.0122881,6.99014,-46.9901,3.88341
12,3,7.75,1.95072,0.360829,-0.27869,30,0.0524792,0.00262396,0.583805,0.857205,0.0122881,6.99014,-46.9901,3.88341
12,4,7.75,1.95072,0.360829,-0.27869,40,0.0446975,0.00223488,0.583805,0.857205,0.0122881,6.99014,-46.9901,3.88341
12,5,7.75,1.95072,0.360829,-0.27869,50,0.0385697,0.00192848,0.583805,0.857205,0.0122881,6.99014,-46.9901,3.88341
12,6,7.75,1.95072,0.360829,-0.27869,60,0.0344752,0.00172376,0.583805,0.857205,0.0122881,6.99014,-46.9901,3.88341
12,7,7.75,1.95072,0.360829,-0.27869,70,0.0297872,0.00148936,0.583805,0.857205,0.0122881,6.99014,-46.9901,3.88341
12,8,7.75,1.95072,0.360829,-0.27869,80,0.0257158,0.00128579,0.583805,0.857205,0.0122881,6.99014,-46.9901,3.88341
12,9,7.75,1.95072,0.360829,-0.27869,90,0.023246,0.0011623,0.583805,0.857205,0.0122881,6.99014,-46.9901,3.88341
12,10,7.75,1.95072,0.360829,-0.27869,100,0.0206224,0.00103112,0.583805,0.857205,0.0122881,6.99014,-46.9901,3.88341
12,11,7.75,1.95072,0.360829,-0.27869,110,0.0178708,0.000893539,0.583805,0.857205,0.0122881,6.99014,-46.9901,3.88341
12,12,7.75,1.95072,0.360829,-0.27869,120,0.0147956,0.00073978,0.583805,0.857205,0.0122881,6.99014,-46.9901,3.88341
12,13,7.75,1.95072,0.360829,-0.27869,130,0.0154609,0.000773045,0.583805,0.857205,0.0122881,6.99014,-46.9901,3.88341
12,14,7.75,1.95072,0.360829,-0.27869,140,0.0145799,0.000728997,0.583805,0.857205,0.0122881,6.99014,-46.9901,3.88341
12,15,7.75,1.95072,0.360829,-0.27869,150,0.0146004,0.000730022,0.583805,0.857205,0.0122881,6.99014,-46.9901,3.88341
12,16,7.75,1.95072,0.360829,-0.27869,160,0.0156451,0.000782254,0.583805,0.857205,0.0122881,6.99014,-46.9901,3.88341
12,17,7.75,1.95072,0.360829,-0.27869,170,0.0161551,0.000807753,0.583805,0.857205,0.0122881,6.99014,-46.9901,3.88341
12,18,7.75,1.95072,0.360829,-0.27869,180,0.0161764,0.00080882,0.583805,0.857205,0.0122881,6.99014,-46.9901,3.88341
12,19,7.75,1.95072,0.360829,-0.27869,190,0.0167255,0.000836277,0.583805,0.857205,0.0122881,6.99014,-46.9901,3.88341
12,20,7.75,1.95072,0.360829,-0.27869,200,0.0159692,0.00079846,0.583805,0.857205,0.0122881,6.99014,-46.9901,3.88341
12,21,7.75,1.95072,0.360829,-0.27869,210,0.0149921,0.000749604,0.583805,0.857205,0.0122881,6.99014,-46.9901,3.88341
12,22,7.75,1.95072,0.360829,-0.27869,220,0.0161164,0.00080582,0.583805,0.857205,0.0122881,6.99014,-46.9901,3.88341
12,23,7.75,1.95072,0.360829,-0.27869,230,0.0145798,0.000728988,0.583805,0.857205,0.0122881,6.99014,-46.9901,3.88341
12,24,7.75,1.95072,0.360829,-0.27869,240,0.0154928,0.000774638,0.583805,0.857205,0.0122881,6.99014,-46.9901,3.88341
12,25,7.75,1.95072,0.360829,-0.27869,250,0.0170509,0.000852544,0.583805,0.857205,0.0122881,6.99014,-46.9901,3.88341
12,26,7.75,1.95072,0.360829,-0.27869,260,0.0181378,0.000906891,0.583805,0.857205,0.0122881,6.99014,-46.9901,3.88341
12,27,7.75,1.95072,0.360829,-0.27869,270,0.0208304,0.00104152,0.583805,0.857205,0.0122881,6.99014,-46.9901,3.88341
12,28,7.75,1.95072,0.360829,-0.27869,280,0.024934,0.0012467,0.583805,0.857205,0.0122881,6.99014,-46.9901,3.88341
12,29,7.75,1.95072,0.360829,-0.27869,290,0.029682,0.0014841,0.583805,0.857205,0.0122881,6.99014,-46.9901,3.88341
12,30,7.75,1.95072,0.360829,-0.27869,300,0.0380005,0.00190003,0.583805,0.857205,0.0122881,6.99014,-46.9901,3.88341
12,31,7.75,1.95072,0.360829,-0.27869,310,0.040062,0.0020031,0.583805,0.857205,0.0122881,6.99014,-46.9901,3.88341
12,32,7.75,1.95072,0.360829,-0.27869,320,0.0448037,0.00224019,0.583805,0.857205,0.0122881,6.99014,-46.9901,3.88341
12,33,7.75,1.95072,0.360829,-0.27869,330,0.049503,0.00247515,0.583805,0.857205,0.0122881,6.99014,-46.9901,3.88341
12,34,7.75,1.95072,0.360829,-0.27869,340,0.0521279,0.0026064,0.583805,0.857205,0.0122881,6.99014,-46.9901,3.88341
12,35,7.75,1.95072,0.360829,-0.27869,350,0.0528951,0.00264476,0.583805,0.857205,0.0122881,6.99014,-46.9901,3.88341
13,0,7.75,2.17955,0.385579,-0.283318,0,0.0449341,0.00224671,0.579414,0.848208,0.0122881,7.22424,-47.2242,4.01347
13,1,7.75,2.17955,0.385579,-0.283318,10,0.043587,0.00217935,0.579414,0.848208,0.0122881,7.22424,-47.2242,4.01347
13,2,7.75,2.17955,0.385579,-0.283318,20,0.0409223,0.00204612,0.579414,0.848208,0.0122881,7.22424,-47.2242,4.01347
13,3,7.75,2.17955,0.385579,-0.283318,30,0.0399602,0.00199801,0.579414,0.848208,0.0122881,7.22424,-47.2242,4.01347
13,4,7.75,2.17955,0.385579,-0.283318,40,0.0376673,0.00188337,0.579414,0.848208,0.0122881,7.22424,-47.2242,4.01347
13,5,7.75,2.17955,0.385579,-0.283318,50,0.0337285,0.00168642,0.579414,0.848208,0.0122881,7.22424,-47.2242,4.01347
13,6,7.75,2.17955,0.385579,-0.283318,60,0.0284,0.00142,0.579414,0.848208,0.0122881,7.22424,-47.2242,4.01347
13,7,7.75,2.17955,0.385579,-0.283318,70,0.0258988,0.00129494,0.579414,0.848208,0.0122881,7.22424,-47.2242,4.01347
13,8,7.75,2.17955,0.385579,-0.283318,80,0.0238251,0.00119126,0.579414,0.848208,0.0122881,7.22424,-47.2242,4.01347
13,9,7.75,2.17955,0.385579,-0.283318,90,0.0180457,0.000902285,0.579414,0.848208,0.0122881,7.22424,-47.2242,4.01347
13,10,7.75,2.17955,0.385579,-0.283318,100,0.0165457,0.000827285,0.579414,0.848208,0.0122881,7.22424,-47.2242,4.01347
13,11,7.75,2.17955,0.385579,-0.283318,110,0.0146498,0.000732489,0.579414,0.848208,0.0122881,7.22424,-47.2242,4.01347
13,12,7.75,2.17955,0.385579,-0.283318,120,0.014514,0.000725702,0.579414,0.848208,0.0122881,7.22424,-47.2242,4.01347
13,13,7.75,2.17955,0.385579,-0.283318,130,0.0150302,0.000751509,0.579414,0.848208,0.0122881,7.22424,-47.2242,4.01347
13,14,7.75,2.17955,0.385579,-0.283318,140,0.0141845,0.000709227,0.579414,0.848208,0.0122881,7.22424,-47.2242,4.01347
13,15,7.75,2.17955,0.385579,-0.283318,150,0.0139804,0.00069902,0.579414,0.848208,0.0122881,7.22424,-47.2242,4.01347
13,16,7.75,2.17955,0.385579,-0.283318,160,0.013705,0.000685248,0.579414,0.848208,0.0122881,7.22424,-47.2242,4.01347
13,17,7.75,2.17955,0.385579,-0.283318,170,0.0145076,0.00072538,0.579414,0.848208,0.0122881,7.22424,-47.2242,4.01347
13,18,7.75,2.17955,0.385579,-0.283318,180,0.0145807,0.000729035,0.579414,0.848208,0.0122881,7.22424,-47.2242,4.01347
13,19,7.75,2.17955,0.385579,-0.283318,190,0.0135828,0.000679141,0.579414,0.848208,0.0122881,7.22424,-47.2242,4.01347
13,20,7.75,2.17955,0.385579,-0.283318,200,0.0129373,0.000646865,0.579414,0.848208,0.0122881,7.22424,-47.2242,4.01347
13,21,7.75,2.17955,0.385579,-0.283318,210,0.0134281,0.000671406,0.579414,0.848208,0.0122881,7.22424,-47.2242,4.01347
13,22,7.75,2.17955,0.385579,-0.283318,220,0.0139142,0.000695712,0.579414,0.848208,0.0122881,7.22424,-47.2242,4.01347
13,23,7.75,2.17955,0.385579,-0.283318,230,0.0140711,0.000703553,0.579414,0.848208,0.0122881,7.22424,-47.2242,4.01347
13,24,7.75,2.17955,0.385579,-0.283318,240,0.0141969,0.000709845,0.579414,0.848208,0.0122881,7.22424,-47.2242,4.01347
13,25,7.75,2.17955,0.385579,-0.283318,250,0.0162384,0.00081192,0.579414,0.848208,0.0122881,7.22424,-47.2242,4.01347
13,26,7.75,2.17955,0.385579,-0.283318,260,0.0162923,0.000814613,0.579414,0.848208,0.0122881,7.22424,-47.2242,4.01347
13,27,7.75,2.17955,0.385579,-0.283318,270,0.0186301,0.000931503,0.579414,0.848208,0.0122881,7.22424,-47.2242,4.01347
13,28,7.75,2.17955,0.385579,-0.283318,280,0.0231188,0.00115594,0.579414,0.848208,0.0122881,7.22424,-47.2242,4.01347
13,29,7.75,2.17955,0.385579,-0.283318,290,0.0247803,0.00123902,0.579414,0.848208,0.0122881,7.22424,-47.2242,4.01347
13,30,7.75,2.17955,0.385579,-0.283318,300,0.0300693,0.00150347,0.579414,0.848208,0.0122881,7.22424,-47.2242,4.01347
13,31,7.75,2.17955,0.385579,-0.283318,310,0.032172,0.0016086,0.579414,0.848208,0.0122881,7.22424,-47.2242,4.01347
13,32,7.75,2.17955,0.385579,-0.283318,320,0.0354994,0.00177497,0.579414,0.848208,0.0122881,7.22424,-47.2242,4.01347
13,33,7.75,2.17955,0.385579,-0.283318,330,0.0397667,0.00198834,0.579414,0.848208,0.0122881,7.22424,-47.2242,4.01347
13,34,7.75,2.17955,0.385579,-0.283318,340,0.0437216,0.00218608,0.579414,0.848208,0.0122881,7.22424,-47.2242,4.01347
13,35,7.75,2.17955,0.385579,-0.283318,350,0.042978,0.0021489,0.579414,0.848208,0.0122881,7.22424,-47.2242,4.01347
14,0,7.75,2.63258,0.345012,-0.361188,0,0.0201419,0.00100709,0.512913,0.71481,0.0122881,11.7411,-51.7411,6.52283
14,1,7.75,2.63258,0.345012,-0.361188,10,0.0208437,0.00104218,0.512913,0.71481,0.0122881,11.7411,-51.7411,6.52283
14,2,7.75,2.63258,0.345012,-0.361188,20,0.0204709,0.00102355,0.512913,0.71481,0.0122881,11.7411,-51.7411,6.52283
14,3,7.75,2.63258,0.345012,-0.361188,30,0.0238046,0.00119023,0.512913,0.71481,0.0122881,11.7411,-51.7411,6.52283
14,4,7.75,2.63258,0.345012,-0.361188,40,0.0222032,0.00111016,0.512913,0.71481,0.0122881,11.7411,-51.7411,6.52283
14,5,7.75,2.63258,0.345012,-0.361188,50,0.0220783,0.00110392,0.512913,0.71481,0.0122881,11.7411,-51.7411,6.52283
14,6,7.75,2.63258,0.345012,-0.361188,60,0.0234416,0.00117208,0.512913,0.71481,0.0122881,11.7411,-51.7411,6.52283
14,7,7.75,2.63258,0.345012,-0.361188,70,0.0224701,0.0011235,0.512913,0.71481,0.0122881,11.7411,-51.7411,6.52283
14,8,7.75,2.63258,0.345012,-0.361188,80,0.0197969,0.000989846,0.512913,0.71481,0.0122881,11.7411,-51.7411,6.52283
14,9,7.75,2.63258,0.345012,-0.361188,90,0.020343,0.00101715,0.512913,0.71481,0.0122881,11.7411,-51.7411,6.52283
14,10,7.75,2.63258,0.345012,-0.361188,100,0.0180346,0.000901732,0.512913,0.71481,0.0122881,11.7411,-51.7411,6.52283
14,11,7.75,2.63258,0.345012,-0.361188,110,0.0192765,0.000963824,0.512913,0.71481,0.0122881,11.7411,-51.7411,6.52283
14,12,7.75,2.63258,0.345012,-0.361188,120,0.0191495,0.000957473,0.512913,0.71481,0.0122881,11.7411,-51.7411,6.52283
14,13,7.75,2.63258,0.345012,-0.361188,130,0.0182424,0.000912118,0.512913,0.71481,0.0122881,11.7411,-51.7411,6.52283
14,14,7.75,2.63258,0.345012,-0.361188,140,0.0184281,0.000921406,0.512913,0.71481,0.0122881,11.7411,-51.7411,6.52283
14,15,7.75,2.63258,0.345012,-0.361188,150,0.0209754,0.00104877,0.512913,0.71481,0.0122881,11.7411,-51.7411,6.52283
14,16,7.75,2.63258,0.345012,-0.361188,160,0.0193702,0.00096851,0.512913,0.71481,0.0122881,11.7411,-51.7411,6.52283
14,17,7.75,2.63258,0.345012,-0.361188,170,0.0203948,0.00101974,0.512913,0.71481,0.0122881,11.7411,-51.7411,6.52283
14,18,7.75,2.63258,0.345012,-0.361188,180,0.0196139,0.000980696,0.512913,0.71481,0.0122881,11.7411,-51.7411,6.52283
14,19,7.75,2.63258,0.345012,-0.361188,190,0.0213575,0.00106787,0.512913,0.71481,0.0122881,11.7411,-51.7411,6.52283
14,20,7.75,2.63258,0.345012,-0.361188,200,0.0219833,0.00109917,0.512913,0.71481,0.0122881,11.7411,-51.7411,6.52283
14,21,7.75,2.63258,0.345012,-0.361188,210,0.0214946,0.00107473,0.512913,0.71481,0.0122881,11.7411,-51.7411,6.52283
14,22,7.75,2.63258,0.345012,-0.361188,220,0.0214126,0.00107063,0.512913,0.71481,0.0122881,11.7411,-51.7411,6.52283
14,23,7.75,2.63258,0.345012,-0.361188,230,0.0194471,0.000972356,0.512913,0.71481,0.0122881,11.7411,-51.7411,6.52283
14,24,7.75,2.63258,0.345012,-0.361188,240,0.0184127,0.000920637,0.512913,0.71481,0.0122881,11.7411,-51.7411,6.52283
14,25,7.75,2.63258,0.345012,-0.361188,250,0.0177566,0.000887829,0.512913,0.71481,0.0122881,11.7411,-51.7411,6.52283
14,26,7.75,2.63258,0.345012,-0.361188,260,0.0206099,0.0010305,0.512913,0.71481,0.0122881,11.7411,-51.7411,6.52283
14,27,7.75,2.63258,0.345012,-0.361188,270,0.0200262,0.00100131,0.512913,0.71481,0.0122881,11.7411,-51.7411,6.52283
14,28,7.75,2.63258,0.345012,-0.361188,280,0.0215897,0.00107948,0.512913,0.71481,0.0122881,11.7411,-51.7411,6.52283
14,29,7.75,2.63258,0.345012,-0.361188,290,0.0228209,0.00114104,0.512913,0.71481,0.0122881,11.7411,-51.7411,6.52283
14,30,7.75,2.63258,0.345012,-0.361188,300,0.0233783,0.00116892,0.512913,0.71481,0.0122881,11.7411,-51.7411,6.52283
14,31,7.75,2.63258,0.345012,-0.361188,310,0.0239808,0.00119904,0.512913,0.71481,0.0122881,11.7411,-51.7411,6.52283
14,32,7.75,2.63258,0.345012,-0.361188,320,0.0253455,0.00126728,0.512913,0.71481,0.0122881,11.7411,-51.7411,6.52283
14,33,7.75,2.63258,0.345012,-0.361188,330,0.0241907,0.00120953,0.512913,0.71481,0.0122881,11.7411,-51.7411,6.52283
14,34,7.75,2.63258,0.345012,-0.361188,340,0.0205304,0.00102652,0.512913,0.71481,0.0122881,11.7411,-51.7411,6.52283
14,35,7.75,2.63258,0.345012,-0.361188,350,0.020891,0.00104455,0.512913,0.71481,0.0122881,11.7411,-51.7411,6.52283
