#Set,index,errF,F,phi_x,QQ,x_b,t,k,F1,F2,dvcs,ReH,ReE,ReHtilde
0,0,0.00291025,0.0582049,0,1.74013,0.435095,-0.380868,3.75,0.49806,0.68579,0.0122881,13.0554,-53.0554,7.25302
0,1,0.00277981,0.0555962,10,1.74013,0.435095,-0.380868,3.75,0.49806,0.68579,0.0122881,13.0554,-53.0554,7.25302
0,2,0.00331764,0.0663528,20,1.74013,0.435095,-0.380868,3.75,0.49806,0.68579,0.0122881,13.0554,-53.0554,7.25302
0,3,0.00343274,0.0686548,30,1.74013,0.435095,-0.380868,3.75,0.49806,0.68579,0.0122881,13.0554,-53.0554,7.25302
0,4,0.00363826,0.0727651,40,1.74013,0.435095,-0.380868,3.75,0.49806,0.68579,0.0122881,13.0554,-53.0554,7.25302
0,5,0.003088,0.0617599,50,1.74013,0.435095,-0.380868,3.75,0.49806,0.68579,0.0122881,13.0554,-53.0554,7.25302
0,6,0.002888,0.0577599,60,1.74013,0.435095,-0.380868,3.75,0.49806,0.68579,0.0122881,13.0554,-53.0554,7.25302
0,7,0.00281082,0.0562165,70,1.74013,0.435095,-0.380868,3.75,0.49806,0.68579,0.0122881,13.0554,-53.0554,7.25302
0,8,0.00261178,0.0522357,80,1.74013,0.435095,-0.380868,3.75,0.49806,0.68579,0.0122881,13.0554,-53.0554,7.25302
0,9,0.0023107,0.0462141,90,1.74013,0.435095,-0.380868,3.75,0.49806,0.68579,0.0122881,13.0554,-53.0554,7.25302
0,10,0.00228343,0.0456687,100,1.74013,0.435095,-0.380868,3.75,0.49806,0.68579,0.0122881,13.0554,-53.0554,7.25302
0,11,0.00191704,0.0383408,110,1.74013,0.435095,-0.380868,3.75,0.49806,0.68579,0.0122881,13.0554,-53.0554,7.25302
0,12,0.00217756,0.0435512,120,1.74013,0.435095,-0.380868,3.75,0.49806,0.68579,0.0122881,13.0554,-53.0554,7.25302
0,13,0.00197986,0.0395972,130,1.74013,0.435095,-0.380868,3.75,0.49806,0.68579,0.0122881,13.0554,-53.0554,7.25302
0,14,0.00245753,0.0491507,140,1.74013,0.435095,-0.380868,3.75,0.49806,0.68579,0.0122881,13.0554,-53.0554,7.25302
0,15,0.00244861,0.0489722,150,1.74013,0.435095,-0.380868,3.75,0.49806,0.68579,0.0122881,13.0554,-53.0554,7.25302
0,16,0.0024806,0.049612,160,1.74013,0.435095,-0.380868,3.75,0.49806,0.68579,0.0122881,13.0554,-53.0554,7.25302
0,17,0.0027688,0.0553759,170,1.74013,0.435095,-0.380868,3.75,0.49806,0.68579,0.0122881,13.0554,-53.0554,7.25302
0,18,0.00281649,0.0563297,180,1.74013,0.435095,-0.380868,3.75,0.49806,0.68579,0.0122881,13.0554,-53.0554,7.25302
0,19,0.00261034,0.0522067,190,1.74013,0.435095,-0.380868,3.75,0.49806,0.68579,0.0122881,13.0554,-53.0554,7.25302
0,20,0.00242925,0.0485849,200,1.74013,0.435095,-0.380868,3.75,0.49806,0.68579,0.0122881,13.0554,-53.0554,7.25302
0,21,0.00239424,0.0478849,210,1.74013,0.435095,-0.380868,3.75,0.49806,0.68579,0.0122881,13.0554,-53.0554,7.25302
0,22,0.0022592,0.045184,220,1.74013,0.435095,-0.380868,3.75,0.49806,0.68579,0.0122881,13.0554,-53.0554,7.25302
0,23,0.00213519,0.0427038,230,1.74013,0.435095,-0.380868,3.75,0.49806,0.68579,0.0122881,13.0554,-53.0554,7.25302
0,24,0.00217068,0.0434136,240,1.74013,0.435095,-0.380868,3.75,0.49806,0.68579,0.0122881,13.0554,-53.0554,7.25302
0,25,0.00210169,0.0420337,250,1.74013,0.435095,-0.380868,3.75,0.49806,0.68579,0.0122881,13.0554,-53.0554,7.25302
0,26,0.00219236,0.0438472,260,1.74013,0.435095,-0.380868,3.75,0.49806,0.68579,0.0122881,13.0554,-53.0554,7.25302
0,27,0.00228918,0.0457835,270,1.74013,0.435095,-0.380868,3.75,0.49806,0.68579,0.0122881,13.0554,-53.0554,7.25302
0,28,0.00276027,0.0552054,280,1.74013,0.435095,-0.380868,3.75,0.49806,0.68579,0.0122881,13.0554,-53.0554,7.25302
0,29,0.00255109,0.0510219,290,1.74013,0.435095,-0.380868,3.75,0.49806,0.68579,0.0122881,13.0554,-53.0554,7.25302
0,30,0.00310486,0.0620971,300,1.74013,0.435095,-0.380868,3.75,0.49806,0.68579,0.0122881,13.0554,-53.0554,7.25302
0,31,0.0031881,0.0637619,310,1.74013,0.435095,-0.380868,3.75,0.49806,0.68579,0.0122881,13.0554,-53.0554,7.25302
0,32,0.00353735,0.070747,320,1.74013,0.435095,-0.380868,3.75,0.49806,0.68579,0.0122881,13.0554,-53.0554,7.25302
0,33,0.00333987,0.0667974,330,1.74013,0.435095,-0.380868,3.75,0.49806,0.68579,0.0122881,13.0554,-53.0554,7.25302
0,34,0.00327429,0.0654857,340,1.74013,0.435095,-0.380868,3.75,0.49806,0.68579,0.0122881,13.0554,-53.0554,7.25302
0,35,0.0031116,0.0622321,350,1.74013,0.435095,-0.380868,3.75,0.49806,0.68579,0.0122881,13.0554,-53.0554,7.25302
1,0,0.0113198,0.226396,0,2.03646,0.415563,-0.373495,3.75,0.503541,0.696465,0.0122881,12.5549,-52.5549,6.97494
1,1,0.0112226,0.224452,10,2.03646,0.415563,-0.373495,3.75,0.503541,0.696465,0.0122881,12.5549,-52.5549,6.97494
1,2,0.0102675,0.20535,20,2.03646,0.415563,-0.373495,3.75,0.503541,0.696465,0.0122881,12.5549,-52.5549,6.97494
1,3,0.00781897,0.156379,30,2.03646,0.415563,-0.373495,3.75,0.503541,0.696465,0.0122881,12.5549,-52.5549,6.97494
1,4,0.00671972,0.134394,40,2.03646,0.415563,-0.373495,3.75,0.503541,0.696465,0.0122881,12.5549,-52.5549,6.97494
1,5,0.00558856,0.111771,50,2.03646,0.415563,-0.373495,3.75,0.503541,0.696465,0.0122881,12.5549,-52.5549,6.97494
1,6,0.00513241,0.102648,60,2.03646,0.415563,-0.373495,3.75,0.503541,0.696465,0.0122881,12.5549,-52.5549,6.97494
1,7,0.00413194,0.0826389,70,2.03646,0.415563,-0.373495,3.75,0.503541,0.696465,0.0122881,12.5549,-52.5549,6.97494
1,8,0.00320415,0.0640831,80,2.03646,0.415563,-0.373495,3.75,0.503541,0.696465,0.0122881,12.5549,-52.5549,6.97494
1,9,0.00320594,0.0641189,90,2.03646,0.415563,-0.373495,3.75,0.503541,0.696465,0.0122881,12.5549,-52.5549,6.97494
1,10,0.00290657,0.0581313,100,2.03646,0.415563,-0.373495,3.75,0.503541,0.696465,0.0122881,12.5549,-52.5549,6.97494
1,11,0.00267744,0.0535489,110,2.03646,0.415563,-0.373495,3.75,0.503541,0.696465,0.0122881,12.5549,-52.5549,6.97494
1,12,0.00269525,0.053905,120,2.03646,0.415563,-0.373495,3.75,0.503541,0.696465,0.0122881,12.5549,-52.5549,6.97494
1,13,0.00277477,0.0554955,130,2.03646,0.415563,-0.373495,3.75,0.503541,0.696465,0.0122881,12.5549,-52.5549,6.97494
1,14,0.00297551,0.0595101,140,2.03646,0.415563,-0.373495,3.75,0.503541,0.696465,0.0122881,12.5549,-52.5549,6.97494
1,15,0.00307981,0.0615962,150,2.03646,0.415563,-0.373495,3.75,0.503541,0.696465,0.0122881,12.5549,-52.5549,6.97494
1,16,0.00296873,0.0593746,160,2.03646,0.415563,-0.373495,3.75,0.503541,0.696465,0.0122881,12.5549,-52.5549,6.97494
1,17,0.00296477,0.0592953,170,2.03646,0.415563,-0.373495,3.75,0.503541,0.696465,0.0122881,12.5549,-52.5549,6.97494
1,18,0.00348798,0.0697597,180,2.03646,0.415563,-0.373495,3.75,0.503541,0.696465,0.0122881,12.5549,-52.5549,6.97494
1,19,0.00327705,0.065541,190,2.03646,0.415563,-0.373495,3.75,0.503541,0.696465,0.0122881,12.5549,-52.5549,6.97494
1,20,0.00287114,0.0574228,200,2.03646,0.415563,-0.373495,3.75,0.503541,0.696465,0.0122881,12.5549,-52.5549,6.97494
1,21,0.00293364,0.0586727,210,2.03646,0.415563,-0.373495,3.75,0.503541,0.696465,0.0122881,12.5549,-52.5549,6.97494
1,22,0.00270318,0.0540635,220,2.03646,0.415563,-0.373495,3.75,0.503541,0.696465,0.0122881,12.5549,-52.5549,6.97494
1,23,0.0026858,0.053716,230,2.03646,0.415563,-0.373495,3.75,0.503541,0.696465,0.0122881,12.5549,-52.5549,6.97494
1,24,0.00286688,0.0573376,240,2.03646,0.415563,-0.373495,3.75,0.503541,0.696465,0.0122881,12.5549,-52.5549,6.97494
1,25,0.00298619,0.0597239,250,2.03646,0.415563,-0.373495,3.75,0.503541,0.696465,0.0122881,12.5549,-52.5549,6.97494
1,26,0.00262939,0.0525878,260,2.03646,0.415563,-0.373495,3.75,0.503541,0.696465,0.0122881,12.5549,-52.5549,6.97494
1,27,0.00297535,0.059507,270,2.03646,0.415563,-0.373495,3.75,0.503541,0.696465,0.0122881,12.5549,-52.5549,6.97494
1,28,0.00333559,0.0667118,280,2.03646,0.415563,-0.373495,3.75,0.503541,0.696465,0.0122881,12.5549,-52.5549,6.97494
1,29,0.00410786,0.0821572,290,2.03646,0.415563,-0.373495,3.75,0.503541,0.696465,0.0122881,12.5549,-52.5549,6.97494
1,30,0.00475065,0.0950129,300,2.03646,0.415563,-0.373495,3.75,0.503541,0.696465,0.0122881,12.5549,-52.5549,6.97494
1,31,0.00584655,0.116931,310,2.03646,0.415563,-0.373495,3.75,0.503541,0.696465,0.0122881,12.5549,-52.5549,6.97494
1,32,0.00705809,0.141162,320,2.03646,0.415563,-0.373495,3.75,0.503541,0.696465,0.0122881,12.5549,-52.5549,6.97494
1,33,0.0078085,0.15617,330,2.03646,0.415563,-0.373495,3.75,0.503541,0.696465,0.0122881,12.5549,-52.5549,6.97494
1,34,0.00958669,0.191734,340,2.03646,0.415563,-0.373495,3.75,0.503541,0.696465,0.0122881,12.5549,-52.5549,6.97494
1,35,0.011579,0.231579,350,2.03646,0.415563,-0.373495,3.75,0.503541,0.696465,0.0122881,12.5549,-52.5549,6.97494
2,0,0.00965295,0.193059,0,2.17955,0.385579,-0.283318,4.75,0.579414,0.848208,0.0122881,7.22424,-47.2242,4.01347
2,1,0.00925015,0.185003,10,2.17955,0.385579,-0.283318,4.75,0.579414,0.848208,0.0122881,7.22424,-47.2242,4.01347
2,2,0.00839277,0.167855,20,2.17955,0.385579,-0.283318,4.75,0.579414,0.848208,0.0122881,7.22424,-47.2242,4.01347
2,3,0.00779448,0.15589,30,2.17955,0.385579,-0.283318,4.75,0.579414,0.848208,0.0122881,7.22424,-47.2242,4.01347
2,4,0.00692752,0.13855,40,2.17955,0.385579,-0.283318,4.75,0.579414,0.848208,0.0122881,7.22424,-47.2242,4.01347
2,5,0.0058356,0.116712,50,2.17955,0.385579,-0.283318,4.75,0.579414,0.848208,0.0122881,7.22424,-47.2242,4.01347
2,6,0.00463257,0.0926515,60,2.17955,0.385579,-0.283318,4.75,0.579414,0.848208,0.0122881,7.22424,-47.2242,4.01347
2,7,0.00400079,0.0800159,70,2.17955,0.385579,-0.283318,4.75,0.579414,0.848208,0.0122881,7.22424,-47.2242,4.01347
2,8,0.00350355,0.0700709,80,2.17955,0.385579,-0.283318,4.75,0.579414,0.848208,0.0122881,7.22424,-47.2242,4.01347
2,9,0.00253837,0.0507675,90,2.17955,0.385579,-0.283318,4.75,0.579414,0.848208,0.0122881,7.22424,-47.2242,4.01347
2,10,0.0022356,0.0447119,100,2.17955,0.385579,-0.283318,4.75,0.579414,0.848208,0.0122881,7.22424,-47.2242,4.01347
2,11,0.00190856,0.0381712,110,2.17955,0.385579,-0.283318,4.75,0.579414,0.848208,0.0122881,7.22424,-47.2242,4.01347
2,12,0.00183042,0.0366085,120,2.17955,0.385579,-0.283318,4.75,0.579414,0.848208,0.0122881,7.22424,-47.2242,4.01347
2,13,0.00184344,0.0368687,130,2.17955,0.385579,-0.283318,4.75,0.579414,0.848208,0.0122881,7.22424,-47.2242,4.01347
2,14,0.00170092,0.0340183,140,2.17955,0.385579,-0.283318,4.75,0.579414,0.848208,0.0122881,7.22424,-47.2242,4.01347
2,15,0.00164818,0.0329635,150,2.17955,0.385579,-0.283318,4.75,0.579414,0.848208,0.0122881,7.22424,-47.2242,4.01347
2,16,0.00159698,0.0319397,160,2.17955,0.385579,-0.283318,4.75,0.579414,0.848208,0.0122881,7.22424,-47.2242,4.01347
2,17,0.00167916,0.0335832,170,2.17955,0.385579,-0.283318,4.75,0.579414,0.848208,0.0122881,7.22424,-47.2242,4.01347
2,18,0.00168391,0.0336782,180,2.17955,0.385579,-0.283318,4.75,0.579414,0.848208,0.0122881,7.22424,-47.2242,4.01347
2,19,0.00157212,0.0314424,190,2.17955,0.385579,-0.283318,4.75,0.579414,0.848208,0.0122881,7.22424,-47.2242,4.01347
2,20,0.00150753,0.0301506,200,2.17955,0.385579,-0.283318,4.75,0.579414,0.848208,0.0122881,7.22424,-47.2242,4.01347
2,21,0.00158307,0.0316613,210,2.17955,0.385579,-0.283318,4.75,0.579414,0.848208,0.0122881,7.22424,-47.2242,4.01347
2,22,0.0016685,0.03337,220,2.17955,0.385579,-0.283318,4.75,0.579414,0.848208,0.0122881,7.22424,-47.2242,4.01347
2,23,0.0017258,0.034516,230,2.17955,0.385579,-0.283318,4.75,0.579414,0.848208,0.0122881,7.22424,-47.2242,4.01347
2,24,0.00179043,0.0358086,240,2.17955,0.385579,-0.283318,4.75,0.579414,0.848208,0.0122881,7.22424,-47.2242,4.01347
2,25,0.00211553,0.0423105,250,2.17955,0.385579,-0.283318,4.75,0.579414,0.848208,0.0122881,7.22424,-47.2242,4.01347
2,26,0.00220135,0.0440271,260,2.17955,0.385579,-0.283318,4.75,0.579414,0.848208,0.0122881,7.22424,-47.2242,4.01347
2,27,0.00262057,0.0524115,270,2.17955,0.385579,-0.283318,4.75,0.579414,0.848208,0.0122881,7.22424,-47.2242,4.01347
2,28,0.00339969,0.0679937,280,2.17955,0.385579,-0.283318,4.75,0.579414,0.848208,0.0122881,7.22424,-47.2242,4.01347
2,29,0.00382802,0.0765604,290,2.17955,0.385579,-0.283318,4.75,0.579414,0.848208,0.0122881,7.22424,-47.2242,4.01347
2,30,0.00490488,0.0980976,300,2.17955,0.385579,-0.283318,4.75,0.579414,0.848208,0.0122881,7.22424,-47.2242,4.01347
2,31,0.00556631,0.111326,310,2.17955,0.385579,-0.283318,4.75,0.579414,0.848208,0.0122881,7.22424,-47.2242,4.01347
2,32,0.0065288,0.130576,320,2.17955,0.385579,-0.283318,4.75,0.579414,0.848208,0.0122881,7.22424,-47.2242,4.01347
2,33,0.00775675,0.155135,330,2.17955,0.385579,-0.283318,4.75,0.579414,0.848208,0.0122881,7.22424,-47.2242,4.01347
2,34,0.00896688,0.179338,340,2.17955,0.385579,-0.283318,4.75,0.579414,0.848208,0.0122881,7.22424,-47.2242,4.01347
2,35,0.00912091,0.182418,350,2.17955,0.385579,-0.283318,4.75,0.579414,0.848208,0.0122881,7.22424,-47.2242,4.01347
3,0,0.00426199,0.0852399,0,2.07387,0.436939,-0.291599,4.75,0.571691,0.832437,0.0122881,7.65272,-47.6527,4.25151
3,1,0.00457788,0.0915576,10,2.07387,0.436939,-0.291599,4.75,0.571691,0.832437,0.0122881,7.65272,-47.6527,4.25151
3,2,0.00453335,0.0906669,20,2.07387,0.436939,-0.291599,4.75,0.571691,0.832437,0.0122881,7.65272,-47.6527,4.25151
3,3,0.0042026,0.0840521,30,2.07387,0.436939,-0.291599,4.75,0.571691,0.832437,0.0122881,7.65272,-47.6527,4.25151
3,4,0.00380197,0.0760395,40,2.07387,0.436939,-0.291599,4.75,0.571691,0.832437,0.0122881,7.65272,-47.6527,4.25151
3,5,0.00341691,0.0683382,50,2.07387,0.436939,-0.291599,4.75,0.571691,0.832437,0.0122881,7.65272,-47.6527,4.25151
3,6,0.00299606,0.0599212,60,2.07387,0.436939,-0.291599,4.75,0.571691,0.832437,0.0122881,7.65272,-47.6527,4.25151
3,7,0.00271773,0.0543546,70,2.07387,0.436939,-0.291599,4.75,0.571691,0.832437,0.0122881,7.65272,-47.6527,4.25151
3,8,0.00199975,0.039995,80,2.07387,0.436939,-0.291599,4.75,0.571691,0.832437,0.0122881,7.65272,-47.6527,4.25151
3,9,0.00186918,0.0373836,90,2.07387,0.436939,-0.291599,4.75,0.571691,0.832437,0.0122881,7.65272,-47.6527,4.25151
3,10,0.00146895,0.0293791,100,2.07387,0.436939,-0.291599,4.75,0.571691,0.832437,0.0122881,7.65272,-47.6527,4.25151
3,11,0.00128563,0.0257126,110,2.07387,0.436939,-0.291599,4.75,0.571691,0.832437,0.0122881,7.65272,-47.6527,4.25151
3,12,0.00112803,0.0225607,120,2.07387,0.436939,-0.291599,4.75,0.571691,0.832437,0.0122881,7.65272,-47.6527,4.25151
3,13,0.000959329,0.0191866,130,2.07387,0.436939,-0.291599,4.75,0.571691,0.832437,0.0122881,7.65272,-47.6527,4.25151
3,14,0.000936938,0.0187388,140,2.07387,0.436939,-0.291599,4.75,0.571691,0.832437,0.0122881,7.65272,-47.6527,4.25151
3,15,0.000923458,0.0184692,150,2.07387,0.436939,-0.291599,4.75,0.571691,0.832437,0.0122881,7.65272,-47.6527,4.25151
3,16,0.000793289,0.0158658,160,2.07387,0.436939,-0.291599,4.75,0.571691,0.832437,0.0122881,7.65272,-47.6527,4.25151
3,17,0.000774941,0.0154988,170,2.07387,0.436939,-0.291599,4.75,0.571691,0.832437,0.0122881,7.65272,-47.6527,4.25151
3,18,0.000837326,0.0167465,180,2.07387,0.436939,-0.291599,4.75,0.571691,0.832437,0.0122881,7.65272,-47.6527,4.25151
3,19,0.000794257,0.0158851,190,2.07387,0.436939,-0.291599,4.75,0.571691,0.832437,0.0122881,7.65272,-47.6527,4.25151
3,20,0.000750261,0.0150052,200,2.07387,0.436939,-0.291599,4.75,0.571691,0.832437,0.0122881,7.65272,-47.6527,4.25151
3,21,0.000822315,0.0164463,210,2.07387,0.436939,-0.291599,4.75,0.571691,0.832437,0.0122881,7.65272,-47.6527,4.25151
3,22,0.000888707,0.0177741,220,2.07387,0.436939,-0.291599,4.75,0.571691,0.832437,0.0122881,7.65272,-47.6527,4.25151
3,23,0.000927964,0.0185593,230,2.07387,0.436939,-0.291599,4.75,0.571691,0.832437,0.0122881,7.65272,-47.6527,4.25151
3,24,0.00112334,0.0224668,240,2.07387,0.436939,-0.291599,4.75,0.571691,0.832437,0.0122881,7.65272,-47.6527,4.25151
3,25,0.00114345,0.0228689,250,2.07387,0.436939,-0.291599,4.75,0.571691,0.832437,0.0122881,7.65272,-47.6527,4.25151
3,26,0.00161773,0.0323545,260,2.07387,0.436939,-0.291599,4.75,0.571691,0.832437,0.0122881,7.65272,-47.6527,4.25151
3,27,0.00171894,0.0343788,270,2.07387,0.436939,-0.291599,4.75,0.571691,0.832437,0.0122881,7.65272,-47.6527,4.25151
3,28,0.00209124,0.0418249,280,2.07387,0.436939,-0.291599,4.75,0.571691,0.832437,0.0122881,7.65272,-47.6527,4.25151
3,29,0.00251772,0.0503543,290,2.07387,0.436939,-0.291599,4.75,0.571691,0.832437,0.0122881,7.65272,-47.6527,4.25151
3,30,0.00331085,0.0662171,300,2.07387,0.436939,-0.291599,4.75,0.571691,0.832437,0.0122881,7.65272,-47.6527,4.25151
3,31,0.00311178,0.0622356,310,2.07387,0.436939,-0.291599,4.75,0.571691,0.832437,0.0122881,7.65272,-47.6527,4.25151
3,32,0.00380877,0.0761753,320,2.07387,0.436939,-0.291599,4.75,0.571691,0.832437,0.0122881,7.65272,-47.6527,4.25151
3,33,0.00408335,0.0816671,330,2.07387,0.436939,-0.291599,4.75,0.571691,0.832437,0.0122881,7.65272,-47.6527,4.25151
3,34,0.00443107,0.0886214,340,2.07387,0.436939,-0.291599,4.75,0.571691,0.832437,0.0122881,7.65272,-47.6527,4.25151
3,35,0.00436523,0.0873045,350,2.07387,0.436939,-0.291599,4.75,0.571691,0.832437,0.0122881,7.65272,-47.6527,4.25151
4,0,0.00173642,0.0347284,0,2.03646,0.415563,-0.373495,4.75,0.503541,0.696465,0.0122881,12.5549,-52.5549,6.97494
4,1,0.00184061,0.0368122,10,2.03646,0.415563,-0.373495,4.75,0.503541,0.696465,0.0122881,12.5549,-52.5549,6.97494
4,2,0.00199689,0.0399379,20,2.03646,0.415563,-0.373495,4.75,0.503541,0.696465,0.0122881,12.5549,-52.5549,6.97494
4,3,0.00188074,0.0376149,30,2.03646,0.415563,-0.373495,4.75,0.503541,0.696465,0.0122881,12.5549,-52.5549,6.97494
4,4,0.00198463,0.0396926,40,2.03646,0.415563,-0.373495,4.75,0.503541,0.696465,0.0122881,12.5549,-52.5549,6.97494
4,5,0.00196365,0.0392729,50,2.03646,0.415563,-0.373495,4.75,0.503541,0.696465,0.0122881,12.5549,-52.5549,6.97494
4,6,0.00206474,0.0412949,60,2.03646,0.415563,-0.373495,4.75,0.503541,0.696465,0.0122881,12.5549,-52.5549,6.97494
4,7,0.00183471,0.0366942,70,2.03646,0.415563,-0.373495,4.75,0.503541,0.696465,0.0122881,12.5549,-52.5549,6.97494
4,8,0.00152149,0.0304298,80,2.03646,0.415563,-0.373495,4.75,0.503541,0.696465,0.0122881,12.5549,-52.5549,6.97494
4,9,0.00158761,0.0317522,90,2.03646,0.415563,-0.373495,4.75,0.503541,0.696465,0.0122881,12.5549,-52.5549,6.97494
4,10,0.00147466,0.0294931,100,2.03646,0.415563,-0.373495,4.75,0.503541,0.696465,0.0122881,12.5549,-52.5549,6.97494
4,11,0.00137747,0.0275493,110,2.03646,0.415563,-0.373495,4.75,0.503541,0.696465,0.0122881,12.5549,-52.5549,6.97494
4,12,0.00140011,0.0280022,120,2.03646,0.415563,-0.373495,4.75,0.503541,0.696465,0.0122881,12.5549,-52.5549,6.97494
4,13,0.00145426,0.0290853,130,2.03646,0.415563,-0.373495,4.75,0.503541,0.696465,0.0122881,12.5549,-52.5549,6.97494
4,14,0.00157353,0.0314706,140,2.03646,0.415563,-0.373495,4.75,0.503541,0.696465,0.0122881,12.5549,-52.5549,6.97494
4,15,0.00164257,0.0328515,150,2.03646,0.415563,-0.373495,4.75,0.503541,0.696465,0.0122881,12.5549,-52.5549,6.97494
4,16,0.00159439,0.0318877,160,2.03646,0.415563,-0.373495,4.75,0.503541,0.696465,0.0122881,12.5549,-52.5549,6.97494
4,17,0.0015995,0.03199,170,2.03646,0.415563,-0.373495,4.75,0.503541,0.696465,0.0122881,12.5549,-52.5549,6.97494
4,18,0.00188474,0.0376947,180,2.03646,0.415563,-0.373495,4.75,0.503541,0.696465,0.0122881,12.5549,-52.5549,6.97494
4,19,0.00176798,0.0353595,190,2.03646,0.415563,-0.373495,4.75,0.503541,0.696465,0.0122881,12.5549,-52.5549,6.97494
4,20,0.00154197,0.0308395,200,2.03646,0.415563,-0.373495,4.75,0.503541,0.696465,0.0122881,12.5549,-52.5549,6.97494
4,21,0.00156461,0.0312923,210,2.03646,0.415563,-0.373495,4.75,0.503541,0.696465,0.0122881,12.5549,-52.5549,6.97494
4,22,0.00142951,0.0285903,220,2.03646,0.415563,-0.373495,4.75,0.503541,0.696465,0.0122881,12.5549,-52.5549,6.97494
4,23,0.00140763,0.0281526,230,2.03646,0.415563,-0.373495,4.75,0.503541,0.696465,0.0122881,12.5549,-52.5549,6.97494
4,24,0.00148927,0.0297853,240,2.03646,0.415563,-0.373495,4.75,0.503541,0.696465,0.0122881,12.5549,-52.5549,6.97494
4,25,0.00153631,0.0307262,250,2.03646,0.415563,-0.373495,4.75,0.503541,0.696465,0.0122881,12.5549,-52.5549,6.97494
4,26,0.00133403,0.0266806,260,2.03646,0.415563,-0.373495,4.75,0.503541,0.696465,0.0122881,12.5549,-52.5549,6.97494
4,27,0.00147342,0.0294684,270,2.03646,0.415563,-0.373495,4.75,0.503541,0.696465,0.0122881,12.5549,-52.5549,6.97494
4,28,0.0015839,0.0316781,280,2.03646,0.415563,-0.373495,4.75,0.503541,0.696465,0.0122881,12.5549,-52.5549,6.97494
4,29,0.00182402,0.0364804,290,2.03646,0.415563,-0.373495,4.75,0.503541,0.696465,0.0122881,12.5549,-52.5549,6.97494
4,30,0.00191116,0.0382233,300,2.03646,0.415563,-0.373495,4.75,0.503541,0.696465,0.0122881,12.5549,-52.5549,6.97494
4,31,0.00205429,0.0410859,310,2.03646,0.415563,-0.373495,4.75,0.503541,0.696465,0.0122881,12.5549,-52.5549,6.97494
4,32,0.00208456,0.0416913,320,2.03646,0.415563,-0.373495,4.75,0.503541,0.696465,0.0122881,12.5549,-52.5549,6.97494
4,33,0.00187823,0.0375645,330,2.03646,0.415563,-0.373495,4.75,0.503541,0.696465,0.0122881,12.5549,-52.5549,6.97494
4,34,0.00186448,0.0372897,340,2.03646,0.415563,-0.373495,4.75,0.503541,0.696465,0.0122881,12.5549,-52.5549,6.97494
4,35,0.00189906,0.0379812,350,2.03646,0.415563,-0.373495,4.75,0.503541,0.696465,0.0122881,12.5549,-52.5549,6.97494
5,0,0.00482024,0.0964049,0,2.17955,0.385579,-0.283318,5.75,0.579414,0.848208,0.0122881,7.22424,-47.2242,4.01347
5,1,0.00464764,0.0929529,10,2.17955,0.385579,-0.283318,5.75,0.579414,0.848208,0.0122881,7.22424,-47.2242,4.01347
5,2,0.00428954,0.0857908,20,2.17955,0.385579,-0.283318,5.75,0.579414,0.848208,0.0122881,7.22424,-47.2242,4.01347
5,3,0.00408249,0.0816497,30,2.17955,0.385579,-0.283318,5.75,0.579414,0.848208,0.0122881,7.22424,-47.2242,4.01347
5,4,0.0037299,0.0745981,40,2.17955,0.385579,-0.283318,5.75,0.579414,0.848208,0.0122881,7.22424,-47.2242,4.01347
5,5,0.00322769,0.0645538,50,2.17955,0.385579,-0.283318,5.75,0.579414,0.848208,0.0122881,7.22424,-47.2242,4.01347
5,6,0.0026233,0.052466,60,2.17955,0.385579,-0.283318,5.75,0.579414,0.848208,0.0122881,7.22424,-47.2242,4.01347
5,7,0.00230815,0.046163,70,2.17955,0.385579,-0.283318,5.75,0.579414,0.848208,0.0122881,7.22424,-47.2242,4.01347
5,8,0.00204826,0.0409652,80,2.17955,0.385579,-0.283318,5.75,0.579414,0.848208,0.0122881,7.22424,-47.2242,4.01347
5,9,0.0014965,0.0299299,90,2.17955,0.385579,-0.283318,5.75,0.579414,0.848208,0.0122881,7.22424,-47.2242,4.01347
5,10,0.00132448,0.0264896,100,2.17955,0.385579,-0.283318,5.75,0.579414,0.848208,0.0122881,7.22424,-47.2242,4.01347
5,11,0.0011347,0.022694,110,2.17955,0.385579,-0.283318,5.75,0.579414,0.848208,0.0122881,7.22424,-47.2242,4.01347
5,12,0.00109285,0.021857,120,2.17955,0.385579,-0.283318,5.75,0.579414,0.848208,0.0122881,7.22424,-47.2242,4.01347
5,13,0.00110744,0.0221487,130,2.17955,0.385579,-0.283318,5.75,0.579414,0.848208,0.0122881,7.22424,-47.2242,4.01347
5,14,0.00102997,0.0205994,140,2.17955,0.385579,-0.283318,5.75,0.579414,0.848208,0.0122881,7.22424,-47.2242,4.01347
5,15,0.00100648,0.0201296,150,2.17955,0.385579,-0.283318,5.75,0.579414,0.848208,0.0122881,7.22424,-47.2242,4.01347
5,16,0.000982361,0.0196472,160,2.17955,0.385579,-0.283318,5.75,0.579414,0.848208,0.0122881,7.22424,-47.2242,4.01347
5,17,0.00103797,0.0207593,170,2.17955,0.385579,-0.283318,5.75,0.579414,0.848208,0.0122881,7.22424,-47.2242,4.01347
5,18,0.00104268,0.0208537,180,2.17955,0.385579,-0.283318,5.75,0.579414,0.848208,0.0122881,7.22424,-47.2242,4.01347
5,19,0.000971801,0.019436,190,2.17955,0.385579,-0.283318,5.75,0.579414,0.848208,0.0122881,7.22424,-47.2242,4.01347
5,20,0.000927335,0.0185467,200,2.17955,0.385579,-0.283318,5.75,0.579414,0.848208,0.0122881,7.22424,-47.2242,4.01347
5,21,0.000966719,0.0193344,210,2.17955,0.385579,-0.283318,5.75,0.579414,0.848208,0.0122881,7.22424,-47.2242,4.01347
5,22,0.00101034,0.0202069,220,2.17955,0.385579,-0.283318,5.75,0.579414,0.848208,0.0122881,7.22424,-47.2242,4.01347
5,23,0.00103677,0.0207353,230,2.17955,0.385579,-0.283318,5.75,0.579414,0.848208,0.0122881,7.22424,-47.2242,4.01347
5,24,0.00106897,0.0213794,240,2.17955,0.385579,-0.283318,5.75,0.579414,0.848208,0.0122881,7.22424,-47.2242,4.01347
5,25,0.00125775,0.0251549,250,2.17955,0.385579,-0.283318,5.75,0.579414,0.848208,0.0122881,7.22424,-47.2242,4.01347
5,26,0.00130419,0.0260838,260,2.17955,0.385579,-0.283318,5.75,0.579414,0.848208,0.0122881,7.22424,-47.2242,4.01347
5,27,0.00154496,0.0308992,270,2.17955,0.385579,-0.283318,5.75,0.579414,0.848208,0.0122881,7.22424,-47.2242,4.01347
5,28,0.00198754,0.0397509,280,2.17955,0.385579,-0.283318,5.75,0.579414,0.848208,0.0122881,7.22424,-47.2242,4.01347
5,29,0.00220847,0.0441694,290,2.17955,0.385579,-0.283318,5.75,0.579414,0.848208,0.0122881,7.22424,-47.2242,4.01347
5,30,0.0027775,0.05555,300,2.17955,0.385579,-0.283318,5.75,0.579414,0.848208,0.0122881,7.22424,-47.2242,4.01347
5,31,0.00307875,0.0615749,310,2.17955,0.385579,-0.283318,5.75,0.579414,0.848208,0.0122881,7.22424,-47.2242,4.01347
5,32,0.00351523,0.0703045,320,2.17955,0.385579,-0.283318,5.75,0.579414,0.848208,0.0122881,7.22424,-47.2242,4.01347
5,33,0.00406272,0.0812544,330,2.17955,0.385579,-0.283318,5.75,0.579414,0.848208,0.0122881,7.22424,-47.2242,4.01347
5,34,0.00458297,0.0916594,340,2.17955,0.385579,-0.283318,5.75,0.579414,0.848208,0.0122881,7.22424,-47.2242,4.01347
5,35,0.00458271,0.0916542,350,2.17955,0.385579,-0.283318,5.75,0.579414,0.848208,0.0122881,7.22424,-47.2242,4.01347
6,0,0.00705188,0.141038,0,2.63258,0.345012,-0.361188,5.75,0.512913,0.71481,0.0122881,11.7411,-51.7411,6.52283
6,1,0.00679146,0.135829,10,2.63258,0.345012,-0.361188,5.75,0.512913,0.71481,0.0122881,11.7411,-51.7411,6.52283
6,2,0.00555535,0.111107,20,2.63258,0.345012,-0.361188,5.75,0.512913,0.71481,0.0122881,11.7411,-51.7411,6.52283
6,3,0.00514428,0.102886,30,2.63258,0.345012,-0.361188,5.75,0.512913,0.71481,0.0122881,11.7411,-51.7411,6.52283
6,4,0.00384865,0.076973,40,2.63258,0.345012,-0.361188,5.75,0.512913,0.71481,0.0122881,11.7411,-51.7411,6.52283
6,5,0.00316992,0.0633984,50,2.63258,0.345012,-0.361188,5.75,0.512913,0.71481,0.0122881,11.7411,-51.7411,6.52283
6,6,0.00289694,0.0579388,60,2.63258,0.345012,-0.361188,5.75,0.512913,0.71481,0.0122881,11.7411,-51.7411,6.52283
6,7,0.00247806,0.0495612,70,2.63258,0.345012,-0.361188,5.75,0.512913,0.71481,0.0122881,11.7411,-51.7411,6.52283
6,8,0.00200969,0.0401939,80,2.63258,0.345012,-0.361188,5.75,0.512913,0.71481,0.0122881,11.7411,-51.7411,6.52283
6,9,0.00194986,0.0389971,90,2.63258,0.345012,-0.361188,5.75,0.512913,0.71481,0.0122881,11.7411,-51.7411,6.52283
6,10,0.00166478,0.0332956,100,2.63258,0.345012,-0.361188,5.75,0.512913,0.71481,0.0122881,11.7411,-51.7411,6.52283
6,11,0.00173859,0.0347719,110,2.63258,0.345012,-0.361188,5.75,0.512913,0.71481,0.0122881,11.7411,-51.7411,6.52283
6,12,0.00170368,0.0340736,120,2.63258,0.345012,-0.361188,5.75,0.512913,0.71481,0.0122881,11.7411,-51.7411,6.52283
6,13,0.00161004,0.0322008,130,2.63258,0.345012,-0.361188,5.75,0.512913,0.71481,0.0122881,11.7411,-51.7411,6.52283
6,14,0.00161846,0.0323693,140,2.63258,0.345012,-0.361188,5.75,0.512913,0.71481,0.0122881,11.7411,-51.7411,6.52283
6,15,0.00183624,0.0367248,150,2.63258,0.345012,-0.361188,5.75,0.512913,0.71481,0.0122881,11.7411,-51.7411,6.52283
6,16,0.00169205,0.033841,160,2.63258,0.345012,-0.361188,5.75,0.512913,0.71481,0.0122881,11.7411,-51.7411,6.52283
6,17,0.00177927,0.0355854,170,2.63258,0.345012,-0.361188,5.75,0.512913,0.71481,0.0122881,11.7411,-51.7411,6.52283
6,18,0.00171041,0.0342082,180,2.63258,0.345012,-0.361188,5.75,0.512913,0.71481,0.0122881,11.7411,-51.7411,6.52283
6,19,0.00186325,0.0372651,190,2.63258,0.345012,-0.361188,5.75,0.512913,0.71481,0.0122881,11.7411,-51.7411,6.52283
6,20,0.00192032,0.0384064,200,2.63258,0.345012,-0.361188,5.75,0.512913,0.71481,0.0122881,11.7411,-51.7411,6.52283
6,21,0.00188169,0.0376338,210,2.63258,0.345012,-0.361188,5.75,0.512913,0.71481,0.0122881,11.7411,-51.7411,6.52283
6,22,0.00188058,0.0376116,220,2.63258,0.345012,-0.361188,5.75,0.512913,0.71481,0.0122881,11.7411,-51.7411,6.52283
6,23,0.00171637,0.0343273,230,2.63258,0.345012,-0.361188,5.75,0.512913,0.71481,0.0122881,11.7411,-51.7411,6.52283
6,24,0.00163814,0.0327627,240,2.63258,0.345012,-0.361188,5.75,0.512913,0.71481,0.0122881,11.7411,-51.7411,6.52283
6,25,0.00160151,0.0320302,250,2.63258,0.345012,-0.361188,5.75,0.512913,0.71481,0.0122881,11.7411,-51.7411,6.52283
6,26,0.0019025,0.0380501,260,2.63258,0.345012,-0.361188,5.75,0.512913,0.71481,0.0122881,11.7411,-51.7411,6.52283
6,27,0.00191949,0.0383899,270,2.63258,0.345012,-0.361188,5.75,0.512913,0.71481,0.0122881,11.7411,-51.7411,6.52283
6,28,0.00219169,0.0438337,280,2.63258,0.345012,-0.361188,5.75,0.512913,0.71481,0.0122881,11.7411,-51.7411,6.52283
6,29,0.00251675,0.050335,290,2.63258,0.345012,-0.361188,5.75,0.512913,0.71481,0.0122881,11.7411,-51.7411,6.52283
6,30,0.00288912,0.0577825,300,2.63258,0.345012,-0.361188,5.75,0.512913,0.71481,0.0122881,11.7411,-51.7411,6.52283
6,31,0.00344308,0.0688616,310,2.63258,0.345012,-0.361188,5.75,0.512913,0.71481,0.0122881,11.7411,-51.7411,6.52283
6,32,0.00439334,0.0878667,320,2.63258,0.345012,-0.361188,5.75,0.512913,0.71481,0.0122881,11.7411,-51.7411,6.52283
6,33,0.0052277,0.104554,330,2.63258,0.345012,-0.361188,5.75,0.512913,0.71481,0.0122881,11.7411,-51.7411,6.52283
6,34,0.00557149,0.11143,340,2.63258,0.345012,-0.361188,5.75,0.512913,0.71481,0.0122881,11.7411,-51.7411,6.52283
6,35,0.00680688,0.136138,350,2.63258,0.345012,-0.361188,5.75,0.512913,0.71481,0.0122881,11.7411,-51.7411,6.52283
7,0,0.00265835,0.053167,0,2.07387,0.436939,-0.291599,5.75,0.571691,0.832437,0.0122881,7.65272,-47.6527,4.25151
7,1,0.00286102,0.0572204,10,2.07387,0.436939,-0.291599,5.75,0.571691,0.832437,0.0122881,7.65272,-47.6527,4.25151
7,2,0.00284929,0.0569857,20,2.07387,0.436939,-0.291599,5.75,0.571691,0.832437,0.0122881,7.65272,-47.6527,4.25151
7,3,0.00266443,0.0532885,30,2.07387,0.436939,-0.291599,5.75,0.571691,0.832437,0.0122881,7.65272,-47.6527,4.25151
7,4,0.0024365,0.04873,40,2.07387,0.436939,-0.291599,5.75,0.571691,0.832437,0.0122881,7.65272,-47.6527,4.25151
7,5,0.00221588,0.0443177,50,2.07387,0.436939,-0.291599,5.75,0.571691,0.832437,0.0122881,7.65272,-47.6527,4.25151
7,6,0.00196673,0.0393345,60,2.07387,0.436939,-0.291599,5.75,0.571691,0.832437,0.0122881,7.65272,-47.6527,4.25151
7,7,0.00180525,0.036105,70,2.07387,0.436939,-0.291599,5.75,0.571691,0.832437,0.0122881,7.65272,-47.6527,4.25151
7,8,0.00134319,0.0268639,80,2.07387,0.436939,-0.291599,5.75,0.571691,0.832437,0.0122881,7.65272,-47.6527,4.25151
7,9,0.00126843,0.0253685,90,2.07387,0.436939,-0.291599,5.75,0.571691,0.832437,0.0122881,7.65272,-47.6527,4.25151
7,10,0.00100619,0.0201237,100,2.07387,0.436939,-0.291599,5.75,0.571691,0.832437,0.0122881,7.65272,-47.6527,4.25151
7,11,0.000888092,0.0177618,110,2.07387,0.436939,-0.291599,5.75,0.571691,0.832437,0.0122881,7.65272,-47.6527,4.25151
7,12,0.000785165,0.0157033,120,2.07387,0.436939,-0.291599,5.75,0.571691,0.832437,0.0122881,7.65272,-47.6527,4.25151
7,13,0.0006722,0.013444,130,2.07387,0.436939,-0.291599,5.75,0.571691,0.832437,0.0122881,7.65272,-47.6527,4.25151
7,14,0.000660198,0.013204,140,2.07387,0.436939,-0.291599,5.75,0.571691,0.832437,0.0122881,7.65272,-47.6527,4.25151
7,15,0.000653577,0.0130715,150,2.07387,0.436939,-0.291599,5.75,0.571691,0.832437,0.0122881,7.65272,-47.6527,4.25151
7,16,0.000563218,0.0112644,160,2.07387,0.436939,-0.291599,5.75,0.571691,0.832437,0.0122881,7.65272,-47.6527,4.25151
7,17,0.000551221,0.0110244,170,2.07387,0.436939,-0.291599,5.75,0.571691,0.832437,0.0122881,7.65272,-47.6527,4.25151
7,18,0.000595964,0.0119193,180,2.07387,0.436939,-0.291599,5.75,0.571691,0.832437,0.0122881,7.65272,-47.6527,4.25151
7,19,0.00056496,0.0112992,190,2.07387,0.436939,-0.291599,5.75,0.571691,0.832437,0.0122881,7.65272,-47.6527,4.25151
7,20,0.000532669,0.0106534,200,2.07387,0.436939,-0.291599,5.75,0.571691,0.832437,0.0122881,7.65272,-47.6527,4.25151
7,21,0.000581993,0.0116399,210,2.07387,0.436939,-0.291599,5.75,0.571691,0.832437,0.0122881,7.65272,-47.6527,4.25151
7,22,0.000626213,0.0125243,220,2.07387,0.436939,-0.291599,5.75,0.571691,0.832437,0.0122881,7.65272,-47.6527,4.25151
7,23,0.000650223,0.0130045,230,2.07387,0.436939,-0.291599,5.75,0.571691,0.832437,0.0122881,7.65272,-47.6527,4.25151
7,24,0.000781896,0.0156379,240,2.07387,0.436939,-0.291599,5.75,0.571691,0.832437,0.0122881,7.65272,-47.6527,4.25151
7,25,0.000789876,0.0157975,250,2.07387,0.436939,-0.291599,5.75,0.571691,0.832437,0.0122881,7.65272,-47.6527,4.25151
7,26,0.00110809,0.0221618,260,2.07387,0.436939,-0.291599,5.75,0.571691,0.832437,0.0122881,7.65272,-47.6527,4.25151
7,27,0.00116647,0.0233295,270,2.07387,0.436939,-0.291599,5.75,0.571691,0.832437,0.0122881,7.65272,-47.6527,4.25151
7,28,0.00140465,0.028093,280,2.07387,0.436939,-0.291599,5.75,0.571691,0.832437,0.0122881,7.65272,-47.6527,4.25151
7,29,0.00167239,0.0334478,290,2.07387,0.436939,-0.291599,5.75,0.571691,0.832437,0.0122881,7.65272,-47.6527,4.25151
7,30,0.00217337,0.0434674,300,2.07387,0.436939,-0.291599,5.75,0.571691,0.832437,0.0122881,7.65272,-47.6527,4.25151
7,31,0.00201801,0.0403601,310,2.07387,0.436939,-0.291599,5.75,0.571691,0.832437,0.0122881,7.65272,-47.6527,4.25151
7,32,0.00244085,0.048817,320,2.07387,0.436939,-0.291599,5.75,0.571691,0.832437,0.0122881,7.65272,-47.6527,4.25151
7,33,0.00258882,0.0517764,330,2.07387,0.436939,-0.291599,5.75,0.571691,0.832437,0.0122881,7.65272,-47.6527,4.25151
7,34,0.002785,0.0557001,340,2.07387,0.436939,-0.291599,5.75,0.571691,0.832437,0.0122881,7.65272,-47.6527,4.25151
7,35,0.00272812,0.0545623,350,2.07387,0.436939,-0.291599,5.75,0.571691,0.832437,0.0122881,7.65272,-47.6527,4.25151
8,0,0.000306531,0.00613062,0,2.03646,0.415563,-0.373495,5.75,0.503541,0.696465,0.0122881,12.5549,-52.5549,6.97494
8,1,0.000392331,0.00784662,10,2.03646,0.415563,-0.373495,5.75,0.503541,0.696465,0.0122881,12.5549,-52.5549,6.97494
8,2,0.00060046,0.0120092,20,2.03646,0.415563,-0.373495,5.75,0.503541,0.696465,0.0122881,12.5549,-52.5549,6.97494
8,3,0.00075252,0.0150504,30,2.03646,0.415563,-0.373495,5.75,0.503541,0.696465,0.0122881,12.5549,-52.5549,6.97494
8,4,0.000969213,0.0193843,40,2.03646,0.415563,-0.373495,5.75,0.503541,0.696465,0.0122881,12.5549,-52.5549,6.97494
8,5,0.00109792,0.0219585,50,2.03646,0.415563,-0.373495,5.75,0.503541,0.696465,0.0122881,12.5549,-52.5549,6.97494
8,6,0.00126672,0.0253343,60,2.03646,0.415563,-0.373495,5.75,0.503541,0.696465,0.0122881,12.5549,-52.5549,6.97494
8,7,0.00120048,0.0240095,70,2.03646,0.415563,-0.373495,5.75,0.503541,0.696465,0.0122881,12.5549,-52.5549,6.97494
8,8,0.00104089,0.0208178,80,2.03646,0.415563,-0.373495,5.75,0.503541,0.696465,0.0122881,12.5549,-52.5549,6.97494
8,9,0.00111896,0.0223791,90,2.03646,0.415563,-0.373495,5.75,0.503541,0.696465,0.0122881,12.5549,-52.5549,6.97494
8,10,0.00105856,0.0211713,100,2.03646,0.415563,-0.373495,5.75,0.503541,0.696465,0.0122881,12.5549,-52.5549,6.97494
8,11,0.000998314,0.0199663,110,2.03646,0.415563,-0.373495,5.75,0.503541,0.696465,0.0122881,12.5549,-52.5549,6.97494
8,12,0.00101834,0.0203668,120,2.03646,0.415563,-0.373495,5.75,0.503541,0.696465,0.0122881,12.5549,-52.5549,6.97494
8,13,0.00105784,0.0211567,130,2.03646,0.415563,-0.373495,5.75,0.503541,0.696465,0.0122881,12.5549,-52.5549,6.97494
8,14,0.00114303,0.0228607,140,2.03646,0.415563,-0.373495,5.75,0.503541,0.696465,0.0122881,12.5549,-52.5549,6.97494
8,15,0.00119126,0.0238252,150,2.03646,0.415563,-0.373495,5.75,0.503541,0.696465,0.0122881,12.5549,-52.5549,6.97494
8,16,0.00115481,0.0230963,160,2.03646,0.415563,-0.373495,5.75,0.503541,0.696465,0.0122881,12.5549,-52.5549,6.97494
8,17,0.00115759,0.0231519,170,2.03646,0.415563,-0.373495,5.75,0.503541,0.696465,0.0122881,12.5549,-52.5549,6.97494
8,18,0.00136366,0.0272733,180,2.03646,0.415563,-0.373495,5.75,0.503541,0.696465,0.0122881,12.5549,-52.5549,6.97494
8,19,0.00127952,0.0255905,190,2.03646,0.415563,-0.373495,5.75,0.503541,0.696465,0.0122881,12.5549,-52.5549,6.97494
8,20,0.00111685,0.022337,200,2.03646,0.415563,-0.373495,5.75,0.503541,0.696465,0.0122881,12.5549,-52.5549,6.97494
8,21,0.00113472,0.0226944,210,2.03646,0.415563,-0.373495,5.75,0.503541,0.696465,0.0122881,12.5549,-52.5549,6.97494
8,22,0.00103842,0.0207683,220,2.03646,0.415563,-0.373495,5.75,0.503541,0.696465,0.0122881,12.5549,-52.5549,6.97494
8,23,0.00102392,0.0204783,230,2.03646,0.415563,-0.373495,5.75,0.503541,0.696465,0.0122881,12.5549,-52.5549,6.97494
8,24,0.00108319,0.0216637,240,2.03646,0.415563,-0.373495,5.75,0.503541,0.696465,0.0122881,12.5549,-52.5549,6.97494
8,25,0.00111344,0.0222687,250,2.03646,0.415563,-0.373495,5.75,0.503541,0.696465,0.0122881,12.5549,-52.5549,6.97494
8,26,0.000957616,0.0191523,260,2.03646,0.415563,-0.373495,5.75,0.503541,0.696465,0.0122881,12.5549,-52.5549,6.97494
8,27,0.00103847,0.0207695,270,2.03646,0.415563,-0.373495,5.75,0.503541,0.696465,0.0122881,12.5549,-52.5549,6.97494
8,28,0.00108359,0.0216717,280,2.03646,0.415563,-0.373495,5.75,0.503541,0.696465,0.0122881,12.5549,-52.5549,6.97494
8,29,0.00119348,0.0238696,290,2.03646,0.415563,-0.373495,5.75,0.503541,0.696465,0.0122881,12.5549,-52.5549,6.97494
8,30,0.0011725,0.0234499,300,2.03646,0.415563,-0.373495,5.75,0.503541,0.696465,0.0122881,12.5549,-52.5549,6.97494
8,31,0.00114861,0.0229721,310,2.03646,0.415563,-0.373495,5.75,0.503541,0.696465,0.0122881,12.5549,-52.5549,6.97494
8,32,0.00101802,0.0203604,320,2.03646,0.415563,-0.373495,5.75,0.503541,0.696465,0.0122881,12.5549,-52.5549,6.97494
8,33,0.000751512,0.0150302,330,2.03646,0.415563,-0.373495,5.75,0.503541,0.696465,0.0122881,12.5549,-52.5549,6.97494
8,34,0.000560645,0.0112129,340,2.03646,0.415563,-0.373495,5.75,0.503541,0.696465,0.0122881,12.5549,-52.5549,6.97494
8,35,0.00040479,0.0080958,350,2.03646,0.415563,-0.373495,5.75,0.503541,0.696465,0.0122881,12.5549,-52.5549,6.97494
9,0,0.00408538,0.0817076,0,1.95072,0.360829,-0.27869,6.75,0.583805,0.857205,0.0122881,6.99014,-46.9901,3.88341
9,1,0.00381048,0.0762095,10,1.95072,0.360829,-0.27869,6.75,0.583805,0.857205,0.0122881,6.99014,-46.9901,3.88341
9,2,0.00334638,0.0669277,20,1.95072,0.360829,-0.27869,6.75,0.583805,0.857205,0.0122881,6.99014,-46.9901,3.88341
9,3,0.00366773,0.0733545,30,1.95072,0.360829,-0.27869,6.75,0.583805,0.857205,0.0122881,6.99014,-46.9901,3.88341
9,4,0.00307196,0.0614392,40,1.95072,0.360829,-0.27869,6.75,0.583805,0.857205,0.0122881,6.99014,-46.9901,3.88341
9,5,0.00260364,0.0520729,50,1.95072,0.360829,-0.27869,6.75,0.583805,0.857205,0.0122881,6.99014,-46.9901,3.88341
9,6,0.00228477,0.0456955,60,1.95072,0.360829,-0.27869,6.75,0.583805,0.857205,0.0122881,6.99014,-46.9901,3.88341
9,7,0.00193738,0.0387476,70,1.95072,0.360829,-0.27869,6.75,0.583805,0.857205,0.0122881,6.99014,-46.9901,3.88341
9,8,0.0016406,0.0328119,80,1.95072,0.360829,-0.27869,6.75,0.583805,0.857205,0.0122881,6.99014,-46.9901,3.88341
9,9,0.0014538,0.029076,90,1.95072,0.360829,-0.27869,6.75,0.583805,0.857205,0.0122881,6.99014,-46.9901,3.88341
9,10,0.00126425,0.0252849,100,1.95072,0.360829,-0.27869,6.75,0.583805,0.857205,0.0122881,6.99014,-46.9901,3.88341
9,11,0.00107543,0.0215086,110,1.95072,0.360829,-0.27869,6.75,0.583805,0.857205,0.0122881,6.99014,-46.9901,3.88341
9,12,0.000876916,0.0175383,120,1.95072,0.360829,-0.27869,6.75,0.583805,0.857205,0.0122881,6.99014,-46.9901,3.88341
9,13,0.000906722,0.0181344,130,1.95072,0.360829,-0.27869,6.75,0.583805,0.857205,0.0122881,6.99014,-46.9901,3.88341
9,14,0.000850008,0.0170002,140,1.95072,0.360829,-0.27869,6.75,0.583805,0.857205,0.0122881,6.99014,-46.9901,3.88341
9,15,0.000849101,0.016982,150,1.95072,0.360829,-0.27869,6.75,0.583805,0.857205,0.0122881,6.99014,-46.9901,3.88341
9,16,0.00090936,0.0181872,160,1.95072,0.360829,-0.27869,6.75,0.583805,0.857205,0.0122881,6.99014,-46.9901,3.88341
9,17,0.000939149,0.018783,170,1.95072,0.360829,-0.27869,6.75,0.583805,0.857205,0.0122881,6.99014,-46.9901,3.88341
9,18,0.000940512,0.0188102,180,1.95072,0.360829,-0.27869,6.75,0.583805,0.857205,0.0122881,6.99014,-46.9901,3.88341
9,19,0.000972313,0.0194463,190,1.95072,0.360829,-0.27869,6.75,0.583805,0.857205,0.0122881,6.99014,-46.9901,3.88341
9,20,0.000928199,0.018564,200,1.95072,0.360829,-0.27869,6.75,0.583805,0.857205,0.0122881,6.99014,-46.9901,3.88341
9,21,0.000871878,0.0174376,210,1.95072,0.360829,-0.27869,6.75,0.583805,0.857205,0.0122881,6.99014,-46.9901,3.88341
9,22,0.000939582,0.0187916,220,1.95072,0.360829,-0.27869,6.75,0.583805,0.857205,0.0122881,6.99014,-46.9901,3.88341
9,23,0.000855046,0.0171009,230,1.95072,0.360829,-0.27869,6.75,0.583805,0.857205,0.0122881,6.99014,-46.9901,3.88341
9,24,0.000918235,0.0183647,240,1.95072,0.360829,-0.27869,6.75,0.583805,0.857205,0.0122881,6.99014,-46.9901,3.88341
9,25,0.00102609,0.0205218,250,1.95072,0.360829,-0.27869,6.75,0.583805,0.857205,0.0122881,6.99014,-46.9901,3.88341
9,26,0.00111193,0.0222387,260,1.95072,0.360829,-0.27869,6.75,0.583805,0.857205,0.0122881,6.99014,-46.9901,3.88341
9,27,0.00130273,0.0260546,270,1.95072,0.360829,-0.27869,6.75,0.583805,0.857205,0.0122881,6.99014,-46.9901,3.88341
9,28,0.00159072,0.0318144,280,1.95072,0.360829,-0.27869,6.75,0.583805,0.857205,0.0122881,6.99014,-46.9901,3.88341
9,29,0.00193054,0.0386108,290,1.95072,0.360829,-0.27869,6.75,0.583805,0.857205,0.0122881,6.99014,-46.9901,3.88341
9,30,0.00251841,0.0503682,300,1.95072,0.360829,-0.27869,6.75,0.583805,0.857205,0.0122881,6.99014,-46.9901,3.88341
9,31,0.00270439,0.0540877,310,1.95072,0.360829,-0.27869,6.75,0.583805,0.857205,0.0122881,6.99014,-46.9901,3.88341
9,32,0.00307926,0.0615852,320,1.95072,0.360829,-0.27869,6.75,0.583805,0.857205,0.0122881,6.99014,-46.9901,3.88341
9,33,0.00345972,0.0691944,330,1.95072,0.360829,-0.27869,6.75,0.583805,0.857205,0.0122881,6.99014,-46.9901,3.88341
9,34,0.00369502,0.0739004,340,1.95072,0.360829,-0.27869,6.75,0.583805,0.857205,0.0122881,6.99014,-46.9901,3.88341
9,35,0.00378564,0.0757127,350,1.95072,0.360829,-0.27869,6.75,0.583805,0.857205,0.0122881,6.99014,-46.9901,3.88341
10,0,0.00308647,0.0617293,0,2.17955,0.385579,-0.283318,6.75,0.579414,0.848208,0.0122881,7.22424,-47.2242,4.01347
10,1,0.00298641,0.0597282,10,2.17955,0.385579,-0.283318,6.75,0.579414,0.848208,0.0122881,7.22424,-47.2242,4.01347
10,2,0.00278375,0.0556751,20,2.17955,0.385579,-0.283318,6.75,0.579414,0.848208,0.0122881,7.22424,-47.2242,4.01347
10,3,0.00268867,0.0537734,30,2.17955,0.385579,-0.283318,6.75,0.579414,0.848208,0.0122881,7.22424,-47.2242,4.01347
10,4,0.00250003,0.0500006,40,2.17955,0.385579,-0.283318,6.75,0.579414,0.848208,0.0122881,7.22424,-47.2242,4.01347
10,5,0.00220428,0.0440856,50,2.17955,0.385579,-0.283318,6.75,0.579414,0.848208,0.0122881,7.22424,-47.2242,4.01347
10,6,0.00182528,0.0365056,60,2.17955,0.385579,-0.283318,6.75,0.579414,0.848208,0.0122881,7.22424,-47.2242,4.01347
10,7,0.00163522,0.0327043,70,2.17955,0.385579,-0.283318,6.75,0.579414,0.848208,0.0122881,7.22424,-47.2242,4.01347
10,8,0.00147635,0.029527,80,2.17955,0.385579,-0.283318,6.75,0.579414,0.848208,0.0122881,7.22424,-47.2242,4.01347
10,9,0.00109664,0.0219328,90,2.17955,0.385579,-0.283318,6.75,0.579414,0.848208,0.0122881,7.22424,-47.2242,4.01347
10,10,0.000986081,0.0197216,100,2.17955,0.385579,-0.283318,6.75,0.579414,0.848208,0.0122881,7.22424,-47.2242,4.01347
10,11,0.000857412,0.0171482,110,2.17955,0.385579,-0.283318,6.75,0.579414,0.848208,0.0122881,7.22424,-47.2242,4.01347
10,12,0.000836747,0.0167349,120,2.17955,0.385579,-0.283318,6.75,0.579414,0.848208,0.0122881,7.22424,-47.2242,4.01347
10,13,0.000857146,0.0171429,130,2.17955,0.385579,-0.283318,6.75,0.579414,0.848208,0.0122881,7.22424,-47.2242,4.01347
10,14,0.000803669,0.0160734,140,2.17955,0.385579,-0.283318,6.75,0.579414,0.848208,0.0122881,7.22424,-47.2242,4.01347
10,15,0.00078967,0.0157934,150,2.17955,0.385579,-0.283318,6.75,0.579414,0.848208,0.0122881,7.22424,-47.2242,4.01347
10,16,0.000773355,0.0154671,160,2.17955,0.385579,-0.283318,6.75,0.579414,0.848208,0.0122881,7.22424,-47.2242,4.01347
10,17,0.000818582,0.0163716,170,2.17955,0.385579,-0.283318,6.75,0.579414,0.848208,0.0122881,7.22424,-47.2242,4.01347
10,18,0.000822754,0.0164551,180,2.17955,0.385579,-0.283318,6.75,0.579414,0.848208,0.0122881,7.22424,-47.2242,4.01347
10,19,0.000766402,0.015328,190,2.17955,0.385579,-0.283318,6.75,0.579414,0.848208,0.0122881,7.22424,-47.2242,4.01347
10,20,0.000730036,0.0146007,200,2.17955,0.385579,-0.283318,6.75,0.579414,0.848208,0.0122881,7.22424,-47.2242,4.01347
10,21,0.000758475,0.0151695,210,2.17955,0.385579,-0.283318,6.75,0.579414,0.848208,0.0122881,7.22424,-47.2242,4.01347
10,22,0.000788354,0.0157671,220,2.17955,0.385579,-0.283318,6.75,0.579414,0.848208,0.0122881,7.22424,-47.2242,4.01347
10,23,0.000802448,0.016049,230,2.17955,0.385579,-0.283318,6.75,0.579414,0.848208,0.0122881,7.22424,-47.2242,4.01347
10,24,0.000818464,0.0163693,240,2.17955,0.385579,-0.283318,6.75,0.579414,0.848208,0.0122881,7.22424,-47.2242,4.01347
10,25,0.000950389,0.0190078,250,2.17955,0.385579,-0.283318,6.75,0.579414,0.848208,0.0122881,7.22424,-47.2242,4.01347
10,26,0.000970977,0.0194195,260,2.17955,0.385579,-0.283318,6.75,0.579414,0.848208,0.0122881,7.22424,-47.2242,4.01347
10,27,0.00113215,0.0226431,270,2.17955,0.385579,-0.283318,6.75,0.579414,0.848208,0.0122881,7.22424,-47.2242,4.01347
10,28,0.00143259,0.0286517,280,2.17955,0.385579,-0.283318,6.75,0.579414,0.848208,0.0122881,7.22424,-47.2242,4.01347
10,29,0.0015646,0.031292,290,2.17955,0.385579,-0.283318,6.75,0.579414,0.848208,0.0122881,7.22424,-47.2242,4.01347
10,30,0.00193257,0.0386514,300,2.17955,0.385579,-0.283318,6.75,0.579414,0.848208,0.0122881,7.22424,-47.2242,4.01347
10,31,0.00210256,0.0420512,310,2.17955,0.385579,-0.283318,6.75,0.579414,0.848208,0.0122881,7.22424,-47.2242,4.01347
10,32,0.00235614,0.0471227,320,2.17955,0.385579,-0.283318,6.75,0.579414,0.848208,0.0122881,7.22424,-47.2242,4.01347
10,33,0.00267565,0.053513,330,2.17955,0.385579,-0.283318,6.75,0.579414,0.848208,0.0122881,7.22424,-47.2242,4.01347
10,34,0.00297418,0.0594836,340,2.17955,0.385579,-0.283318,6.75,0.579414,0.848208,0.0122881,7.22424,-47.2242,4.01347
10,35,0.00294468,0.0588937,350,2.17955,0.385579,-0.283318,6.75,0.579414,0.848208,0.0122881,7.22424,-47.2242,4.01347
11,0,0.00224338,0.0448676,0,2.63258,0.345012,-0.361188,6.75,0.512913,0.71481,0.0122881,11.7411,-51.7411,6.52283
11,1,0.002242,0.0448401,10,2.63258,0.345012,-0.361188,6.75,0.512913,0.71481,0.0122881,11.7411,-51.7411,6.52283
11,2,0.00201945,0.040389,20,2.63258,0.345012,-0.361188,6.75,0.512913,0.71481,0.0122881,11.7411,-51.7411,6.52283
11,3,0.00211735,0.042347,30,2.63258,0.345012,-0.361188,6.75,0.512913,0.71481,0.0122881,11.7411,-51.7411,6.52283
11,4,0.00179388,0.0358776,40,2.63258,0.345012,-0.361188,6.75,0.512913,0.71481,0.0122881,11.7411,-51.7411,6.52283
11,5,0.00164773,0.0329545,50,2.63258,0.345012,-0.361188,6.75,0.512913,0.71481,0.0122881,11.7411,-51.7411,6.52283
11,6,0.00164463,0.0328925,60,2.63258,0.345012,-0.361188,6.75,0.512913,0.71481,0.0122881,11.7411,-51.7411,6.52283
11,7,0.00150474,0.0300948,70,2.63258,0.345012,-0.361188,6.75,0.512913,0.71481,0.0122881,11.7411,-51.7411,6.52283
11,8,0.00128134,0.0256267,80,2.63258,0.345012,-0.361188,6.75,0.512913,0.71481,0.0122881,11.7411,-51.7411,6.52283
11,9,0.00128563,0.0257126,90,2.63258,0.345012,-0.361188,6.75,0.512913,0.71481,0.0122881,11.7411,-51.7411,6.52283
11,10,0.00112211,0.0224421,100,2.63258,0.345012,-0.361188,6.75,0.512913,0.71481,0.0122881,11.7411,-51.7411,6.52283
11,11,0.00118846,0.0237692,110,2.63258,0.345012,-0.361188,6.75,0.512913,0.71481,0.0122881,11.7411,-51.7411,6.52283
11,12,0.00117534,0.0235069,120,2.63258,0.345012,-0.361188,6.75,0.512913,0.71481,0.0122881,11.7411,-51.7411,6.52283
11,13,0.00111796,0.0223592,130,2.63258,0.345012,-0.361188,6.75,0.512913,0.71481,0.0122881,11.7411,-51.7411,6.52283
11,14,0.00112941,0.0225882,140,2.63258,0.345012,-0.361188,6.75,0.512913,0.71481,0.0122881,11.7411,-51.7411,6.52283
11,15,0.00128641,0.0257282,150,2.63258,0.345012,-0.361188,6.75,0.512913,0.71481,0.0122881,11.7411,-51.7411,6.52283
11,16,0.00118885,0.0237771,160,2.63258,0.345012,-0.361188,6.75,0.512913,0.71481,0.0122881,11.7411,-51.7411,6.52283
11,17,0.00125241,0.0250481,170,2.63258,0.345012,-0.361188,6.75,0.512913,0.71481,0.0122881,11.7411,-51.7411,6.52283
11,18,0.00120468,0.0240936,180,2.63258,0.345012,-0.361188,6.75,0.512913,0.71481,0.0122881,11.7411,-51.7411,6.52283
11,19,0.00131152,0.0262304,190,2.63258,0.345012,-0.361188,6.75,0.512913,0.71481,0.0122881,11.7411,-51.7411,6.52283
11,20,0.00134924,0.0269847,200,2.63258,0.345012,-0.361188,6.75,0.512913,0.71481,0.0122881,11.7411,-51.7411,6.52283
11,21,0.00131825,0.0263649,210,2.63258,0.345012,-0.361188,6.75,0.512913,0.71481,0.0122881,11.7411,-51.7411,6.52283
11,22,0.00131232,0.0262464,220,2.63258,0.345012,-0.361188,6.75,0.512913,0.71481,0.0122881,11.7411,-51.7411,6.52283
11,23,0.00119179,0.0238359,230,2.63258,0.345012,-0.361188,6.75,0.512913,0.71481,0.0122881,11.7411,-51.7411,6.52283
11,24,0.00113013,0.0226025,240,2.63258,0.345012,-0.361188,6.75,0.512913,0.71481,0.0122881,11.7411,-51.7411,6.52283
11,25,0.00109475,0.021895,250,2.63258,0.345012,-0.361188,6.75,0.512913,0.71481,0.0122881,11.7411,-51.7411,6.52283
11,26,0.00128234,0.0256468,260,2.63258,0.345012,-0.361188,6.75,0.512913,0.71481,0.0122881,11.7411,-51.7411,6.52283
11,27,0.00126561,0.0253123,270,2.63258,0.345012,-0.361188,6.75,0.512913,0.71481,0.0122881,11.7411,-51.7411,6.52283
11,28,0.00139737,0.0279474,280,2.63258,0.345012,-0.361188,6.75,0.512913,0.71481,0.0122881,11.7411,-51.7411,6.52283
11,29,0.00152823,0.0305647,290,2.63258,0.345012,-0.361188,6.75,0.512913,0.71481,0.0122881,11.7411,-51.7411,6.52283
11,30,0.00164019,0.0328038,300,2.63258,0.345012,-0.361188,6.75,0.512913,0.71481,0.0122881,11.7411,-51.7411,6.52283
11,31,0.00178971,0.0357942,310,2.63258,0.345012,-0.361188,6.75,0.512913,0.71481,0.0122881,11.7411,-51.7411,6.52283
11,32,0.00204776,0.0409552,320,2.63258,0.345012,-0.361188,6.75,0.512913,0.71481,0.0122881,11.7411,-51.7411,6.52283
11,33,0.00215168,0.0430337,330,2.63258,0.345012,-0.361188,6.75,0.512913,0.71481,0.0122881,11.7411,-51.7411,6.52283
11,34,0.00202532,0.0405064,340,2.63258,0.345012,-0.361188,6.75,0.512913,0.71481,0.0122881,11.7411,-51.7411,6.52283
11,35,0.00224709,0.0449419,350,2.63258,0.345012,-0.361188,6.75,0.512913,0.71481,0.0122881,11.7411,-51.7411,6.52283
12,0,0.00284439,0.0568877,0,1.95072,0.360829,-0.27869,7.75,0.583805,0.857205,0.0122881,6.99014,-46.9901,3.88341
12,1,0.00266211,0.0532422,10,1.95072,0.360829,-0.27869,7.75,0.583805,0.857205,0.0122881,6.99014,-46.9901,3.88341
12,2,0.00236047,0.0472095,20,1.95072,0.360829,-0.27869,7.75,0.583805,0.857205,0.0122881,6.99014,-46.9901,3.88341
12,3,0.00262396,0.0524792,30,1.95072,0.360829,-0.27869,7.75,0.583805,0.857205,0.0122881,6.99014,-46.9901,3.88341
12,4,0.00223488,0.0446975,40,1.95072,0.360829,-0.27869,7.75,0.583805,0.857205,0.0122881,6.99014,-46.9901,3.88341
12,5,0.00192848,0.0385697,50,1.95072,0.360829,-0.27869,7.75,0.583805,0.857205,0.0122881,6.99014,-46.9901,3.88341
12,6,0.00172376,0.0344752,60,1.95072,0.360829,-0.27869,7.75,0.583805,0.857205,0.0122881,6.99014,-46.9901,3.88341
12,7,0.00148936,0.0297872,70,1.95072,0.360829,-0.27869,7.75,0.583805,0.857205,0.0122881,6.99014,-46.9901,3.88341
12,8,0.00128579,0.0257158,80,1.95072,0.360829,-0.27869,7.75,0.583805,0.857205,0.0122881,6.99014,-46.9901,3.88341
12,9,0.0011623,0.023246,90,1.95072,0.360829,-0.27869,7.75,0.583805,0.857205,0.0122881,6.99014,-46.9901,3.88341
12,10,0.00103112,0.0206224,100,1.95072,0.360829,-0.27869,7.75,0.583805,0.857205,0.0122881,6.99014,-46.9901,3.88341
12,11,0.000893539,0.0178708,110,1.95072,0.360829,-0.27869,7.75,0.583805,0.857205,0.0122881,6.99014,-46.9901,3.88341
12,12,0.00073978,0.0147956,120,1.95072,0.360829,-0.27869,7.75,0.583805,0.857205,0.0122881,6.99014,-46.9901,3.88341
12,13,0.000773045,0.0154609,130,1.95072,0.360829,-0.27869,7.75,0.583805,0.857205,0.0122881,6.99014,-46.9901,3.88341
12,14,0.000728997,0.0145799,140,1.95072,0.360829,-0.27869,7.75,0.583805,0.857205,0.0122881,6.99014,-46.9901,3.88341
12,15,0.000730022,0.0146004,150,1.95072,0.360829,-0.27869,7.75,0.583805,0.857205,0.0122881,6.99014,-46.9901,3.88341
12,16,0.000782254,0.0156451,160,1.95072,0.360829,-0.27869,7.75,0.583805,0.857205,0.0122881,6.99014,-46.9901,3.88341
12,17,0.000807753,0.0161551,170,1.95072,0.360829,-0.27869,7.75,0.583805,0.857205,0.0122881,6.99014,-46.9901,3.88341
12,18,0.00080882,0.0161764,180,1.95072,0.360829,-0.27869,7.75,0.583805,0.857205,0.0122881,6.99014,-46.9901,3.88341
12,19,0.000836277,0.0167255,190,1.95072,0.360829,-0.27869,7.75,0.583805,0.857205,0.0122881,6.99014,-46.9901,3.88341
12,20,0.00079846,0.0159692,200,1.95072,0.360829,-0.27869,7.75,0.583805,0.857205,0.0122881,6.99014,-46.9901,3.88341
12,21,0.000749604,0.0149921,210,1.95072,0.360829,-0.27869,7.75,0.583805,0.857205,0.0122881,6.99014,-46.9901,3.88341
12,22,0.00080582,0.0161164,220,1.95072,0.360829,-0.27869,7.75,0.583805,0.857205,0.0122881,6.99014,-46.9901,3.88341
12,23,0.000728988,0.0145798,230,1.95072,0.360829,-0.27869,7.75,0.583805,0.857205,0.0122881,6.99014,-46.9901,3.88341
12,24,0.000774638,0.0154928,240,1.95072,0.360829,-0.27869,7.75,0.583805,0.857205,0.0122881,6.99014,-46.9901,3.88341
12,25,0.000852544,0.0170509,250,1.95072,0.360829,-0.27869,7.75,0.583805,0.857205,0.0122881,6.99014,-46.9901,3.88341
12,26,0.000906891,0.0181378,260,1.95072,0.360829,-0.27869,7.75,0.583805,0.857205,0.0122881,6.99014,-46.9901,3.88341
12,27,0.00104152,0.0208304,270,1.95072,0.360829,-0.27869,7.75,0.583805,0.857205,0.0122881,6.99014,-46.9901,3.88341
12,28,0.0012467,0.024934,280,1.95072,0.360829,-0.27869,7.75,0.583805,0.857205,0.0122881,6.99014,-46.9901,3.88341
12,29,0.0014841,0.029682,290,1.95072,0.360829,-0.27869,7.75,0.583805,0.857205,0.0122881,6.99014,-46.9901,3.88341
12,30,0.00190003,0.0380005,300,1.95072,0.360829,-0.27869,7.75,0.583805,0.857205,0.0122881,6.99014,-46.9901,3.88341
12,31,0.0020031,0.040062,310,1.95072,0.360829,-0.27869,7.75,0.583805,0.857205,0.0122881,6.99014,-46.9901,3.88341
12,32,0.00224019,0.0448037,320,1.95072,0.360829,-0.27869,7.75,0.583805,0.857205,0.0122881,6.99014,-46.9901,3.88341
12,33,0.00247515,0.049503,330,1.95072,0.360829,-0.27869,7.75,0.583805,0.857205,0.0122881,6.99014,-46.9901,3.88341
12,34,0.0026064,0.0521279,340,1.95072,0.360829,-0.27869,7.75,0.583805,0.857205,0.0122881,6.99014,-46.9901,3.88341
12,35,0.00264476,0.0528951,350,1.95072,0.360829,-0.27869,7.75,0.583805,0.857205,0.0122881,6.99014,-46.9901,3.88341
13,0,0.00224671,0.0449341,0,2.17955,0.385579,-0.283318,7.75,0.579414,0.848208,0.0122881,7.22424,-47.2242,4.01347
13,1,0.00217935,0.043587,10,2.17955,0.385579,-0.283318,7.75,0.579414,0.848208,0.0122881,7.22424,-47.2242,4.01347
13,2,0.00204612,0.0409223,20,2.17955,0.385579,-0.283318,7.75,0.579414,0.848208,0.0122881,7.22424,-47.2242,4.01347
13,3,0.00199801,0.0399602,30,2.17955,0.385579,-0.283318,7.75,0.579414,0.848208,0.0122881,7.22424,-47.2242,4.01347
13,4,0.00188337,0.0376673,40,2.17955,0.385579,-0.283318,7.75,0.579414,0.848208,0.0122881,7.22424,-47.2242,4.01347
13,5,0.00168642,0.0337285,50,2.17955,0.385579,-0.283318,7.75,0.579414,0.848208,0.0122881,7.22424,-47.2242,4.01347
13,6,0.00142,0.0284,60,2.17955,0.385579,-0.283318,7.75,0.579414,0.848208,0.0122881,7.22424,-47.2242,4.01347
13,7,0.00129494,0.0258988,70,2.17955,0.385579,-0.283318,7.75,0.579414,0.848208,0.0122881,7.22424,-47.2242,4.01347
13,8,0.00119126,0.0238251,80,2.17955,0.385579,-0.283318,7.75,0.579414,0.848208,0.0122881,7.22424,-47.2242,4.01347
13,9,0.000902285,0.0180457,90,2.17955,0.385579,-0.283318,7.75,0.579414,0.848208,0.0122881,7.22424,-47.2242,4.01347
13,10,0.000827285,0.0165457,100,2.17955,0.385579,-0.283318,7.75,0.579414,0.848208,0.0122881,7.22424,-47.2242,4.01347
13,11,0.000732489,0.0146498,110,2.17955,0.385579,-0.283318,7.75,0.579414,0.848208,0.0122881,7.22424,-47.2242,4.01347
13,12,0.000725702,0.014514,120,2.17955,0.385579,-0.283318,7.75,0.579414,0.848208,0.0122881,7.22424,-47.2242,4.01347
13,13,0.000751509,0.0150302,130,2.17955,0.385579,-0.283318,7.75,0.579414,0.848208,0.0122881,7.22424,-47.2242,4.01347
13,14,0.000709227,0.0141845,140,2.17955,0.385579,-0.283318,7.75,0.579414,0.848208,0.0122881,7.22424,-47.2242,4.01347
13,15,0.00069902,0.0139804,150,2.17955,0.385579,-0.283318,7.75,0.579414,0.848208,0.0122881,7.22424,-47.2242,4.01347
13,16,0.000685248,0.013705,160,2.17955,0.385579,-0.283318,7.75,0.579414,0.848208,0.0122881,7.22424,-47.2242,4.01347
13,17,0.00072538,0.0145076,170,2.17955,0.385579,-0.283318,7.75,0.579414,0.848208,0.0122881,7.22424,-47.2242,4.01347
13,18,0.000729035,0.0145807,180,2.17955,0.385579,-0.283318,7.75,0.579414,0.848208,0.0122881,7.22424,-47.2242,4.01347
13,19,0.000679141,0.0135828,190,2.17955,0.385579,-0.283318,7.75,0.579414,0.848208,0.0122881,7.22424,-47.2242,4.01347
13,20,0.000646865,0.0129373,200,2.17955,0.385579,-0.283318,7.75,0.579414,0.848208,0.0122881,7.22424,-47.2242,4.01347
13,21,0.000671406,0.0134281,210,2.17955,0.385579,-0.283318,7.75,0.579414,0.848208,0.0122881,7.22424,-47.2242,4.01347
13,22,0.000695712,0.0139142,220,2.17955,0.385579,-0.283318,7.75,0.579414,0.848208,0.0122881,7.22424,-47.2242,4.01347
13,23,0.000703553,0.0140711,230,2.17955,0.385579,-0.283318,7.75,0.579414,0.848208,0.0122881,7.22424,-47.2242,4.01347
13,24,0.000709845,0.0141969,240,2.17955,0.385579,-0.283318,7.75,0.579414,0.848208,0.0122881,7.22424,-47.2242,4.01347
13,25,0.00081192,0.0162384,250,2.17955,0.385579,-0.283318,7.75,0.579414,0.848208,0.0122881,7.22424,-47.2242,4.01347
13,26,0.000814613,0.0162923,260,2.17955,0.385579,-0.283318,7.75,0.579414,0.848208,0.0122881,7.22424,-47.2242,4.01347
13,27,0.000931503,0.0186301,270,2.17955,0.385579,-0.283318,7.75,0.579414,0.848208,0.0122881,7.22424,-47.2242,4.01347
13,28,0.00115594,0.0231188,280,2.17955,0.385579,-0.283318,7.75,0.579414,0.848208,0.0122881,7.22424,-47.2242,4.01347
13,29,0.00123902,0.0247803,290,2.17955,0.385579,-0.283318,7.75,0.579414,0.848208,0.0122881,7.22424,-47.2242,4.01347
13,30,0.00150347,0.0300693,300,2.17955,0.385579,-0.283318,7.75,0.579414,0.848208,0.0122881,7.22424,-47.2242,4.01347
13,31,0.0016086,0.032172,310,2.17955,0.385579,-0.283318,7.75,0.579414,0.848208,0.0122881,7.22424,-47.2242,4.01347
13,32,0.00177497,0.0354994,320,2.17955,0.385579,-0.283318,7.75,0.579414,0.848208,0.0122881,7.22424,-47.2242,4.01347
13,33,0.00198834,0.0397667,330,2.17955,0.385579,-0.283318,7.75,0.579414,0.848208,0.0122881,7.22424,-47.2242,4.01347
13,34,0.00218608,0.0437216,340,2.17955,0.385579,-0.283318,7.75,0.579414,0.848208,0.0122881,7.22424,-47.2242,4.01347
13,35,0.0021489,0.042978,350,2.17955,0.385579,-0.283318,7.75,0.579414,0.848208,0.0122881,7.22424,-47.2242,4.01347
14,0,0.00100709,0.0201419,0,2.63258,0.345012,-0.361188,7.75,0.512913,0.71481,0.0122881,11.7411,-51.7411,6.52283
14,1,0.00104218,0.0208437,10,2.63258,0.345012,-0.361188,7.75,0.512913,0.71481,0.0122881,11.7411,-51.7411,6.52283
14,2,0.00102355,0.0204709,20,2.63258,0.345012,-0.361188,7.75,0.512913,0.71481,0.0122881,11.7411,-51.7411,6.52283
14,3,0.00119023,0.0238046,30,2.63258,0.345012,-0.361188,7.75,0.512913,0.71481,0.0122881,11.7411,-51.7411,6.52283
14,4,0.00111016,0.0222032,40,2.63258,0.345012,-0.361188,7.75,0.512913,0.71481,0.0122881,11.7411,-51.7411,6.52283
14,5,0.00110392,0.0220783,50,2.63258,0.345012,-0.361188,7.75,0.512913,0.71481,0.0122881,11.7411,-51.7411,6.52283
14,6,0.00117208,0.0234416,60,2.63258,0.345012,-0.361188,7.75,0.512913,0.71481,0.0122881,11.7411,-51.7411,6.52283
14,7,0.0011235,0.0224701,70,2.63258,0.345012,-0.361188,7.75,0.512913,0.71481,0.0122881,11.7411,-51.7411,6.52283
14,8,0.000989846,0.0197969,80,2.63258,0.345012,-0.361188,7.75,0.512913,0.71481,0.0122881,11.7411,-51.7411,6.52283
14,9,0.00101715,0.020343,90,2.63258,0.345012,-0.361188,7.75,0.512913,0.71481,0.0122881,11.7411,-51.7411,6.52283
14,10,0.000901732,0.0180346,100,2.63258,0.345012,-0.361188,7.75,0.512913,0.71481,0.0122881,11.7411,-51.7411,6.52283
14,11,0.000963824,0.0192765,110,2.63258,0.345012,-0.361188,7.75,0.512913,0.71481,0.0122881,11.7411,-51.7411,6.52283
14,12,0.000957473,0.0191495,120,2.63258,0.345012,-0.361188,7.75,0.512913,0.71481,0.0122881,11.7411,-51.7411,6.52283
14,13,0.000912118,0.0182424,130,2.63258,0.345012,-0.361188,7.75,0.512913,0.71481,0.0122881,11.7411,-51.7411,6.52283
14,14,0.000921406,0.0184281,140,2.63258,0.345012,-0.361188,7.75,0.512913,0.71481,0.0122881,11.7411,-51.7411,6.52283
14,15,0.00104877,0.0209754,150,2.63258,0.345012,-0.361188,7.75,0.512913,0.71481,0.0122881,11.7411,-51.7411,6.52283
14,16,0.00096851,0.0193702,160,2.63258,0.345012,-0.361188,7.75,0.512913,0.71481,0.0122881,11.7411,-51.7411,6.52283
14,17,0.00101974,0.0203948,170,2.63258,0.345012,-0.361188,7.75,0.512913,0.71481,0.0122881,11.7411,-51.7411,6.52283
14,18,0.000980696,0.0196139,180,2.63258,0.345012,-0.361188,7.75,0.512913,0.71481,0.0122881,11.7411,-51.7411,6.52283
14,19,0.00106787,0.0213575,190,2.63258,0.345012,-0.361188,7.75,0.512913,0.71481,0.0122881,11.7411,-51.7411,6.52283
14,20,0.00109917,0.0219833,200,2.63258,0.345012,-0.361188,7.75,0.512913,0.71481,0.0122881,11.7411,-51.7411,6.52283
14,21,0.00107473,0.0214946,210,2.63258,0.345012,-0.361188,7.75,0.512913,0.71481,0.0122881,11.7411,-51.7411,6.52283
14,22,0.00107063,0.0214126,220,2.63258,0.345012,-0.361188,7.75,0.512913,0.71481,0.0122881,11.7411,-51.7411,6.52283
14,23,0.000972356,0.0194471,230,2.63258,0.345012,-0.361188,7.75,0.512913,0.71481,0.0122881,11.7411,-51.7411,6.52283
14,24,0.000920637,0.0184127,240,2.63258,0.345012,-0.361188,7.75,0.512913,0.71481,0.0122881,11.7411,-51.7411,6.52283
14,25,0.000887829,0.0177566,250,2.63258,0.345012,-0.361188,7.75,0.512913,0.71481,0.0122881,11.7411,-51.7411,6.52283
14,26,0.0010305,0.0206099,260,2.63258,0.345012,-0.361188,7.75,0.512913,0.71481,0.0122881,11.7411,-51.7411,6.52283
14,27,0.00100131,0.0200262,270,2.63258,0.345012,-0.361188,7.75,0.512913,0.71481,0.0122881,11.7411,-51.7411,6.52283
14,28,0.00107948,0.0215897,280,2.63258,0.345012,-0.361188,7.75,0.512913,0.71481,0.0122881,11.7411,-51.7411,6.52283
14,29,0.00114104,0.0228209,290,2.63258,0.345012,-0.361188,7.75,0.512913,0.71481,0.0122881,11.7411,-51.7411,6.52283
14,30,0.00116892,0.0233783,300,2.63258,0.345012,-0.361188,7.75,0.512913,0.71481,0.0122881,11.7411,-51.7411,6.52283
14,31,0.00119904,0.0239808,310,2.63258,0.345012,-0.361188,7.75,0.512913,0.71481,0.0122881,11.7411,-51.7411,6.52283
14,32,0.00126728,0.0253455,320,2.63258,0.345012,-0.361188,7.75,0.512913,0.71481,0.0122881,11.7411,-51.7411,6.52283
14,33,0.00120953,0.0241907,330,2.63258,0.345012,-0.361188,7.75,0.512913,0.71481,0.0122881,11.7411,-51.7411,6.52283
14,34,0.00102652,0.0205304,340,2.63258,0.345012,-0.361188,7.75,0.512913,0.71481,0.0122881,11.7411,-51.7411,6.52283
14,35,0.00104455,0.020891,350,2.63258,0.345012,-0.361188,7.75,0.512913,0.71481,0.0122881,11.7411,-51.7411,6.52283