,ReH,ReE,ReHtilde,SetNum
0,1.0627977848052979,1.7208484411239624,4.654189586639404,26
1,0.8946912884712219,0.8432812690734863,2.413278579711914,26
2,0.9032196998596191,1.612824559211731,4.144362926483154,26
3,1.0893162488937378,1.2840896844863892,3.508131742477417,26
4,0.6574258208274841,1.193461298942566,4.029285907745361,26
5,1.009137749671936,1.5194792747497559,4.026737213134766,26
6,0.9513559937477112,1.3015496730804443,4.396902084350586,26
7,0.9581548571586609,0.8276526927947998,3.3935275077819824,26
8,0.9058896899223328,1.659245252609253,5.239916801452637,26
9,1.288489818572998,1.2530640363693237,4.456305027008057,26
10,0.980410099029541,0.29482245445251465,2.488835096359253,26
11,0.7658014297485352,0.1499897688627243,2.683767080307007,26
12,0.9987335801124573,0.5399167537689209,4.373128414154053,26
13,0.8616400361061096,0.07373259216547012,2.0121216773986816,26
14,0.857041597366333,1.2676198482513428,3.691197156906128,26
15,1.2293957471847534,1.4606035947799683,3.589087724685669,26
16,1.1490813493728638,0.7523286938667297,3.1098594665527344,26
17,1.125544548034668,0.8581236600875854,3.4249606132507324,26
18,0.9673143625259399,0.7352625727653503,3.5871121883392334,26
19,0.5742337703704834,0.85716313123703,2.7786121368408203,26
20,0.9775735139846802,1.4434956312179565,3.557464838027954,26
21,1.1170047521591187,1.8040283918380737,4.147894382476807,26
22,0.8192669153213501,1.724326729774475,4.952388763427734,26
23,0.9991360306739807,1.1065431833267212,3.6649389266967773,26
24,0.9413585066795349,2.1666617393493652,5.589478492736816,26
25,0.7617296576499939,1.0335496664047241,2.2362287044525146,26
26,1.1196733713150024,0.6264850497245789,2.849777936935425,26
27,0.6544034481048584,0.635578989982605,2.565959930419922,26
28,0.8659783005714417,0.8801247477531433,2.7231767177581787,26
29,0.5784001350402832,2.0431907176971436,4.828592777252197,26
30,1.2692749500274658,0.3758944869041443,2.5261929035186768,26
31,1.144553303718567,1.5110969543457031,4.453272819519043,26
32,0.7305524349212646,1.180267095565796,4.483109951019287,26
33,0.8060436248779297,0.7909345626831055,4.627652645111084,26
34,1.0767621994018555,0.7619220018386841,3.341029644012451,26
35,1.1787761449813843,0.6672065854072571,2.5400378704071045,26
36,0.6843357682228088,0.942965030670166,3.16084885597229,26
37,0.7455011606216431,2.2143044471740723,5.58442497253418,26
38,0.6953282356262207,1.2283928394317627,4.522661209106445,26
39,1.1814424991607666,1.2095781564712524,2.717555522918701,26
40,0.736569344997406,0.47813981771469116,2.815772294998169,26
41,0.9046751260757446,1.535506010055542,3.682992458343506,26
42,0.9960540533065796,0.9850994348526001,3.4283204078674316,26
43,0.7930906414985657,1.7338025569915771,3.307771921157837,26
44,0.9896922707557678,0.8949384689331055,2.562502861022949,26
45,0.9327602386474609,1.5799369812011719,2.436915636062622,26
46,0.7897239327430725,1.4090373516082764,3.624713182449341,26
47,0.9681277871131897,1.4346578121185303,2.8660025596618652,26
48,0.7467433214187622,1.4545631408691406,3.319028615951538,26
49,1.0161784887313843,1.7663763761520386,2.745262861251831,26
50,0.643932580947876,1.877947449684143,3.16648006439209,26
51,1.1442303657531738,1.7159579992294312,3.137669563293457,26
52,1.2204324007034302,2.2836875915527344,4.1625823974609375,26
53,0.9813008904457092,1.5383474826812744,3.1163330078125,26
54,0.9863409996032715,1.6230679750442505,3.6391067504882812,26
55,0.9051207900047302,0.9903998970985413,2.698599100112915,26
56,0.8124837875366211,0.646792471408844,2.229867458343506,26
57,0.8656966090202332,1.4167245626449585,3.755157947540283,26
58,0.585030198097229,0.196873739361763,2.6606125831604004,26
59,0.7914020419120789,0.8319470286369324,3.3265538215637207,26
60,0.867257833480835,0.5662248730659485,3.702409267425537,26
61,0.6254795789718628,0.9146355986595154,3.6061410903930664,26
62,0.7466274499893188,0.9184255003929138,3.836005687713623,26
63,1.2469022274017334,1.4556885957717896,3.945640802383423,26
64,1.0880420207977295,-0.3612145483493805,3.670397996902466,26
65,0.9434099793434143,-2.2008254528045654,2.0816123485565186,26
66,0.7483725547790527,-0.6485328674316406,3.5710389614105225,26
67,0.8838980197906494,0.33685392141342163,5.024138450622559,26
68,0.8396790027618408,-0.34748128056526184,3.3387458324432373,26
69,1.04936945438385,0.018127400428056717,4.388880729675293,26
70,1.3278074264526367,0.5232187509536743,5.096065998077393,26
71,0.6966603994369507,0.25918149948120117,4.458356857299805,26
72,1.0815503597259521,0.1344253569841385,3.615316152572632,26
73,1.0648314952850342,-0.9101750254631042,2.625795364379883,26
74,1.1967780590057373,-0.9747908115386963,2.7652151584625244,26
75,1.1973609924316406,-0.7180630564689636,3.6286277770996094,26
76,0.4522765278816223,-1.8890496492385864,2.916881561279297,26
77,0.764745831489563,-0.8413565158843994,3.874314069747925,26
78,0.867616593837738,-0.5438162684440613,4.4780964851379395,26
79,0.8178883790969849,-1.329167366027832,2.8811371326446533,26
80,1.1272391080856323,-0.611315906047821,4.721052169799805,26
81,1.1779632568359375,-0.6918733716011047,3.4219045639038086,26
82,0.9979766607284546,-0.7386097311973572,3.6013405323028564,26
83,0.9917106032371521,-1.1567643880844116,2.174574851989746,26
84,1.320785403251648,-0.7267492413520813,3.175920009613037,26
85,0.8771790862083435,-0.8156746625900269,3.4081552028656006,26
86,1.0248035192489624,0.24390959739685059,4.951054573059082,26
87,0.9231770038604736,0.03387058526277542,5.151619911193848,26
88,0.8959971070289612,-0.013210909441113472,4.239227294921875,26
89,0.6916487812995911,-0.33435702323913574,3.032949209213257,26
90,1.2637295722961426,0.2392081916332245,4.1746063232421875,26
91,0.9548828601837158,-0.4702085554599762,2.868520498275757,26
92,0.8724992275238037,0.061548613011837006,3.4993348121643066,26
93,0.697105884552002,-0.4424493908882141,3.0341975688934326,26
94,1.1512938737869263,0.7141724228858948,3.7774109840393066,26
95,1.1527857780456543,0.06109233945608139,4.853759288787842,26
96,1.4446734189987183,-1.0133717060089111,4.300117492675781,26
97,0.6631574630737305,0.3526372015476227,4.7223968505859375,26
98,0.9387808442115784,-1.0327858924865723,5.299365520477295,26
99,0.7801228165626526,-1.1236861944198608,4.026069164276123,26
100,0.8630588054656982,-1.2076150178909302,4.575255393981934,26
101,1.058148980140686,-1.8565362691879272,3.834278106689453,26
102,0.9143049120903015,-1.2865525484085083,4.764110088348389,26
103,0.8242707252502441,-2.071672201156616,3.4898343086242676,26
104,0.9129583835601807,-1.5316572189331055,4.9797821044921875,26
105,1.0469346046447754,-0.7760128378868103,5.248815536499023,26
106,1.2674626111984253,-2.0027129650115967,5.678774833679199,26
107,0.8728682398796082,-3.467869520187378,3.404559850692749,26
108,0.9662321209907532,-3.041170597076416,4.172945976257324,26
109,0.9016467928886414,-3.894814968109131,2.842513084411621,26
110,1.120576024055481,-3.0578229427337646,4.08871603012085,26
111,1.0112788677215576,-1.2700729370117188,5.896167755126953,26
112,0.7321068048477173,-2.378617763519287,4.009766101837158,26
113,0.8435580730438232,-2.486853837966919,3.9801175594329834,26
114,1.3073904514312744,-2.0109074115753174,4.9881815910339355,26
115,1.1476964950561523,-2.875443935394287,3.1108903884887695,26
116,1.1600463390350342,-1.9827890396118164,4.956871032714844,26
117,0.8591201305389404,-2.3118417263031006,4.134461402893066,26
118,1.054602861404419,-1.9116148948669434,4.06220006942749,26
119,0.6513318419456482,-1.7415812015533447,3.875243902206421,26
120,0.8788520693778992,-2.4690866470336914,4.075994968414307,26
121,1.1443140506744385,-2.2474513053894043,3.596306800842285,26
122,0.9200487732887268,-2.933295249938965,3.442469835281372,26
123,0.8015020489692688,-2.1374948024749756,5.129398345947266,26
124,1.030360221862793,-2.191943883895874,4.38702917098999,26
125,1.2505451440811157,-2.272791862487793,4.325066089630127,26
126,1.3603050708770752,-2.382899284362793,5.6396965980529785,26
127,1.0271849632263184,-2.7698569297790527,6.051640510559082,26
128,1.1065974235534668,-3.7192559242248535,3.8678364753723145,26
129,1.2138875722885132,-2.7608351707458496,4.218256950378418,26
130,0.8158171772956848,-3.6817047595977783,4.02262020111084,26
131,0.8649951815605164,-3.80057954788208,4.109455585479736,26
132,0.9088103175163269,-4.404409885406494,3.7867443561553955,26
133,1.1053142547607422,-3.654730796813965,5.121891975402832,26
134,1.186908483505249,-3.754627227783203,5.10374641418457,26
135,1.5177053213119507,-4.124660491943359,3.764354944229126,26
136,0.7764260768890381,-4.304116725921631,2.5554287433624268,26
137,1.0823594331741333,-3.0193002223968506,4.073944091796875,26
138,1.139582633972168,-2.8600714206695557,2.579631805419922,26
139,1.0884692668914795,-2.539429187774658,3.2741634845733643,26
140,0.7940173745155334,-1.8974024057388306,4.060721397399902,26
141,0.9805062413215637,-2.1936302185058594,3.468069076538086,26
142,1.451579213142395,-2.1464128494262695,3.2396962642669678,26
143,1.0500595569610596,-1.7693495750427246,4.617783546447754,26
144,0.792253315448761,-2.353153705596924,3.1922245025634766,26
145,1.0662102699279785,-1.745508074760437,4.378248691558838,26
146,1.0538861751556396,-1.4712202548980713,5.387856483459473,26
147,0.9078224897384644,-1.6800494194030762,4.647561550140381,26
148,1.28225839138031,-1.9457515478134155,4.27587366104126,26
149,0.6566195487976074,-2.5143518447875977,4.244440078735352,26
150,1.426758050918579,-1.7901990413665771,4.187373638153076,26
151,1.0544407367706299,-2.1014106273651123,3.4484312534332275,26
152,1.040501594543457,-1.5519713163375854,4.827448844909668,26
153,0.9134169220924377,-2.864084005355835,2.885800361633301,26
154,0.7843030691146851,-2.9346232414245605,4.865108966827393,26
155,0.8443201184272766,-2.74057674407959,4.914517402648926,26
156,0.9879035949707031,-3.256958484649658,4.0698699951171875,26
157,0.9835596680641174,-3.5017929077148438,4.822363376617432,26
158,0.802527129650116,-3.725850820541382,4.045459747314453,26
159,0.6412033438682556,-3.714292049407959,5.563686370849609,26
160,1.3565824031829834,-2.8034169673919678,5.837438106536865,26
161,1.0566534996032715,-3.403280019760132,4.418306827545166,26
162,0.7865396738052368,-3.087181568145752,5.120407581329346,26
163,0.8641855716705322,-4.5298309326171875,4.73270320892334,26
164,1.2812660932540894,-2.222651958465576,5.109035968780518,26
165,1.0261881351470947,-4.451624870300293,4.941030502319336,26
166,0.9372659921646118,-4.313324928283691,4.613670825958252,26
167,0.9420434236526489,-4.894941329956055,5.294919490814209,26
168,1.1040362119674683,-4.262264728546143,5.5009613037109375,26
169,1.1820465326309204,-4.682215213775635,3.783839702606201,26
170,1.0115385055541992,-4.292721271514893,5.145380020141602,26
171,0.7945341467857361,-3.2261104583740234,5.677658557891846,26
172,0.7997516393661499,-4.206629276275635,5.125563621520996,26
173,1.0709093809127808,-2.5526349544525146,6.294306755065918,26
174,0.8935497403144836,-4.457313537597656,4.1313323974609375,26
175,0.6732215881347656,-4.539787769317627,5.010663032531738,26
176,1.3659305572509766,-4.120480537414551,6.663362979888916,26
177,0.7615495324134827,-4.048425674438477,4.354057312011719,26
178,1.3119663000106812,-3.7410659790039062,7.001897811889648,26
179,0.9479871392250061,-4.384205341339111,6.055341720581055,26
180,0.8000965714454651,-4.812178134918213,5.00649356842041,26
181,1.2154980897903442,-4.647506237030029,5.066154479980469,26
182,1.3144583702087402,-4.2792768478393555,5.488646984100342,26
183,1.213845133781433,-4.7361602783203125,5.173137664794922,26
184,1.3535778522491455,-3.9156835079193115,6.482502460479736,26
185,1.0369521379470825,-5.246894836425781,5.329555988311768,26
186,0.7930764555931091,-5.714031219482422,4.364605903625488,26
187,1.0867863893508911,-5.5369672775268555,6.973914623260498,26
188,1.2747617959976196,-5.441368579864502,4.338831901550293,26
189,0.7130645513534546,-6.02796745300293,3.5573153495788574,26
190,0.7309575080871582,-5.4813642501831055,4.0575995445251465,26
191,1.0162297487258911,-3.9478557109832764,5.7730393409729,26
192,1.0913934707641602,-3.870000123977661,5.276378154754639,26
193,1.2935256958007812,-4.2710065841674805,4.154983997344971,26
194,0.7532322406768799,-4.417077541351318,5.368302345275879,26
195,0.9677255749702454,-4.3901824951171875,4.968410015106201,26
196,0.9318001866340637,-5.074202537536621,5.446301460266113,26
197,1.3463287353515625,-5.112949848175049,4.875481605529785,26
198,1.1305469274520874,-5.286401271820068,4.482426166534424,26
199,0.9645153284072876,-5.147574424743652,4.78945255279541,26
200,1.1032116413116455,-4.594645023345947,5.117588520050049,26
201,0.9913281202316284,-4.89463996887207,5.617751121520996,26
202,1.1797975301742554,-5.125019550323486,5.05437707901001,26
203,1.0883018970489502,-5.130272388458252,6.341673851013184,26
204,1.0760979652404785,-4.846352577209473,5.4393110275268555,26
205,1.0785285234451294,-4.429856777191162,4.682021141052246,26
206,1.3232442140579224,-4.87893009185791,4.419013500213623,26
207,0.9339407086372375,-4.633373737335205,4.4930100440979,26
208,0.9589704871177673,-2.7055275440216064,5.273748874664307,26
209,1.0602598190307617,-4.29636287689209,4.658820629119873,26
210,0.9767858386039734,-4.133624076843262,5.4768218994140625,26
211,0.9302527904510498,-5.5308074951171875,4.288893222808838,26
212,1.3299965858459473,-4.0648627281188965,6.335112571716309,26
213,1.052641749382019,-4.952556610107422,5.106122016906738,26
214,1.3238394260406494,-4.323646545410156,5.748141765594482,26
215,1.0561832189559937,-5.2214484214782715,4.943300247192383,26
216,0.9796799421310425,-4.658411502838135,5.690728187561035,26
217,0.6505358815193176,-4.774224281311035,5.862338066101074,26
218,0.9523394107818604,-5.783995151519775,4.879367828369141,26
219,1.3650654554367065,-4.458752632141113,7.229403495788574,26
220,1.1112958192825317,-5.35455322265625,4.447962284088135,26
221,1.4016544818878174,-5.0182318687438965,4.746986389160156,26
222,0.8441139459609985,-4.727808952331543,5.62160062789917,26
223,1.1166176795959473,-5.35524845123291,6.8940839767456055,26
224,1.0083720684051514,-5.728948593139648,5.433923244476318,26
225,0.9847371578216553,-6.205617427825928,5.578154563903809,26
226,1.2043668031692505,-5.862724781036377,6.069140911102295,26
227,1.3365073204040527,-5.968674659729004,5.704687118530273,26
228,1.0469094514846802,-6.2373433113098145,5.081986904144287,26
229,0.9722403287887573,-5.764678955078125,6.182068347930908,26
230,0.9161535501480103,-6.442590236663818,5.548120498657227,26
231,1.3258650302886963,-5.939095497131348,4.4119873046875,26
232,1.0305479764938354,-5.8108601570129395,5.588459491729736,26
233,0.9312005639076233,-4.815611839294434,5.935361385345459,26
234,0.9634271860122681,-5.667776107788086,4.884659767150879,26
235,1.3912421464920044,-5.724329471588135,4.8848466873168945,26
236,1.1700103282928467,-5.165461540222168,6.279815673828125,26
237,0.9490301609039307,-6.316989421844482,6.793508052825928,26
238,1.0186949968338013,-5.168377876281738,4.905951023101807,26
239,1.0858500003814697,-5.858564853668213,5.536861419677734,26
240,0.9246832132339478,-6.356484413146973,5.6083807945251465,26
241,1.1251657009124756,-5.809279918670654,5.991077423095703,26
242,1.0389140844345093,-6.131082534790039,5.638227462768555,26
243,1.1548532247543335,-5.819537162780762,6.245394229888916,26
244,1.0254451036453247,-6.60198974609375,5.400323390960693,26
245,0.9713438153266907,-6.517098426818848,5.868536472320557,26
246,0.5552804470062256,-5.323553085327148,5.775982856750488,26
247,1.7629008293151855,-7.928288459777832,8.484095573425293,26
248,1.3329665660858154,-9.38855266571045,7.111171245574951,26
249,1.4543377161026,-9.136635780334473,7.2738471031188965,26
250,1.310097336769104,-10.079222679138184,6.1357221603393555,26
251,1.2842020988464355,-8.894521713256836,7.048149585723877,26
252,0.7132562398910522,-9.361830711364746,6.613499641418457,26
253,0.8844675421714783,-8.955941200256348,6.773035049438477,26
254,1.1530630588531494,-10.236632347106934,4.543326377868652,26
255,1.0359996557235718,-10.310958862304688,4.5646209716796875,26
256,0.7512739300727844,-8.74295711517334,6.039304733276367,26
257,1.0308490991592407,-8.356318473815918,6.43865966796875,26
258,0.9717837572097778,-8.916561126708984,4.643951416015625,26
259,1.7205195426940918,-7.850513935089111,6.5228352546691895,26
260,1.311889886856079,-6.584706783294678,7.554985523223877,26
261,0.9918839931488037,-7.510986328125,5.518569469451904,26
262,0.9408697485923767,-6.5184407234191895,6.9255266189575195,26
263,1.1803492307662964,-6.760984420776367,5.319118499755859,26
264,1.167745590209961,-5.976680278778076,5.857107162475586,26
265,1.1602532863616943,-6.272094249725342,5.7827911376953125,26
266,0.9556336998939514,-6.322207450866699,6.148434638977051,26
267,1.4028481245040894,-6.334076881408691,6.684044361114502,26
268,0.9503700733184814,-6.90353536605835,6.09230899810791,26
269,1.2971546649932861,-6.589579105377197,7.051268100738525,26
270,0.8745179772377014,-8.12211799621582,5.730274200439453,26
271,1.0299197435379028,-6.880869388580322,7.640377521514893,26
272,1.070429801940918,-7.864941596984863,5.251594543457031,26
273,1.06659734249115,-7.647185802459717,5.292786598205566,26
274,1.606791615486145,-7.393945693969727,5.617719650268555,26
275,1.2118860483169556,-5.828492641448975,6.777346611022949,26
276,1.2850980758666992,-6.064742565155029,6.234929084777832,26
277,1.076840877532959,-5.946356773376465,6.7700395584106445,26
278,1.2519879341125488,-5.671463489532471,5.429915428161621,26
279,1.6243305206298828,-5.843617916107178,6.223398685455322,26
280,1.006346344947815,-6.712164878845215,4.80440092086792,26
281,0.853985607624054,-6.807950019836426,5.035528182983398,26
282,1.1439940929412842,-6.576144218444824,4.9060139656066895,26
283,1.3443793058395386,-6.43096399307251,5.0701518058776855,26
284,0.9823251962661743,-5.689533233642578,5.216509819030762,26
285,0.8204987645149231,-4.973939895629883,5.384354114532471,26
286,0.9332610964775085,-6.0986552238464355,6.094620227813721,26
287,0.7296577095985413,-5.870100498199463,3.839730978012085,26
288,1.071181058883667,-5.621771812438965,4.083704948425293,26
289,1.0236561298370361,-5.745078086853027,6.11229944229126,26
290,1.2179023027420044,-6.485466003417969,4.212185859680176,26
291,1.0478118658065796,-6.347474098205566,4.793527603149414,26
292,1.1111680269241333,-5.142397880554199,5.5997395515441895,26
293,0.9065080285072327,-5.252050876617432,6.722805976867676,26
294,1.240600347518921,-4.957338809967041,5.732828617095947,26
295,1.345343828201294,-5.998444080352783,4.9136061668396,26
296,1.0221726894378662,-5.440323352813721,6.1169962882995605,26
297,0.9340173006057739,-5.350123882293701,5.868734359741211,26
298,1.4099520444869995,-4.492293834686279,6.387783527374268,26
299,0.7293098568916321,-7.527132034301758,4.882215976715088,26
300,1.0148038864135742,-6.199943542480469,6.686507701873779,26
301,1.2825279235839844,-6.423745632171631,5.917239665985107,26
302,0.8759884238243103,-6.554502487182617,6.0104546546936035,26
303,1.1140702962875366,-6.614429473876953,6.807785511016846,26
304,1.0477033853530884,-6.428566932678223,7.216060638427734,26
305,1.106773018836975,-6.798253536224365,4.663618087768555,26
306,0.9914629459381104,-6.404402732849121,6.357995510101318,26
307,1.3707764148712158,-5.576394081115723,7.233046531677246,26
308,1.4450974464416504,-6.1366047859191895,5.44630241394043,26
309,0.9309996962547302,-5.786280155181885,6.292224407196045,26
310,0.9486159086227417,-6.386013031005859,6.429950714111328,26
311,1.3526936769485474,-6.035658359527588,6.6503400802612305,26
312,1.1260126829147339,-6.650547027587891,5.48645544052124,26
313,1.196373462677002,-7.231487274169922,4.486202716827393,26
314,1.0711313486099243,-4.80223274230957,7.092373847961426,26
315,0.7732426524162292,-7.052934646606445,5.74854040145874,26
316,0.7243818044662476,-5.565405368804932,7.087073802947998,26
317,1.114412784576416,-6.997529029846191,6.137931823730469,26
318,1.2596445083618164,-6.788877487182617,4.675680160522461,26
319,1.2692844867706299,-5.9588494300842285,7.626490592956543,26
320,1.1576074361801147,-7.718496322631836,6.606851577758789,26
321,0.7224539518356323,-8.956392288208008,4.34190034866333,26
322,1.35298490524292,-4.917830467224121,6.466591835021973,26
323,0.9681364297866821,-7.138088703155518,5.614389419555664,26
324,1.1056545972824097,-5.460018157958984,7.330367088317871,26
325,1.1858705282211304,-6.480860710144043,5.732334613800049,26
326,1.2682883739471436,-7.709774017333984,5.899698734283447,26
327,1.2624588012695312,-5.936167240142822,7.159395694732666,26
328,1.1456371545791626,-7.5281782150268555,7.109580039978027,26
329,0.9536927342414856,-7.9485392570495605,6.538198947906494,26
330,1.0024927854537964,-8.411127090454102,6.746575355529785,26
331,0.9804271459579468,-8.584656715393066,6.545701503753662,26
332,1.1366442441940308,-7.712153911590576,7.16124963760376,26
333,1.0963120460510254,-9.92141342163086,5.673393726348877,26
334,1.3876917362213135,-7.853875637054443,7.698235034942627,26
335,0.9145137071609497,-9.15156078338623,6.058620452880859,26
336,1.104560375213623,-8.987189292907715,6.215411186218262,26
337,1.181519627571106,-9.05029296875,4.536452293395996,26
338,1.3740081787109375,-7.344772815704346,6.2551045417785645,26
339,1.1509052515029907,-8.005411148071289,5.867468357086182,26
340,1.2174177169799805,-6.455434322357178,8.048614501953125,26
341,1.1785577535629272,-8.436507225036621,6.286038398742676,26
342,1.2755166292190552,-8.462631225585938,5.797022819519043,26
343,1.441369652748108,-7.824867248535156,6.741940975189209,26
344,0.796666145324707,-7.732570648193359,5.485127925872803,26
345,1.103135347366333,-8.60487174987793,4.517549514770508,26
346,0.9674969911575317,-8.421425819396973,4.558547019958496,26
347,0.8187947869300842,-7.390830039978027,5.5234174728393555,26
348,0.809050977230072,-7.126264572143555,4.299941062927246,26
349,0.6655441522598267,-7.568284034729004,4.508112907409668,26
350,0.8915165662765503,-6.509221076965332,5.88911771774292,26
351,1.1136482954025269,-6.591068744659424,5.909255504608154,26
352,0.8853209018707275,-8.421003341674805,3.817891836166382,26
353,1.4705866575241089,-7.618805885314941,5.17404842376709,26
354,0.9200063943862915,-6.187196731567383,4.3392109870910645,26
355,1.1448795795440674,-5.951634407043457,5.750182628631592,26
356,0.8417038321495056,-5.869801044464111,5.657095432281494,26
357,1.113004207611084,-6.534457683563232,4.745647430419922,26
358,1.2268548011779785,-6.474913120269775,5.195267677307129,26
359,1.1448677778244019,-5.233083724975586,6.271395683288574,26
360,1.0936468839645386,-5.527185440063477,5.140368461608887,26
361,0.9051185250282288,-6.080714225769043,6.209380626678467,26
362,1.2154673337936401,-6.518434047698975,5.5673980712890625,26
363,0.6538903713226318,-7.01439905166626,5.143664836883545,26
364,1.2390999794006348,-6.145511627197266,5.781277179718018,26
365,0.9278044700622559,-7.599853992462158,5.452130317687988,26
366,0.8438463807106018,-7.141679763793945,5.693909168243408,26
367,1.1285072565078735,-7.79953145980835,3.5388526916503906,26
368,0.9649180173873901,-7.941985607147217,5.791004180908203,26
369,1.1287200450897217,-6.794608116149902,5.115530967712402,26
370,0.8965592980384827,-6.295713424682617,6.0725860595703125,26
371,0.8444598913192749,-6.110228538513184,6.325506210327148,26
372,0.854010820388794,-7.541110038757324,4.804384231567383,26
373,1.0586662292480469,-6.3051042556762695,6.112424850463867,26
374,0.7849249839782715,-6.475606441497803,6.888162612915039,26
375,1.2899281978607178,-7.54172420501709,4.291019439697266,26
376,0.8117690086364746,-6.2058796882629395,6.0726542472839355,26
377,0.9741570353507996,-7.208656311035156,3.9330692291259766,26
378,1.639294147491455,-5.947384834289551,5.894890785217285,26
379,1.0977191925048828,-6.026076316833496,5.620982646942139,26
380,1.0137070417404175,-6.3846282958984375,4.912204742431641,26
381,0.9822808504104614,-5.772353649139404,4.628171920776367,26
382,1.4480210542678833,-5.317986488342285,6.724384784698486,26
383,1.1910288333892822,-6.249669551849365,5.324646949768066,26
384,0.9764127731323242,-6.245876312255859,4.164426803588867,26
385,1.131809115409851,-5.766312122344971,4.957801818847656,26
386,1.2696118354797363,-4.879532814025879,7.716453552246094,26
387,0.7090705037117004,-6.37446403503418,5.258393287658691,26
388,0.8750449419021606,-7.079155921936035,6.681722164154053,26
389,1.186834454536438,-8.532571792602539,4.936570167541504,26
390,1.5186046361923218,-7.4953999519348145,4.410568714141846,26
391,0.9803193807601929,-5.917405128479004,4.511781692504883,26
392,1.0885766744613647,-5.816722869873047,4.870837211608887,26
393,0.8116500973701477,-5.733686923980713,5.00520133972168,26
394,0.9772340655326843,-3.9119648933410645,6.387220859527588,26
395,1.2195464372634888,-4.986874103546143,5.873690128326416,26
396,1.202856183052063,-5.862500190734863,5.052229881286621,26
397,0.8439061641693115,-6.304830551147461,4.336623668670654,26
398,1.1947739124298096,-5.887801170349121,6.674163341522217,26
399,1.0087279081344604,-6.251645088195801,5.451294898986816,26
400,1.0347681045532227,-6.362392425537109,5.050166130065918,26
401,1.0994501113891602,-6.550071716308594,4.729251861572266,26
402,0.7891015410423279,-4.79984188079834,5.2689337730407715,26
403,1.2566050291061401,-4.473589897155762,5.741384983062744,26
404,1.031419038772583,-5.065752029418945,5.635465145111084,26
405,1.269898772239685,-5.694467067718506,6.093386173248291,26
406,1.336731195449829,-4.384331226348877,6.786733150482178,26
407,1.1094838380813599,-4.944511890411377,6.624149799346924,26
408,1.257775068283081,-5.175665378570557,7.0017266273498535,26
409,0.8771401047706604,-6.379602909088135,4.962480545043945,26
410,1.1100049018859863,-4.97247314453125,6.072199821472168,26
411,0.7626833319664001,-7.036871910095215,5.688034534454346,26
412,0.89680016040802,-5.291839599609375,5.987146377563477,26
413,1.1689339876174927,-5.443676948547363,5.403611183166504,26
414,0.9722568988800049,-5.616591453552246,5.903751373291016,26
415,1.120640754699707,-5.901490211486816,4.5839948654174805,26
416,0.9588536620140076,-5.849268913269043,5.095762729644775,26
417,1.4906564950942993,-5.460849285125732,5.451956272125244,26
418,0.9906963109970093,-6.004644870758057,5.225500106811523,26
419,1.2188739776611328,-6.366252422332764,4.965550422668457,26
420,1.0118248462677002,-5.9977617263793945,5.177091598510742,26
421,1.0989875793457031,-6.265334129333496,5.5576958656311035,26
422,1.3158141374588013,-6.158171653747559,5.86734676361084,26
423,0.4033726453781128,-7.1466779708862305,5.0214314460754395,26
424,1.4527074098587036,-5.5851826667785645,6.0002970695495605,26
425,0.893988847732544,-6.2638750076293945,3.53183650970459,26
426,0.7991659641265869,-5.632238388061523,5.551034927368164,26
427,1.015913486480713,-4.553384780883789,4.930135250091553,26
428,1.1803297996520996,-3.754347324371338,6.337196350097656,26
429,1.0390454530715942,-4.816023826599121,3.6541411876678467,26
430,1.2717212438583374,-4.252917766571045,3.8994054794311523,26
431,0.9443730115890503,-3.063324451446533,6.101980686187744,26
432,0.8964253664016724,-3.089641571044922,6.165146827697754,26
433,1.0795470476150513,-4.589827060699463,5.399343967437744,26
434,1.285506248474121,-5.299282073974609,4.743475914001465,26
435,0.7486093640327454,-5.0804243087768555,5.2708611488342285,26
436,0.8197571635246277,-5.003917694091797,4.489959239959717,26
437,1.0609556436538696,-4.682870864868164,4.633467674255371,26
438,1.2487761974334717,-4.134289264678955,4.073289394378662,26
439,1.2833937406539917,-3.806940793991089,5.789600372314453,26
440,1.1418907642364502,-3.9013359546661377,5.646116733551025,26
441,1.1747689247131348,-3.689713954925537,4.627021789550781,26
442,1.3041528463363647,-3.6984381675720215,6.719603061676025,26
443,0.7976130843162537,-4.374375820159912,6.1268486976623535,26
444,0.9583420157432556,-3.8473896980285645,5.458953857421875,26
445,1.2213586568832397,-3.68817400932312,4.378878116607666,26
446,0.9953302145004272,-3.907912254333496,5.220430374145508,26
447,0.9072176814079285,-4.4478373527526855,4.348411560058594,26
448,1.1727173328399658,-2.448697328567505,5.940154552459717,26
449,1.2392666339874268,-3.217345952987671,5.870016574859619,26
450,0.668566107749939,-4.528550148010254,4.871584892272949,26
451,0.4600300192832947,-4.853522777557373,4.302407741546631,26
452,0.9347591996192932,-4.766206741333008,4.426988124847412,26
453,1.0868844985961914,-4.25984001159668,5.143352508544922,26
454,0.9394901990890503,-5.44642448425293,3.5100748538970947,26
455,0.929375946521759,-5.290178298950195,4.7699055671691895,26
456,0.9891000390052795,-4.422816276550293,3.9532458782196045,26
457,1.2053561210632324,-4.428736686706543,5.125985145568848,26
458,0.901265025138855,-4.628739833831787,2.6837656497955322,26
459,1.0430649518966675,-2.5275261402130127,5.486753463745117,26
460,0.8624589443206787,-3.5399129390716553,4.485208511352539,26
461,1.221193790435791,-2.207334280014038,5.872005462646484,26
462,1.3413118124008179,-3.0939815044403076,5.436710357666016,26
463,0.5516921877861023,-3.9589364528656006,4.11331844329834,26
464,0.7278851866722107,-3.0404694080352783,5.2844367027282715,26
465,0.8091630339622498,-4.365854740142822,3.41493821144104,26
466,1.3625564575195312,-1.8710379600524902,6.8295135498046875,26
467,1.1362247467041016,-4.559962272644043,5.540365219116211,26
468,1.4894492626190186,-4.672471523284912,3.319119691848755,26
469,1.4089763164520264,-3.4159903526306152,4.878875732421875,26
470,0.8659923076629639,-3.418362855911255,4.533012390136719,26
471,1.123193621635437,-4.325281143188477,3.464428424835205,26
472,0.9967780709266663,-3.187875509262085,4.9647603034973145,26
473,0.7444563508033752,-2.7023489475250244,6.398923873901367,26
474,0.4263998866081238,-4.164355754852295,4.115515232086182,26
475,1.1371313333511353,-2.7298574447631836,6.154188632965088,26
476,1.0788592100143433,-5.366999626159668,3.3858070373535156,26
477,0.7613532543182373,-4.084044933319092,4.16080904006958,26
478,1.2961578369140625,-3.6848723888397217,4.55159854888916,26
479,0.9954341650009155,-4.026530742645264,4.030313968658447,26
480,1.349997878074646,-3.6276047229766846,5.863412380218506,26
481,1.3643841743469238,-3.7347893714904785,5.928208827972412,26
482,1.2219675779342651,-3.1737194061279297,5.233788967132568,26
483,0.7084848284721375,-4.907179355621338,3.9860775470733643,26
484,0.7964960932731628,-3.6074471473693848,4.986642360687256,26
485,0.9827444553375244,-3.9730584621429443,3.6829798221588135,26
486,1.1546403169631958,-3.700488567352295,4.107429504394531,26
487,0.8797838687896729,-3.477968692779541,5.189475059509277,26
488,0.627469539642334,-4.5635175704956055,4.03465461730957,26
489,0.8837255239486694,-3.758572578430176,4.051240921020508,26
490,0.95767742395401,-3.9062693119049072,3.1448099613189697,26
491,1.1199970245361328,-2.7439866065979004,5.663453102111816,26
492,1.1474721431732178,-3.49324893951416,4.34621524810791,26
493,1.0271998643875122,-4.176355361938477,2.888746976852417,26
494,0.9062218070030212,-3.453260898590088,4.17886209487915,26
495,0.774081289768219,-4.018887996673584,5.081046104431152,26
496,1.0945782661437988,-3.702526569366455,4.229501247406006,26
497,1.3855727910995483,-3.4005117416381836,4.094447135925293,26
498,1.1183321475982666,-2.831819772720337,5.183990955352783,26
499,0.7447642683982849,-3.2499096393585205,4.78328800201416,26
500,1.231026530265808,-3.3958396911621094,4.982538223266602,26
501,0.8062125444412231,-3.7399590015411377,4.709354877471924,26
502,1.8062756061553955,-2.3581268787384033,5.152162075042725,26
503,0.8585099577903748,-3.6946983337402344,5.3336968421936035,26
504,0.920768141746521,-4.21547269821167,4.329764366149902,26
505,0.9330962896347046,-3.843618869781494,5.251995086669922,26
506,0.9854336380958557,-4.855565071105957,3.5841946601867676,26
507,0.8910173177719116,-5.156469345092773,2.876575469970703,26
508,1.1026558876037598,-3.7172679901123047,5.274367332458496,26
509,1.2128149271011353,-2.611438274383545,3.7436089515686035,26
510,0.9156972765922546,-1.9889113903045654,3.5385611057281494,26
511,1.014847993850708,-2.5631160736083984,4.174921035766602,26
512,0.8407639265060425,-1.9361331462860107,5.076422691345215,26
513,0.6933012008666992,-2.3499481678009033,4.884871006011963,26
514,1.0440621376037598,-2.500861167907715,3.9111199378967285,26
515,1.0096312761306763,-2.6459455490112305,3.609257698059082,26
516,0.5207211971282959,-3.0552010536193848,3.2243103981018066,26
517,0.9915487170219421,-2.438659191131592,4.607273101806641,26
518,1.4631179571151733,-2.518594264984131,3.6935744285583496,26
519,0.9797248244285583,-3.0416111946105957,3.2554574012756348,26
520,1.039711833000183,-2.500094413757324,4.211884498596191,26
521,0.7900845408439636,-2.294123649597168,3.4878287315368652,26
522,0.6809319853782654,-2.0441062450408936,3.5274744033813477,26
523,0.8488772511482239,-0.9247156381607056,4.576350688934326,26
524,0.991340160369873,-0.10065314173698425,5.4798102378845215,26
525,1.1177955865859985,-1.7052453756332397,3.935706615447998,26
526,1.4954473972320557,-1.8364109992980957,6.387843608856201,26
527,1.4254443645477295,-1.9004544019699097,4.827916145324707,26
528,0.9155446887016296,-3.2432897090911865,3.5231032371520996,26
529,0.8963513374328613,-1.6147072315216064,4.9093523025512695,26
530,0.9762102961540222,-4.349964141845703,2.5603034496307373,26
531,1.1437819004058838,-3.048335313796997,3.5898349285125732,26
532,1.023158073425293,-3.26743221282959,2.8457934856414795,26
533,1.1959692239761353,-2.4770913124084473,5.76734733581543,26
534,0.8716524243354797,-2.698575019836426,4.920993804931641,26
535,1.1789366006851196,-3.22279953956604,4.880456924438477,26
536,0.7635140419006348,-4.616695404052734,3.954585075378418,26
537,1.244512677192688,-3.16443133354187,3.286923885345459,26
538,1.153834342956543,-2.209542751312256,3.762960195541382,26
539,0.6412177085876465,-2.106138229370117,3.765084743499756,26
540,0.9820966124534607,-1.7793995141983032,3.215928554534912,26
541,1.2469419240951538,-0.5929157733917236,4.554437637329102,26
542,0.8028384447097778,-1.6781132221221924,3.762037515640259,26
543,1.334160566329956,-1.0021510124206543,4.730226039886475,26
544,0.5661386251449585,-2.2847847938537598,4.455357074737549,26
545,0.9488358497619629,-1.7824747562408447,4.978001594543457,26
546,0.7488176822662354,-2.13089656829834,4.414700508117676,26
547,1.181056261062622,-2.9860498905181885,3.839354991912842,26
548,1.0314420461654663,-2.5249927043914795,5.072530269622803,26
549,0.8555901050567627,-3.422642946243286,3.94767165184021,26
550,1.1683375835418701,-3.061680316925049,5.695078372955322,26
551,0.7772485017776489,-2.991464376449585,5.799811363220215,26
552,0.8856058716773987,-3.429394006729126,4.798109531402588,26
553,0.8678832650184631,-2.445176362991333,6.026862144470215,26
554,0.9128371477127075,-1.5275375843048096,6.54006290435791,26
555,1.4531664848327637,-2.252039670944214,6.33767557144165,26
556,0.8640431761741638,-3.282335042953491,4.90574836730957,26
557,1.2324748039245605,-3.045827627182007,5.657449722290039,26
558,1.0845656394958496,-3.8457939624786377,4.503701210021973,26
559,1.0309510231018066,-4.348520278930664,3.4646358489990234,26
560,0.7862329483032227,-4.158636093139648,3.9601423740386963,26
561,1.1310042142868042,-4.263070583343506,4.371975898742676,26
562,1.0538007020950317,-3.71753191947937,5.372709274291992,26
563,1.0559295415878296,-4.431992530822754,5.6736884117126465,26
564,1.1746115684509277,-3.8585939407348633,5.91470193862915,26
565,1.0277435779571533,-4.38551139831543,5.134319305419922,26
566,1.171943187713623,-4.616143703460693,5.455117225646973,26
567,1.180650234222412,-6.361964225769043,5.771673202514648,26
568,1.5019422769546509,-6.021011829376221,5.922143459320068,26
569,1.267027735710144,-6.495826721191406,5.950109004974365,26
570,1.2692726850509644,-6.651224613189697,5.390019416809082,26
571,1.5413095951080322,-6.156504154205322,6.952672004699707,26
572,1.1288771629333496,-6.7251176834106445,6.128840446472168,26
573,1.3429179191589355,-6.250401496887207,4.875254154205322,26
574,1.0655165910720825,-6.365911483764648,5.358980178833008,26
575,1.2716023921966553,-6.4386372566223145,4.554856777191162,26
576,1.2486695051193237,-6.590379238128662,4.725808620452881,26
577,0.8653174638748169,-5.431619644165039,5.191390514373779,26
578,1.4657573699951172,-5.046228408813477,5.740938186645508,26
579,1.1549737453460693,-5.018335342407227,5.235507965087891,26
580,0.972088098526001,-4.980592250823975,5.8614678382873535,26
581,1.3573145866394043,-4.093243598937988,6.0420379638671875,26
582,1.105532169342041,-4.444342613220215,5.120710849761963,26
583,1.1608781814575195,-5.132854461669922,5.475353717803955,26
584,0.9218900799751282,-5.1277666091918945,3.694462537765503,26
585,1.1174156665802002,-4.309699535369873,3.6202588081359863,26
586,1.1057331562042236,-3.157029390335083,5.955578804016113,26
587,1.2285287380218506,-4.365011692047119,4.912683963775635,26
588,0.9710642099380493,-3.579453468322754,5.411455154418945,26
589,0.9638581871986389,-3.895864725112915,4.203886985778809,26
590,0.9059825539588928,-3.9345946311950684,3.9982380867004395,26
591,1.718576192855835,-2.6500918865203857,6.439481735229492,26
592,1.4233782291412354,-4.119009971618652,5.255615234375,26
593,0.8431436419487,-4.216962814331055,4.708888053894043,26
594,1.324115514755249,-4.900477886199951,5.277990818023682,26
595,1.3561432361602783,-3.5383472442626953,5.086651802062988,26
596,0.8628494739532471,-4.105737686157227,4.517991065979004,26
597,1.4042264223098755,-3.6816673278808594,4.896249771118164,26
598,0.7672610282897949,-3.970811128616333,5.141016483306885,26
599,0.9363126158714294,-5.235105037689209,3.0124480724334717,26
600,1.193153977394104,-3.6229169368743896,4.338083744049072,26
601,0.8980308175086975,-2.905830144882202,5.982276439666748,26
602,0.8890208005905151,-3.4374237060546875,4.359367370605469,26
603,0.635202944278717,-3.7914834022521973,3.9351582527160645,26
604,0.7803454399108887,-3.179546356201172,5.995241641998291,26
605,1.087481141090393,-4.636500835418701,3.3973820209503174,26
606,1.2395493984222412,-3.4704768657684326,4.5279035568237305,26
607,1.0631051063537598,-3.1291730403900146,4.527533054351807,26
608,0.9459142088890076,-3.1842596530914307,4.794609546661377,26
609,0.9016749262809753,-3.2473578453063965,4.411396503448486,26
610,1.2049450874328613,-4.033593654632568,4.195013046264648,26
611,0.9486861824989319,-3.994966983795166,3.664837121963501,26
612,1.023929238319397,-3.442082166671753,3.5235087871551514,26
613,0.9032896757125854,-2.9394590854644775,5.650051593780518,26
614,1.1199140548706055,-3.128627061843872,5.50240421295166,26
615,0.6889166235923767,-4.389808177947998,4.834500312805176,26
616,0.9645189642906189,-4.568354606628418,5.019167900085449,26
617,0.921258270740509,-2.7380995750427246,5.636544227600098,26
618,1.2849528789520264,-3.509967088699341,3.3979172706604004,26
619,0.8027754426002502,-3.8720545768737793,4.204250335693359,26
620,0.8329967260360718,-4.577516555786133,4.593998432159424,26
621,0.5253252387046814,-5.286370754241943,3.744011163711548,26
622,1.4106274843215942,-3.9187586307525635,4.665122985839844,26
623,1.526668667793274,-3.7600791454315186,4.754692554473877,26
624,0.9548029899597168,-4.292881011962891,4.346488952636719,26
625,0.9259334206581116,-4.620291233062744,3.397493600845337,26
626,1.1111648082733154,-4.275328636169434,6.46560001373291,26
627,1.323352575302124,-4.282268047332764,4.167594909667969,26
628,1.005807638168335,-3.569596529006958,4.843533039093018,26
629,1.2884849309921265,-3.218319892883301,6.295717239379883,26
630,0.9117723703384399,-3.9534873962402344,2.4649362564086914,26
631,1.1846710443496704,-1.9755498170852661,5.968630313873291,26
632,1.0785441398620605,-2.4767701625823975,4.063788890838623,26
633,1.0613418817520142,-2.3911051750183105,3.9375994205474854,26
634,1.0401484966278076,-0.4815518856048584,6.611124038696289,26
635,0.7923041582107544,-2.4417295455932617,4.455786228179932,26
636,0.8207052946090698,-3.075838327407837,3.0639331340789795,26
637,0.8567654490470886,-2.339975357055664,4.569719314575195,26
638,0.6077349185943604,-2.6042227745056152,3.9735898971557617,26
639,0.9374242424964905,-3.6712160110473633,1.924788475036621,26
640,0.6830142736434937,-2.8190441131591797,3.9759747982025146,26
641,0.4607827663421631,-4.2305006980896,3.394536018371582,26
642,0.8623983860015869,-2.8262321949005127,4.463204383850098,26
643,0.8984741568565369,-3.4420061111450195,4.464432239532471,26
644,0.9414961338043213,-3.028419017791748,5.277179718017578,26
645,0.6878874897956848,-3.176130771636963,5.786618232727051,26
646,0.9680652022361755,-2.535940647125244,6.044925212860107,26
647,1.47975492477417,-2.6330647468566895,5.310206890106201,26
648,0.9424526691436768,-3.5095746517181396,5.148289680480957,26
649,1.0563732385635376,-5.574892520904541,3.0693917274475098,26
650,1.0996888875961304,-4.2563042640686035,4.298789024353027,26
651,0.9123669266700745,-4.3719801902771,5.150720596313477,26
652,0.7133482694625854,-3.5826172828674316,4.362299919128418,26
653,1.2715179920196533,-5.172247409820557,5.9768524169921875,26
654,1.172086477279663,-5.63088321685791,5.576859951019287,26
655,0.914106011390686,-5.718832969665527,5.34289026260376,26
656,1.006369948387146,-5.262523174285889,5.840668201446533,26
657,1.0796557664871216,-4.4959211349487305,4.718532562255859,26
658,1.271636724472046,-3.832750082015991,5.687490940093994,26
659,1.2297464609146118,-4.449618339538574,6.163782596588135,26
660,0.7031784057617188,-3.9877095222473145,4.747442722320557,26
661,0.8818516135215759,-5.140471458435059,4.533808708190918,26
662,1.208441138267517,-4.465392589569092,4.991374969482422,26
663,0.7764440774917603,-5.255220890045166,3.5838286876678467,26
664,0.7644742727279663,-3.787773370742798,5.892899990081787,26
665,0.8685269951820374,-4.4853105545043945,5.715513229370117,26
666,1.0753111839294434,-5.078675746917725,2.898595094680786,26
667,1.1415035724639893,-3.8000004291534424,4.6323699951171875,26
668,1.0553085803985596,-3.8311197757720947,4.7224225997924805,26
669,1.4607926607131958,-3.545480966567993,3.995374917984009,26
670,1.2750487327575684,-2.910555362701416,5.60005521774292,26
671,1.0690155029296875,-2.363607168197632,6.850733757019043,26
672,1.0503071546554565,-3.469364643096924,3.2021424770355225,26
673,1.0846221446990967,-2.3675692081451416,6.020544052124023,26
674,1.2561513185501099,-3.231785297393799,4.762848854064941,26
675,1.354583978652954,-2.6595120429992676,5.4044084548950195,26
676,0.8286184072494507,-2.971426010131836,5.423490047454834,26
677,0.8273844122886658,-4.112697124481201,5.256668567657471,26
678,0.5477856993675232,-2.868034839630127,4.9386982917785645,26
679,1.2747998237609863,-2.784660816192627,4.481490612030029,26
680,0.9414094090461731,-3.8794000148773193,4.506856918334961,26
681,1.107875108718872,-2.76483154296875,4.419702529907227,26
682,1.286415457725525,-3.6733388900756836,4.399576663970947,26
683,0.5827428102493286,-3.6357076168060303,3.8686869144439697,26
684,1.349179983139038,-2.6835007667541504,4.587470531463623,26
685,0.20386454463005066,-4.433471202850342,3.4450271129608154,26
686,1.5270909070968628,-3.3214004039764404,4.829180717468262,26
687,0.7145211696624756,-3.3549976348876953,3.4905431270599365,26
688,1.3487356901168823,-2.554556369781494,5.49460506439209,26
689,1.2292124032974243,-2.3138954639434814,6.64630651473999,26
690,1.0560246706008911,-3.532456636428833,3.639164447784424,26
691,0.9525291919708252,-3.273118019104004,5.168109893798828,26
692,1.1003490686416626,-3.3586652278900146,5.418182373046875,26
693,0.9239926338195801,-4.918390274047852,5.374232292175293,26
694,1.1703641414642334,-5.54433536529541,3.160578966140747,26
695,1.4362263679504395,-4.930844783782959,4.407529830932617,26
696,1.0856975317001343,-4.983065605163574,4.241030216217041,26
697,0.9963951706886292,-4.578423976898193,5.11116886138916,26
698,0.8224948048591614,-4.516897678375244,5.107582092285156,26
699,1.179781436920166,-4.744907855987549,6.4030890464782715,26
700,0.9546806216239929,-5.62447452545166,4.741466522216797,26
701,1.4973645210266113,-4.934491157531738,6.260056495666504,26
702,0.7406986355781555,-6.537241458892822,4.2338995933532715,26
703,0.9522720575332642,-5.993777275085449,3.869370460510254,26
704,1.3431105613708496,-5.732533931732178,5.582903861999512,26
705,0.98476243019104,-5.211633205413818,6.529704570770264,26
706,0.9791808128356934,-6.409796714782715,4.153564453125,26
707,0.8510462045669556,-5.25477933883667,5.668586730957031,26
708,0.9662728309631348,-6.400380611419678,3.906183958053589,26
709,1.0136078596115112,-5.865537643432617,4.200767517089844,26
710,0.9237368106842041,-5.7199835777282715,5.897104740142822,26
711,1.0022563934326172,-6.3740129470825195,4.059354782104492,26
712,1.203160047531128,-5.571842670440674,4.933025360107422,26
713,1.3638218641281128,-6.1744818687438965,4.811638832092285,26
714,0.898420512676239,-5.275180816650391,5.904082775115967,26
715,0.9809340834617615,-6.891958236694336,4.381765365600586,26
716,1.1968110799789429,-5.865204334259033,6.170325756072998,26
717,1.1715091466903687,-6.043807506561279,5.891678810119629,26
718,1.0670992136001587,-6.595717430114746,5.224493503570557,26
719,0.8675187230110168,-7.342444896697998,4.619818210601807,26
720,0.9575708508491516,-7.889263153076172,5.572576522827148,26
721,1.3163725137710571,-6.174044132232666,6.838324069976807,26
722,1.5965420007705688,-8.343232154846191,7.615928649902344,26
723,1.1215373277664185,-8.304428100585938,5.715307712554932,26
724,1.232635498046875,-8.08353042602539,5.579356670379639,26
725,1.4502819776535034,-7.606810569763184,7.269343376159668,26
726,1.4681923389434814,-7.4277167320251465,6.860620975494385,26
727,1.1327356100082397,-8.894619941711426,6.220818519592285,26
728,0.9934205412864685,-8.95644760131836,5.449902057647705,26
729,1.5571086406707764,-7.796407699584961,6.656366348266602,26
730,1.112323522567749,-8.101372718811035,4.784134864807129,26
731,1.1061546802520752,-7.84953498840332,5.786777019500732,26
732,1.5488845109939575,-8.279165267944336,6.6137776374816895,26
733,1.0979418754577637,-7.772409915924072,6.782425403594971,26
734,1.169797658920288,-8.017217636108398,5.3760666847229,26
735,1.2258310317993164,-7.433775424957275,7.145716190338135,26
736,1.301201343536377,-7.800742149353027,7.2952117919921875,26
737,1.4394645690917969,-8.782852172851562,7.653592109680176,26
738,1.48252272605896,-9.341930389404297,7.509782314300537,26
739,0.9265232682228088,-8.393810272216797,5.852075099945068,26
740,1.077040433883667,-8.778383255004883,7.093242645263672,26
741,1.361362099647522,-8.468408584594727,7.755559921264648,26
742,1.14710533618927,-8.869356155395508,6.916390895843506,26
743,1.0154048204421997,-8.582630157470703,6.857349872589111,26
744,1.2962603569030762,-7.89232063293457,7.0127177238464355,26
745,1.2645009756088257,-8.747211456298828,6.851815223693848,26
746,1.3665893077850342,-8.204333305358887,6.757323265075684,26
747,1.0805388689041138,-9.04039192199707,4.93990421295166,26
748,1.4193897247314453,-8.205208778381348,7.885802268981934,26
749,0.8719449043273926,-8.440032005310059,6.342062473297119,26
750,0.8339341282844543,-9.012788772583008,5.024703025817871,26
751,1.117751955986023,-8.46519947052002,7.140050888061523,26
752,0.9870749115943909,-10.111677169799805,7.30438756942749,26
753,1.3117542266845703,-9.94890022277832,8.40432357788086,26
754,1.4145519733428955,-9.621224403381348,7.733086109161377,26
755,1.1990524530410767,-10.995081901550293,7.31718111038208,26
756,1.0617550611495972,-11.547956466674805,6.860751628875732,26
757,0.8837262392044067,-11.424674987792969,6.064395904541016,26
758,0.893663763999939,-8.19748306274414,7.370859146118164,26
759,1.3636170625686646,-8.2124662399292,8.0148286819458,26
760,0.5449445247650146,-9.805296897888184,6.916743278503418,26
761,1.2932662963867188,-10.199065208435059,6.809203147888184,26
762,1.5308588743209839,-9.091626167297363,7.938917636871338,26
763,1.5347795486450195,-9.898246765136719,7.400827884674072,26
764,1.428216576576233,-10.986223220825195,6.43671989440918,26
765,1.0593324899673462,-8.536608695983887,5.4454474449157715,26
766,1.1801440715789795,-8.250605583190918,5.7820844650268555,26
767,1.5060951709747314,-9.845963478088379,6.764419078826904,26
768,1.120572805404663,-10.387744903564453,6.278732776641846,26
769,1.3951328992843628,-9.64161491394043,8.370683670043945,26
770,1.3718540668487549,-10.01131534576416,7.4070048332214355,26
771,1.3792380094528198,-11.840551376342773,6.0257487297058105,26
772,0.7375096082687378,-9.37190055847168,4.654687881469727,26
773,1.6773282289505005,-10.861857414245605,5.204070568084717,26
774,1.280319333076477,-11.657479286193848,8.671110153198242,26
775,1.189681053161621,-10.874638557434082,8.485937118530273,26
776,1.0606664419174194,-10.980822563171387,7.665771961212158,26
777,0.8253030180931091,-10.894052505493164,6.4124932289123535,26
778,1.1450693607330322,-10.661542892456055,6.617874622344971,26
779,1.1623884439468384,-9.71170711517334,7.657209396362305,26
780,1.403160810470581,-8.40864372253418,7.577264308929443,26
781,0.9330936074256897,-8.5023832321167,6.915904998779297,26
782,0.9434774518013,-8.446231842041016,4.6734514236450195,26
783,1.3944875001907349,-8.10285472869873,7.834846496582031,26
784,1.4140948057174683,-10.223523139953613,4.734151840209961,26
785,1.252081036567688,-8.328774452209473,7.24517822265625,26
786,1.0305519104003906,-8.498414039611816,6.083903789520264,26
787,1.0265697240829468,-8.540596008300781,6.379358768463135,26
788,1.4389092922210693,-8.973180770874023,7.30992317199707,26
789,0.9883285164833069,-8.479820251464844,7.952676296234131,26
790,1.3735833168029785,-9.750503540039062,7.871062755584717,26
791,1.3828606605529785,-10.014363288879395,6.0984673500061035,26
792,1.1194729804992676,-9.464723587036133,6.820075035095215,26
793,1.196162223815918,-10.446257591247559,6.5260748863220215,26
794,0.8350284099578857,-11.09753704071045,5.863224506378174,26
795,1.4152060747146606,-11.642189025878906,7.1331281661987305,26
796,1.1395097970962524,-11.784236907958984,7.873113632202148,26
797,1.328739881515503,-11.70356559753418,7.7272772789001465,26
798,1.1702852249145508,-9.800140380859375,7.600323677062988,26
799,1.3378595113754272,-10.383362770080566,6.580774307250977,26
800,1.4222627878189087,-10.848773002624512,7.230339527130127,26
801,1.100296139717102,-10.744401931762695,6.846503257751465,26
802,0.8148106336593628,-10.26876449584961,7.49505090713501,26
803,1.2568609714508057,-10.118266105651855,7.317588806152344,26
804,1.1931109428405762,-10.085783004760742,7.5968098640441895,26
805,1.2428101301193237,-10.7274169921875,6.830619812011719,26
806,1.2398779392242432,-9.869604110717773,8.720379829406738,26
807,1.6206504106521606,-11.612022399902344,7.122706890106201,26
808,1.1283153295516968,-10.388564109802246,7.989251136779785,26
809,1.1611509323120117,-12.276664733886719,8.905841827392578,26
810,1.2578250169754028,-12.537455558776855,7.719886779785156,26
811,1.560281753540039,-12.290376663208008,8.744834899902344,26
812,1.0691351890563965,-12.440004348754883,6.185946941375732,26
813,1.323152780532837,-12.484115600585938,7.833224296569824,26
814,1.0224591493606567,-12.775392532348633,7.746741771697998,26
815,1.2466715574264526,-10.140684127807617,4.144489765167236,26
816,1.3384554386138916,-9.716459274291992,6.565777778625488,26
817,0.9679792523384094,-9.9859037399292,7.7896575927734375,26
818,0.8569356203079224,-9.898679733276367,6.6685638427734375,26
819,1.357730746269226,-10.655716896057129,7.989879608154297,26
820,1.0077911615371704,-11.458251953125,6.81167459487915,26
821,1.6159617900848389,-11.60949993133545,6.903140068054199,26
822,1.0468108654022217,-11.329469680786133,7.242447853088379,26
823,1.2947618961334229,-9.645674705505371,9.68488597869873,26
824,0.8296797275543213,-12.90378475189209,6.757162094116211,26
825,1.488295316696167,-12.199299812316895,7.491786956787109,26
826,1.3089851140975952,-11.146065711975098,8.277713775634766,26
827,1.5898064374923706,-11.065451622009277,7.005738735198975,26
828,1.2606327533721924,-9.815934181213379,6.620728492736816,26
829,1.228137731552124,-9.408295631408691,7.1932148933410645,26
830,1.304887056350708,-10.704351425170898,7.80109167098999,26
831,1.1475003957748413,-10.874527931213379,6.288750648498535,26
832,1.2481727600097656,-9.42837142944336,7.8592143058776855,26
833,1.6256864070892334,-11.511024475097656,6.653110027313232,26
834,1.261289358139038,-9.487897872924805,4.9655280113220215,26
835,1.3037647008895874,-8.512565612792969,6.574632167816162,26
836,1.1095010042190552,-10.987897872924805,7.715301036834717,26
837,0.8626500964164734,-12.771709442138672,6.593715667724609,26
838,0.920423686504364,-11.054939270019531,6.860640525817871,26
839,1.3106207847595215,-12.87205696105957,9.3496732711792,26
840,1.2262777090072632,-13.635822296142578,7.380837440490723,26
841,1.5385833978652954,-13.611101150512695,9.122090339660645,26
842,1.0623087882995605,-10.296626091003418,7.034405708312988,26
843,0.7219917178153992,-10.761003494262695,5.485076904296875,26
844,1.210273265838623,-12.684717178344727,5.6638503074646,26
845,1.4914344549179077,-12.004891395568848,8.366169929504395,26
846,0.915285050868988,-10.58152961730957,7.3461079597473145,26
847,1.3026536703109741,-12.91192626953125,6.872958183288574,26
848,1.304073691368103,-14.191926002502441,8.419276237487793,26
849,1.1583620309829712,-13.446074485778809,8.610081672668457,26
850,1.1896778345108032,-11.383805274963379,5.839541435241699,26
851,1.261346697807312,-12.483684539794922,7.843141078948975,26
852,1.132744312286377,-10.540752410888672,6.261634826660156,26
853,1.3342971801757812,-13.38559627532959,8.86388111114502,26
854,1.0037304162979126,-14.680096626281738,7.307523727416992,26
855,1.0508942604064941,-9.93577766418457,8.789725303649902,26
856,1.064392328262329,-13.239752769470215,8.321709632873535,26
857,1.6882357597351074,-13.748153686523438,7.924687385559082,26
858,1.2056996822357178,-13.339550018310547,9.51577091217041,26
859,0.8650233149528503,-12.931201934814453,7.801204681396484,26
860,1.2351717948913574,-12.43005657196045,8.228967666625977,26
861,1.635558009147644,-13.656611442565918,7.9996562004089355,26
862,1.1917110681533813,-13.239933013916016,7.751804351806641,26
863,1.4498887062072754,-12.73344612121582,7.871220588684082,26
864,1.1508615016937256,-12.4194917678833,7.580324649810791,26
865,1.0809743404388428,-12.554753303527832,6.967801570892334,26
866,1.078054428100586,-6.264621257781982,4.564731597900391,26
867,0.9479567408561707,-10.453636169433594,7.468249320983887,26
868,0.9202737808227539,-11.255438804626465,6.827056884765625,26
869,1.2589179277420044,-7.999711036682129,8.61015510559082,26
870,1.164419412612915,-10.863530158996582,8.224726676940918,26
871,1.5796265602111816,-10.344348907470703,8.3084716796875,26
872,1.5127650499343872,-11.78885555267334,7.584839344024658,26
873,1.2799140214920044,-14.641573905944824,7.5920586585998535,26
874,1.3422406911849976,-11.698101043701172,7.690938949584961,26
875,1.3774710893630981,-13.141031265258789,6.785469055175781,26
876,1.2564499378204346,-12.792580604553223,8.233976364135742,26
877,1.4778015613555908,-14.055448532104492,7.6759748458862305,26
878,1.0375268459320068,-10.760238647460938,6.41486930847168,26
879,1.0210002660751343,-14.182437896728516,7.82215690612793,26
880,1.283494234085083,-12.962472915649414,8.571493148803711,26
881,1.361358404159546,-15.179679870605469,6.836027145385742,26
882,1.4734015464782715,-13.33137321472168,7.079323768615723,26
883,1.0903537273406982,-13.86008358001709,7.520308494567871,26
884,1.545548915863037,-12.614301681518555,9.912158966064453,26
885,1.3528209924697876,-13.999588012695312,6.474346160888672,26
886,1.7643450498580933,-13.629477500915527,6.678370475769043,26
887,1.5439162254333496,-13.14137077331543,8.791046142578125,26
888,1.1879562139511108,-14.302048683166504,8.97026252746582,26
889,1.6749777793884277,-16.378089904785156,7.470478534698486,26
890,1.357836127281189,-15.580352783203125,8.60092830657959,26
891,1.2772488594055176,-14.230401992797852,8.17230224609375,26
892,1.1685752868652344,-13.048248291015625,9.726978302001953,26
893,1.4305537939071655,-12.774080276489258,9.97154426574707,26
894,1.110261082649231,-14.55810832977295,8.227594375610352,26
895,1.3772445917129517,-14.287635803222656,11.087040901184082,26
896,1.2666594982147217,-19.687707901000977,8.732169151306152,26
897,1.4031832218170166,-14.433067321777344,9.263599395751953,26
898,1.218828797340393,-16.26374053955078,8.9000825881958,26
899,1.4197518825531006,-15.732726097106934,9.031120300292969,26
900,1.4832454919815063,-15.565231323242188,10.32052230834961,26
901,1.3461393117904663,-14.027393341064453,8.258783340454102,26
902,1.3819284439086914,-15.684073448181152,8.113319396972656,26
903,1.2461388111114502,-14.372760772705078,9.004488945007324,26
904,1.2248435020446777,-12.29533576965332,7.037147521972656,26
905,0.7983644604682922,-12.48052978515625,6.673171043395996,26
906,1.1507099866867065,-17.263669967651367,8.58320140838623,26
907,1.2315112352371216,-10.75857162475586,6.471726894378662,26
908,1.3103872537612915,-14.389678955078125,8.649784088134766,26
909,1.1745479106903076,-12.268258094787598,5.65811014175415,26
910,1.409922480583191,-15.030376434326172,9.182604789733887,26
911,1.4013947248458862,-14.824487686157227,8.063370704650879,26
912,1.450556755065918,-13.104974746704102,9.037069320678711,26
913,1.2485473155975342,-14.630261421203613,8.415895462036133,26
914,1.0520272254943848,-12.72717571258545,7.936025142669678,26
915,0.9896467328071594,-10.19482135772705,6.707294464111328,26
916,1.3003257513046265,-10.394599914550781,7.603968620300293,26
917,1.3834471702575684,-11.102822303771973,6.4290595054626465,26
918,0.9625734686851501,-10.738500595092773,7.254605293273926,26
919,1.1504987478256226,-11.170140266418457,7.436209678649902,26
920,1.0026973485946655,-10.503182411193848,8.34951400756836,26
921,1.3400182723999023,-10.672050476074219,7.793581962585449,26
922,1.3340494632720947,-14.022819519042969,6.244691848754883,26
923,1.373491883277893,-10.898326873779297,6.357927322387695,26
924,1.0495926141738892,-8.339801788330078,4.846778392791748,26
925,1.236314058303833,-7.9337663650512695,4.673915386199951,26
926,1.2928082942962646,-14.34152603149414,8.390693664550781,26
927,1.3893463611602783,-11.682122230529785,8.365506172180176,26
928,1.3357738256454468,-9.675926208496094,7.991317272186279,26
929,1.1412227153778076,-10.994641304016113,6.463136196136475,26
930,0.8645059466362,-12.699854850769043,8.51700496673584,26
931,1.356953740119934,-12.663954734802246,8.002357482910156,26
932,1.4773472547531128,-11.604491233825684,7.084377288818359,26
933,1.2597194910049438,-9.712628364562988,5.162152290344238,26
934,1.629211187362671,-11.078560829162598,8.812189102172852,26
935,1.4451783895492554,-13.06647777557373,7.17209005355835,26
936,1.0834153890609741,-15.818413734436035,7.9148101806640625,26
937,1.2981667518615723,-13.3618745803833,7.5510334968566895,26
938,0.9662041664123535,-11.382179260253906,6.3585944175720215,26
939,1.1195454597473145,-12.844542503356934,8.927457809448242,26
940,0.9608945250511169,-12.784564971923828,6.189084053039551,26
941,1.228781819343567,-11.343438148498535,7.7122602462768555,26
942,0.9759057760238647,-15.99227523803711,6.323385238647461,26
943,1.3749040365219116,-7.230574131011963,6.1948628425598145,26
944,1.5456867218017578,-14.330846786499023,7.636905193328857,26
945,1.206419825553894,-10.151247024536133,6.968294143676758,26
946,1.3248696327209473,-10.759790420532227,6.962063312530518,26
947,1.1590148210525513,-12.432564735412598,7.078421592712402,26
948,1.1509712934494019,-10.552042007446289,7.3097076416015625,26
949,1.348178505897522,-11.10840892791748,7.300317287445068,26
950,0.6408017873764038,-11.640854835510254,6.7539167404174805,26
951,1.4384045600891113,-13.033018112182617,7.689659595489502,26
952,1.2423536777496338,-10.243868827819824,6.87562894821167,26
953,1.02509605884552,-9.900339126586914,6.749916076660156,26
954,0.990472137928009,-11.09654426574707,6.8912529945373535,26
955,1.3326530456542969,-11.793344497680664,6.1255879402160645,26
956,1.1450893878936768,-10.659431457519531,6.279835224151611,26
957,1.5278573036193848,-12.224186897277832,8.131261825561523,26
958,1.2905339002609253,-12.00645923614502,6.589047431945801,26
959,1.3360735177993774,-9.11291217803955,6.278312683105469,26
960,1.36734139919281,-10.87535285949707,6.469137191772461,26
961,1.1025714874267578,-10.469356536865234,5.598546981811523,26
962,1.0401062965393066,-6.7863850593566895,4.881446838378906,26
963,1.5894371271133423,-13.411713600158691,8.322283744812012,26
964,1.1334974765777588,-10.1898775100708,7.500585079193115,26
965,1.171576976776123,-12.717123985290527,8.982505798339844,26
966,1.155503749847412,-11.100521087646484,7.705140113830566,26
967,0.8193158507347107,-10.61153793334961,5.90015983581543,26
968,0.7053990364074707,-10.253409385681152,5.301249027252197,26
969,0.8965690732002258,-12.01418399810791,6.309841156005859,26
970,0.9228132963180542,-10.401840209960938,6.814709663391113,26
971,1.0583373308181763,-12.19502067565918,8.540902137756348,26
972,1.2274484634399414,-9.765921592712402,8.638853073120117,26
973,1.242060661315918,-17.90947151184082,9.3187894821167,26
974,1.2604995965957642,-14.03719425201416,8.316134452819824,26
975,1.381638526916504,-13.568588256835938,9.441740989685059,26
976,1.6043413877487183,-12.669760704040527,8.60820198059082,26
977,1.304167628288269,-12.706474304199219,7.897322654724121,26
978,1.1852017641067505,-8.90211296081543,5.268322467803955,26
979,0.5649701952934265,-6.165833950042725,3.7260565757751465,26
980,1.0563369989395142,-12.691437721252441,7.6734619140625,26
981,1.2990527153015137,-11.15825366973877,8.345000267028809,26
982,0.6613446474075317,-10.634379386901855,6.840696334838867,26
983,1.5787665843963623,-14.277397155761719,8.319233894348145,26
984,1.2960739135742188,-17.09124183654785,9.274887084960938,26
985,0.9872028827667236,-9.60129165649414,7.093754768371582,26
986,1.4296317100524902,-17.740455627441406,9.52383041381836,26
987,1.348380446434021,-10.93923568725586,5.339362144470215,26
988,1.2854646444320679,-12.27208137512207,6.355431079864502,26
989,1.2495739459991455,-10.147594451904297,7.07546854019165,26
990,1.4541234970092773,-7.998934745788574,6.843618392944336,26
991,1.4064772129058838,-11.246724128723145,8.357806205749512,26
992,1.2656521797180176,-11.637133598327637,7.949075698852539,26
993,1.4933215379714966,-13.307829856872559,5.818722248077393,26
994,1.6600875854492188,-15.179019927978516,7.774624347686768,26
995,1.2730079889297485,-12.129470825195312,6.411274433135986,26
996,1.5610092878341675,-9.357488632202148,7.058309078216553,26
997,1.0657778978347778,-14.83565616607666,7.357285499572754,26
998,0.9818691611289978,-11.088025093078613,7.898012161254883,26
999,1.2247672080993652,-8.235668182373047,7.392086982727051,26
