#Set,index,k,QQ,x_b,t,phi_x,F,sigmaF,varF,F1,F2,gReH,gReE,gReHTilde,gc0fit,gc1fit
1,0,5.75,1.82,0.343,-0.172,7.5,0.176765,0.00707061,0.04,0.683088,1.09312,3.83218,-9.50474,2.4895,0.0158197,0
1,1,5.75,1.82,0.343,-0.172,22.5,0.170031,0.00680122,0.04,0.683088,1.09312,3.83218,-9.50474,2.4895,0.0158197,0
1,2,5.75,1.82,0.343,-0.172,37.5,0.147438,0.00589752,0.04,0.683088,1.09312,3.83218,-9.50474,2.4895,0.0158197,0
1,3,5.75,1.82,0.343,-0.172,52.5,0.131977,0.0052791,0.04,0.683088,1.09312,3.83218,-9.50474,2.4895,0.0158197,0
1,4,5.75,1.82,0.343,-0.172,67.5,0.108071,0.00432282,0.04,0.683088,1.09312,3.83218,-9.50474,2.4895,0.0158197,0
1,5,5.75,1.82,0.343,-0.172,82.5,0.0941832,0.00376733,0.04,0.683088,1.09312,3.83218,-9.50474,2.4895,0.0158197,0
1,6,5.75,1.82,0.343,-0.172,97.5,0.0757985,0.00303194,0.04,0.683088,1.09312,3.83218,-9.50474,2.4895,0.0158197,0
1,7,5.75,1.82,0.343,-0.172,112.5,0.0572089,0.00228836,0.04,0.683088,1.09312,3.83218,-9.50474,2.4895,0.0158197,0
1,8,5.75,1.82,0.343,-0.172,127.5,0.0537216,0.00214886,0.04,0.683088,1.09312,3.83218,-9.50474,2.4895,0.0158197,0
1,9,5.75,1.82,0.343,-0.172,142.5,0.0476026,0.0019041,0.04,0.683088,1.09312,3.83218,-9.50474,2.4895,0.0158197,0
1,10,5.75,1.82,0.343,-0.172,157.5,0.0373523,0.00149409,0.04,0.683088,1.09312,3.83218,-9.50474,2.4895,0.0158197,0
1,11,5.75,1.82,0.343,-0.172,172.5,0.0389622,0.00155849,0.04,0.683088,1.09312,3.83218,-9.50474,2.4895,0.0158197,0
1,12,5.75,1.82,0.343,-0.172,187.5,0.0414898,0.00165959,0.04,0.683088,1.09312,3.83218,-9.50474,2.4895,0.0158197,0
1,13,5.75,1.82,0.343,-0.172,202.5,0.046196,0.00184784,0.04,0.683088,1.09312,3.83218,-9.50474,2.4895,0.0158197,0
1,14,5.75,1.82,0.343,-0.172,217.5,0.0450599,0.0018024,0.04,0.683088,1.09312,3.83218,-9.50474,2.4895,0.0158197,0
1,15,5.75,1.82,0.343,-0.172,232.5,0.0498156,0.00199262,0.04,0.683088,1.09312,3.83218,-9.50474,2.4895,0.0158197,0
1,16,5.75,1.82,0.343,-0.172,247.5,0.0604846,0.00241938,0.04,0.683088,1.09312,3.83218,-9.50474,2.4895,0.0158197,0
1,17,5.75,1.82,0.343,-0.172,262.5,0.0758093,0.00303237,0.04,0.683088,1.09312,3.83218,-9.50474,2.4895,0.0158197,0
1,18,5.75,1.82,0.343,-0.172,277.5,0.0817374,0.0032695,0.04,0.683088,1.09312,3.83218,-9.50474,2.4895,0.0158197,0
1,19,5.75,1.82,0.343,-0.172,292.5,0.106304,0.00425216,0.04,0.683088,1.09312,3.83218,-9.50474,2.4895,0.0158197,0
1,20,5.75,1.82,0.343,-0.172,307.5,0.129798,0.00519192,0.04,0.683088,1.09312,3.83218,-9.50474,2.4895,0.0158197,0
1,21,5.75,1.82,0.343,-0.172,322.5,0.148966,0.00595866,0.04,0.683088,1.09312,3.83218,-9.50474,2.4895,0.0158197,0
1,22,5.75,1.82,0.343,-0.172,337.5,0.175003,0.0070001,0.04,0.683088,1.09312,3.83218,-9.50474,2.4895,0.0158197,0
1,23,5.75,1.82,0.343,-0.172,352.5,0.176001,0.00704004,0.04,0.683088,1.09312,3.83218,-9.50474,2.4895,0.0158197,0
2,0,5.75,1.933,0.368,-0.232,7.5,0.161931,0.00647726,0.04,0.613509,0.944741,5.39968,-12.4714,2.932,0.0264147,0
2,1,5.75,1.933,0.368,-0.232,22.5,0.148843,0.00595372,0.04,0.613509,0.944741,5.39968,-12.4714,2.932,0.0264147,0
2,2,5.75,1.933,0.368,-0.232,37.5,0.1191,0.004764,0.04,0.613509,0.944741,5.39968,-12.4714,2.932,0.0264147,0
2,3,5.75,1.933,0.368,-0.232,52.5,0.115362,0.00461447,0.04,0.613509,0.944741,5.39968,-12.4714,2.932,0.0264147,0
2,4,5.75,1.933,0.368,-0.232,67.5,0.0847483,0.00338993,0.04,0.613509,0.944741,5.39968,-12.4714,2.932,0.0264147,0
2,5,5.75,1.933,0.368,-0.232,82.5,0.0709608,0.00283843,0.04,0.613509,0.944741,5.39968,-12.4714,2.932,0.0264147,0
2,6,5.75,1.933,0.368,-0.232,97.5,0.0582396,0.00232958,0.04,0.613509,0.944741,5.39968,-12.4714,2.932,0.0264147,0
2,7,5.75,1.933,0.368,-0.232,112.5,0.0503461,0.00201385,0.04,0.613509,0.944741,5.39968,-12.4714,2.932,0.0264147,0
2,8,5.75,1.933,0.368,-0.232,127.5,0.04318,0.0017272,0.04,0.613509,0.944741,5.39968,-12.4714,2.932,0.0264147,0
2,9,5.75,1.933,0.368,-0.232,142.5,0.0410884,0.00164354,0.04,0.613509,0.944741,5.39968,-12.4714,2.932,0.0264147,0
2,10,5.75,1.933,0.368,-0.232,157.5,0.0394286,0.00157714,0.04,0.613509,0.944741,5.39968,-12.4714,2.932,0.0264147,0
2,11,5.75,1.933,0.368,-0.232,172.5,0.0357403,0.00142961,0.04,0.613509,0.944741,5.39968,-12.4714,2.932,0.0264147,0
2,12,5.75,1.933,0.368,-0.232,187.5,0.0352254,0.00140902,0.04,0.613509,0.944741,5.39968,-12.4714,2.932,0.0264147,0
2,13,5.75,1.933,0.368,-0.232,202.5,0.0378184,0.00151273,0.04,0.613509,0.944741,5.39968,-12.4714,2.932,0.0264147,0
2,14,5.75,1.933,0.368,-0.232,217.5,0.0377608,0.00151043,0.04,0.613509,0.944741,5.39968,-12.4714,2.932,0.0264147,0
2,15,5.75,1.933,0.368,-0.232,232.5,0.0469954,0.00187981,0.04,0.613509,0.944741,5.39968,-12.4714,2.932,0.0264147,0
2,16,5.75,1.933,0.368,-0.232,247.5,0.0483621,0.00193448,0.04,0.613509,0.944741,5.39968,-12.4714,2.932,0.0264147,0
2,17,5.75,1.933,0.368,-0.232,262.5,0.0568628,0.00227451,0.04,0.613509,0.944741,5.39968,-12.4714,2.932,0.0264147,0
2,18,5.75,1.933,0.368,-0.232,277.5,0.0732482,0.00292993,0.04,0.613509,0.944741,5.39968,-12.4714,2.932,0.0264147,0
2,19,5.75,1.933,0.368,-0.232,292.5,0.0910128,0.00364051,0.04,0.613509,0.944741,5.39968,-12.4714,2.932,0.0264147,0
2,20,5.75,1.933,0.368,-0.232,307.5,0.111724,0.00446896,0.04,0.613509,0.944741,5.39968,-12.4714,2.932,0.0264147,0
2,21,5.75,1.933,0.368,-0.232,322.5,0.138238,0.00552952,0.04,0.613509,0.944741,5.39968,-12.4714,2.932,0.0264147,0
2,22,5.75,1.933,0.368,-0.232,337.5,0.154177,0.00616707,0.04,0.613509,0.944741,5.39968,-12.4714,2.932,0.0264147,0
2,23,5.75,1.933,0.368,-0.232,352.5,0.160978,0.00643911,0.04,0.613509,0.944741,5.39968,-12.4714,2.932,0.0264147,0
3,0,5.75,1.964,0.375,-0.278,7.5,0.168384,0.00673534,0.04,0.568327,0.850693,6.6767,-14.6194,3.2165,0.0383937,0
3,1,5.75,1.964,0.375,-0.278,22.5,0.153556,0.00614222,0.04,0.568327,0.850693,6.6767,-14.6194,3.2165,0.0383937,0
3,2,5.75,1.964,0.375,-0.278,37.5,0.123609,0.00494436,0.04,0.568327,0.850693,6.6767,-14.6194,3.2165,0.0383937,0
3,3,5.75,1.964,0.375,-0.278,52.5,0.106946,0.00427785,0.04,0.568327,0.850693,6.6767,-14.6194,3.2165,0.0383937,0
3,4,5.75,1.964,0.375,-0.278,67.5,0.0889565,0.00355826,0.04,0.568327,0.850693,6.6767,-14.6194,3.2165,0.0383937,0
3,5,5.75,1.964,0.375,-0.278,82.5,0.0719748,0.00287899,0.04,0.568327,0.850693,6.6767,-14.6194,3.2165,0.0383937,0
3,6,5.75,1.964,0.375,-0.278,97.5,0.0553772,0.00221509,0.04,0.568327,0.850693,6.6767,-14.6194,3.2165,0.0383937,0
3,7,5.75,1.964,0.375,-0.278,112.5,0.049421,0.00197684,0.04,0.568327,0.850693,6.6767,-14.6194,3.2165,0.0383937,0
3,8,5.75,1.964,0.375,-0.278,127.5,0.050532,0.00202128,0.04,0.568327,0.850693,6.6767,-14.6194,3.2165,0.0383937,0
3,9,5.75,1.964,0.375,-0.278,142.5,0.0473359,0.00189344,0.04,0.568327,0.850693,6.6767,-14.6194,3.2165,0.0383937,0
3,10,5.75,1.964,0.375,-0.278,157.5,0.0445547,0.00178219,0.04,0.568327,0.850693,6.6767,-14.6194,3.2165,0.0383937,0
3,11,5.75,1.964,0.375,-0.278,172.5,0.0430421,0.00172168,0.04,0.568327,0.850693,6.6767,-14.6194,3.2165,0.0383937,0
3,12,5.75,1.964,0.375,-0.278,187.5,0.0420542,0.00168217,0.04,0.568327,0.850693,6.6767,-14.6194,3.2165,0.0383937,0
3,13,5.75,1.964,0.375,-0.278,202.5,0.0438311,0.00175325,0.04,0.568327,0.850693,6.6767,-14.6194,3.2165,0.0383937,0
3,14,5.75,1.964,0.375,-0.278,217.5,0.0455265,0.00182106,0.04,0.568327,0.850693,6.6767,-14.6194,3.2165,0.0383937,0
3,15,5.75,1.964,0.375,-0.278,232.5,0.0505488,0.00202195,0.04,0.568327,0.850693,6.6767,-14.6194,3.2165,0.0383937,0
3,16,5.75,1.964,0.375,-0.278,247.5,0.0509316,0.00203726,0.04,0.568327,0.850693,6.6767,-14.6194,3.2165,0.0383937,0
3,17,5.75,1.964,0.375,-0.278,262.5,0.0617749,0.002471,0.04,0.568327,0.850693,6.6767,-14.6194,3.2165,0.0383937,0
3,18,5.75,1.964,0.375,-0.278,277.5,0.0750073,0.00300029,0.04,0.568327,0.850693,6.6767,-14.6194,3.2165,0.0383937,0
3,19,5.75,1.964,0.375,-0.278,292.5,0.0939682,0.00375873,0.04,0.568327,0.850693,6.6767,-14.6194,3.2165,0.0383937,0
3,20,5.75,1.964,0.375,-0.278,307.5,0.108935,0.00435741,0.04,0.568327,0.850693,6.6767,-14.6194,3.2165,0.0383937,0
3,21,5.75,1.964,0.375,-0.278,322.5,0.131532,0.00526128,0.04,0.568327,0.850693,6.6767,-14.6194,3.2165,0.0383937,0
3,22,5.75,1.964,0.375,-0.278,337.5,0.157015,0.0062806,0.04,0.568327,0.850693,6.6767,-14.6194,3.2165,0.0383937,0
3,23,5.75,1.964,0.375,-0.278,352.5,0.173056,0.00692224,0.04,0.568327,0.850693,6.6767,-14.6194,3.2165,0.0383937,0
4,0,5.75,1.986,0.379,-0.323,7.5,0.198416,0.00793662,0.04,0.529514,0.77171,8.08927,-16.6896,3.482,0.0540639,0
4,1,5.75,1.986,0.379,-0.323,22.5,0.169389,0.00677555,0.04,0.529514,0.77171,8.08927,-16.6896,3.482,0.0540639,0
4,2,5.75,1.986,0.379,-0.323,37.5,0.130848,0.00523392,0.04,0.529514,0.77171,8.08927,-16.6896,3.482,0.0540639,0
4,3,5.75,1.986,0.379,-0.323,52.5,0.119974,0.00479898,0.04,0.529514,0.77171,8.08927,-16.6896,3.482,0.0540639,0
4,4,5.75,1.986,0.379,-0.323,67.5,0.0919816,0.00367926,0.04,0.529514,0.77171,8.08927,-16.6896,3.482,0.0540639,0
4,5,5.75,1.986,0.379,-0.323,82.5,0.0754077,0.00301631,0.04,0.529514,0.77171,8.08927,-16.6896,3.482,0.0540639,0
4,6,5.75,1.986,0.379,-0.323,97.5,0.0675819,0.00270328,0.04,0.529514,0.77171,8.08927,-16.6896,3.482,0.0540639,0
4,7,5.75,1.986,0.379,-0.323,112.5,0.0621773,0.00248709,0.04,0.529514,0.77171,8.08927,-16.6896,3.482,0.0540639,0
4,8,5.75,1.986,0.379,-0.323,127.5,0.0593869,0.00237547,0.04,0.529514,0.77171,8.08927,-16.6896,3.482,0.0540639,0
4,9,5.75,1.986,0.379,-0.323,142.5,0.0600485,0.00240194,0.04,0.529514,0.77171,8.08927,-16.6896,3.482,0.0540639,0
4,10,5.75,1.986,0.379,-0.323,157.5,0.0598989,0.00239595,0.04,0.529514,0.77171,8.08927,-16.6896,3.482,0.0540639,0
4,11,5.75,1.986,0.379,-0.323,172.5,0.0577849,0.0023114,0.04,0.529514,0.77171,8.08927,-16.6896,3.482,0.0540639,0
4,12,5.75,1.986,0.379,-0.323,187.5,0.052537,0.00210148,0.04,0.529514,0.77171,8.08927,-16.6896,3.482,0.0540639,0
4,13,5.75,1.986,0.379,-0.323,202.5,0.0561901,0.0022476,0.04,0.529514,0.77171,8.08927,-16.6896,3.482,0.0540639,0
4,14,5.75,1.986,0.379,-0.323,217.5,0.054622,0.00218488,0.04,0.529514,0.77171,8.08927,-16.6896,3.482,0.0540639,0
4,15,5.75,1.986,0.379,-0.323,232.5,0.0557864,0.00223146,0.04,0.529514,0.77171,8.08927,-16.6896,3.482,0.0540639,0
4,16,5.75,1.986,0.379,-0.323,247.5,0.0612796,0.00245118,0.04,0.529514,0.77171,8.08927,-16.6896,3.482,0.0540639,0
4,17,5.75,1.986,0.379,-0.323,262.5,0.0677907,0.00271163,0.04,0.529514,0.77171,8.08927,-16.6896,3.482,0.0540639,0
4,18,5.75,1.986,0.379,-0.323,277.5,0.0769114,0.00307646,0.04,0.529514,0.77171,8.08927,-16.6896,3.482,0.0540639,0
4,19,5.75,1.986,0.379,-0.323,292.5,0.0945835,0.00378334,0.04,0.529514,0.77171,8.08927,-16.6896,3.482,0.0540639,0
4,20,5.75,1.986,0.379,-0.323,307.5,0.114239,0.00456956,0.04,0.529514,0.77171,8.08927,-16.6896,3.482,0.0540639,0
4,21,5.75,1.986,0.379,-0.323,322.5,0.138469,0.00553876,0.04,0.529514,0.77171,8.08927,-16.6896,3.482,0.0540639,0
4,22,5.75,1.986,0.379,-0.323,337.5,0.181013,0.00724054,0.04,0.529514,0.77171,8.08927,-16.6896,3.482,0.0540639,0
4,23,5.75,1.986,0.379,-0.323,352.5,0.187788,0.00751153,0.04,0.529514,0.77171,8.08927,-16.6896,3.482,0.0540639,0
5,0,5.75,1.999,0.381,-0.371,7.5,0.224184,0.00896735,0.04,0.492915,0.699018,9.78527,-18.8724,3.755,0.0765404,0
5,1,5.75,1.999,0.381,-0.371,22.5,0.185687,0.00742749,0.04,0.492915,0.699018,9.78527,-18.8724,3.755,0.0765404,0
5,2,5.75,1.999,0.381,-0.371,37.5,0.166135,0.0066454,0.04,0.492915,0.699018,9.78527,-18.8724,3.755,0.0765404,0
5,3,5.75,1.999,0.381,-0.371,52.5,0.1323,0.00529199,0.04,0.492915,0.699018,9.78527,-18.8724,3.755,0.0765404,0
5,4,5.75,1.999,0.381,-0.371,67.5,0.114193,0.00456771,0.04,0.492915,0.699018,9.78527,-18.8724,3.755,0.0765404,0
5,5,5.75,1.999,0.381,-0.371,82.5,0.0894649,0.0035786,0.04,0.492915,0.699018,9.78527,-18.8724,3.755,0.0765404,0
5,6,5.75,1.999,0.381,-0.371,97.5,0.0815798,0.00326319,0.04,0.492915,0.699018,9.78527,-18.8724,3.755,0.0765404,0
5,7,5.75,1.999,0.381,-0.371,112.5,0.0810091,0.00324036,0.04,0.492915,0.699018,9.78527,-18.8724,3.755,0.0765404,0
5,8,5.75,1.999,0.381,-0.371,127.5,0.0798938,0.00319575,0.04,0.492915,0.699018,9.78527,-18.8724,3.755,0.0765404,0
5,9,5.75,1.999,0.381,-0.371,142.5,0.0763227,0.00305291,0.04,0.492915,0.699018,9.78527,-18.8724,3.755,0.0765404,0
5,10,5.75,1.999,0.381,-0.371,157.5,0.0788124,0.0031525,0.04,0.492915,0.699018,9.78527,-18.8724,3.755,0.0765404,0
5,11,5.75,1.999,0.381,-0.371,172.5,0.0698799,0.00279519,0.04,0.492915,0.699018,9.78527,-18.8724,3.755,0.0765404,0
5,12,5.75,1.999,0.381,-0.371,187.5,0.0768773,0.00307509,0.04,0.492915,0.699018,9.78527,-18.8724,3.755,0.0765404,0
5,13,5.75,1.999,0.381,-0.371,202.5,0.0695977,0.00278391,0.04,0.492915,0.699018,9.78527,-18.8724,3.755,0.0765404,0
5,14,5.75,1.999,0.381,-0.371,217.5,0.0801453,0.00320581,0.04,0.492915,0.699018,9.78527,-18.8724,3.755,0.0765404,0
5,15,5.75,1.999,0.381,-0.371,232.5,0.0779902,0.00311961,0.04,0.492915,0.699018,9.78527,-18.8724,3.755,0.0765404,0
5,16,5.75,1.999,0.381,-0.371,247.5,0.0785976,0.0031439,0.04,0.492915,0.699018,9.78527,-18.8724,3.755,0.0765404,0
5,17,5.75,1.999,0.381,-0.371,262.5,0.0887509,0.00355003,0.04,0.492915,0.699018,9.78527,-18.8724,3.755,0.0765404,0
5,18,5.75,1.999,0.381,-0.371,277.5,0.0978829,0.00391531,0.04,0.492915,0.699018,9.78527,-18.8724,3.755,0.0765404,0
5,19,5.75,1.999,0.381,-0.371,292.5,0.106656,0.00426624,0.04,0.492915,0.699018,9.78527,-18.8724,3.755,0.0765404,0
5,20,5.75,1.999,0.381,-0.371,307.5,0.124425,0.00497698,0.04,0.492915,0.699018,9.78527,-18.8724,3.755,0.0765404,0
5,21,5.75,1.999,0.381,-0.371,322.5,0.158913,0.00635651,0.04,0.492915,0.699018,9.78527,-18.8724,3.755,0.0765404,0
5,22,5.75,1.999,0.381,-0.371,337.5,0.195129,0.00780516,0.04,0.492915,0.699018,9.78527,-18.8724,3.755,0.0765404,0
5,23,5.75,1.999,0.381,-0.371,352.5,0.221629,0.00886515,0.04,0.492915,0.699018,9.78527,-18.8724,3.755,0.0765404,0
6,0,5.75,2.218,0.345,-0.176,7.5,0.152555,0.0061022,0.04,0.678006,1.08216,3.9293,-9.70537,2.5205,0.00891314,0
6,1,5.75,2.218,0.345,-0.176,22.5,0.142925,0.005717,0.04,0.678006,1.08216,3.9293,-9.70537,2.5205,0.00891314,0
6,2,5.75,2.218,0.345,-0.176,37.5,0.123535,0.0049414,0.04,0.678006,1.08216,3.9293,-9.70537,2.5205,0.00891314,0
6,3,5.75,2.218,0.345,-0.176,52.5,0.110806,0.00443222,0.04,0.678006,1.08216,3.9293,-9.70537,2.5205,0.00891314,0
6,4,5.75,2.218,0.345,-0.176,67.5,0.0901293,0.00360517,0.04,0.678006,1.08216,3.9293,-9.70537,2.5205,0.00891314,0
6,5,5.75,2.218,0.345,-0.176,82.5,0.07591,0.0030364,0.04,0.678006,1.08216,3.9293,-9.70537,2.5205,0.00891314,0
6,6,5.75,2.218,0.345,-0.176,97.5,0.068776,0.00275104,0.04,0.678006,1.08216,3.9293,-9.70537,2.5205,0.00891314,0
6,7,5.75,2.218,0.345,-0.176,112.5,0.0592546,0.00237019,0.04,0.678006,1.08216,3.9293,-9.70537,2.5205,0.00891314,0
6,8,5.75,2.218,0.345,-0.176,127.5,0.0453247,0.00181299,0.04,0.678006,1.08216,3.9293,-9.70537,2.5205,0.00891314,0
6,9,5.75,2.218,0.345,-0.176,142.5,0.0383021,0.00153208,0.04,0.678006,1.08216,3.9293,-9.70537,2.5205,0.00891314,0
6,10,5.75,2.218,0.345,-0.176,157.5,0.035842,0.00143368,0.04,0.678006,1.08216,3.9293,-9.70537,2.5205,0.00891314,0
6,11,5.75,2.218,0.345,-0.176,172.5,0.0360509,0.00144204,0.04,0.678006,1.08216,3.9293,-9.70537,2.5205,0.00891314,0
6,12,5.75,2.218,0.345,-0.176,187.5,0.0361248,0.00144499,0.04,0.678006,1.08216,3.9293,-9.70537,2.5205,0.00891314,0
6,13,5.75,2.218,0.345,-0.176,202.5,0.0339219,0.00135687,0.04,0.678006,1.08216,3.9293,-9.70537,2.5205,0.00891314,0
6,14,5.75,2.218,0.345,-0.176,217.5,0.0416289,0.00166516,0.04,0.678006,1.08216,3.9293,-9.70537,2.5205,0.00891314,0
6,15,5.75,2.218,0.345,-0.176,232.5,0.0478064,0.00191226,0.04,0.678006,1.08216,3.9293,-9.70537,2.5205,0.00891314,0
6,16,5.75,2.218,0.345,-0.176,247.5,0.0544611,0.00217844,0.04,0.678006,1.08216,3.9293,-9.70537,2.5205,0.00891314,0
6,17,5.75,2.218,0.345,-0.176,262.5,0.0677301,0.0027092,0.04,0.678006,1.08216,3.9293,-9.70537,2.5205,0.00891314,0
6,18,5.75,2.218,0.345,-0.176,277.5,0.0765107,0.00306043,0.04,0.678006,1.08216,3.9293,-9.70537,2.5205,0.00891314,0
6,19,5.75,2.218,0.345,-0.176,292.5,0.0907553,0.00363021,0.04,0.678006,1.08216,3.9293,-9.70537,2.5205,0.00891314,0
6,20,5.75,2.218,0.345,-0.176,307.5,0.115344,0.00461378,0.04,0.678006,1.08216,3.9293,-9.70537,2.5205,0.00891314,0
6,21,5.75,2.218,0.345,-0.176,322.5,0.130271,0.00521086,0.04,0.678006,1.08216,3.9293,-9.70537,2.5205,0.00891314,0
6,22,5.75,2.218,0.345,-0.176,337.5,0.14295,0.00571799,0.04,0.678006,1.08216,3.9293,-9.70537,2.5205,0.00891314,0
6,23,5.75,2.218,0.345,-0.176,352.5,0.154588,0.00618351,0.04,0.678006,1.08216,3.9293,-9.70537,2.5205,0.00891314,0
7,0,5.75,2.318,0.363,-0.232,7.5,0.147382,0.00589528,0.04,0.613509,0.944741,5.32658,-12.4165,2.9095,0.0144571,0
7,1,5.75,2.318,0.363,-0.232,22.5,0.14237,0.00569481,0.04,0.613509,0.944741,5.32658,-12.4165,2.9095,0.0144571,0
7,2,5.75,2.318,0.363,-0.232,37.5,0.11272,0.00450881,0.04,0.613509,0.944741,5.32658,-12.4165,2.9095,0.0144571,0
7,3,5.75,2.318,0.363,-0.232,52.5,0.0965634,0.00386254,0.04,0.613509,0.944741,5.32658,-12.4165,2.9095,0.0144571,0
7,4,5.75,2.318,0.363,-0.232,67.5,0.075168,0.00300672,0.04,0.613509,0.944741,5.32658,-12.4165,2.9095,0.0144571,0
7,5,5.75,2.318,0.363,-0.232,82.5,0.0605441,0.00242176,0.04,0.613509,0.944741,5.32658,-12.4165,2.9095,0.0144571,0
7,6,5.75,2.318,0.363,-0.232,97.5,0.0474552,0.00189821,0.04,0.613509,0.944741,5.32658,-12.4165,2.9095,0.0144571,0
7,7,5.75,2.318,0.363,-0.232,112.5,0.0394573,0.00157829,0.04,0.613509,0.944741,5.32658,-12.4165,2.9095,0.0144571,0
7,8,5.75,2.318,0.363,-0.232,127.5,0.0327033,0.00130813,0.04,0.613509,0.944741,5.32658,-12.4165,2.9095,0.0144571,0
7,9,5.75,2.318,0.363,-0.232,142.5,0.0286185,0.00114474,0.04,0.613509,0.944741,5.32658,-12.4165,2.9095,0.0144571,0
7,10,5.75,2.318,0.363,-0.232,157.5,0.0268462,0.00107385,0.04,0.613509,0.944741,5.32658,-12.4165,2.9095,0.0144571,0
7,11,5.75,2.318,0.363,-0.232,172.5,0.0247058,0.000988232,0.04,0.613509,0.944741,5.32658,-12.4165,2.9095,0.0144571,0
7,12,5.75,2.318,0.363,-0.232,187.5,0.0269089,0.00107635,0.04,0.613509,0.944741,5.32658,-12.4165,2.9095,0.0144571,0
7,13,5.75,2.318,0.363,-0.232,202.5,0.028237,0.00112948,0.04,0.613509,0.944741,5.32658,-12.4165,2.9095,0.0144571,0
7,14,5.75,2.318,0.363,-0.232,217.5,0.0282635,0.00113054,0.04,0.613509,0.944741,5.32658,-12.4165,2.9095,0.0144571,0
7,15,5.75,2.318,0.363,-0.232,232.5,0.0336126,0.00134451,0.04,0.613509,0.944741,5.32658,-12.4165,2.9095,0.0144571,0
7,16,5.75,2.318,0.363,-0.232,247.5,0.0386753,0.00154701,0.04,0.613509,0.944741,5.32658,-12.4165,2.9095,0.0144571,0
7,17,5.75,2.318,0.363,-0.232,262.5,0.0488079,0.00195232,0.04,0.613509,0.944741,5.32658,-12.4165,2.9095,0.0144571,0
7,18,5.75,2.318,0.363,-0.232,277.5,0.0575369,0.00230148,0.04,0.613509,0.944741,5.32658,-12.4165,2.9095,0.0144571,0
7,19,5.75,2.318,0.363,-0.232,292.5,0.0764122,0.00305649,0.04,0.613509,0.944741,5.32658,-12.4165,2.9095,0.0144571,0
7,20,5.75,2.318,0.363,-0.232,307.5,0.0928122,0.00371249,0.04,0.613509,0.944741,5.32658,-12.4165,2.9095,0.0144571,0
7,21,5.75,2.318,0.363,-0.232,322.5,0.118128,0.00472511,0.04,0.613509,0.944741,5.32658,-12.4165,2.9095,0.0144571,0
7,22,5.75,2.318,0.363,-0.232,337.5,0.133597,0.00534387,0.04,0.613509,0.944741,5.32658,-12.4165,2.9095,0.0144571,0
7,23,5.75,2.318,0.363,-0.232,352.5,0.154303,0.00617213,0.04,0.613509,0.944741,5.32658,-12.4165,2.9095,0.0144571,0
8,0,5.75,2.348,0.368,-0.279,7.5,0.154504,0.00618017,0.04,0.567411,0.848808,6.60053,-14.5864,3.1905,0.0212659,0
8,1,5.75,2.348,0.368,-0.279,22.5,0.136624,0.00546496,0.04,0.567411,0.848808,6.60053,-14.5864,3.1905,0.0212659,0
8,2,5.75,2.348,0.368,-0.279,37.5,0.110311,0.00441246,0.04,0.567411,0.848808,6.60053,-14.5864,3.1905,0.0212659,0
8,3,5.75,2.348,0.368,-0.279,52.5,0.0892151,0.0035686,0.04,0.567411,0.848808,6.60053,-14.5864,3.1905,0.0212659,0
8,4,5.75,2.348,0.368,-0.279,67.5,0.0703679,0.00281471,0.04,0.567411,0.848808,6.60053,-14.5864,3.1905,0.0212659,0
8,5,5.75,2.348,0.368,-0.279,82.5,0.054741,0.00218964,0.04,0.567411,0.848808,6.60053,-14.5864,3.1905,0.0212659,0
8,6,5.75,2.348,0.368,-0.279,97.5,0.0422954,0.00169182,0.04,0.567411,0.848808,6.60053,-14.5864,3.1905,0.0212659,0
8,7,5.75,2.348,0.368,-0.279,112.5,0.03655,0.001462,0.04,0.567411,0.848808,6.60053,-14.5864,3.1905,0.0212659,0
8,8,5.75,2.348,0.368,-0.279,127.5,0.0333261,0.00133305,0.04,0.567411,0.848808,6.60053,-14.5864,3.1905,0.0212659,0
8,9,5.75,2.348,0.368,-0.279,142.5,0.0270101,0.0010804,0.04,0.567411,0.848808,6.60053,-14.5864,3.1905,0.0212659,0
8,10,5.75,2.348,0.368,-0.279,157.5,0.0261652,0.00104661,0.04,0.567411,0.848808,6.60053,-14.5864,3.1905,0.0212659,0
8,11,5.75,2.348,0.368,-0.279,172.5,0.0250124,0.0010005,0.04,0.567411,0.848808,6.60053,-14.5864,3.1905,0.0212659,0
8,12,5.75,2.348,0.368,-0.279,187.5,0.0263163,0.00105265,0.04,0.567411,0.848808,6.60053,-14.5864,3.1905,0.0212659,0
8,13,5.75,2.348,0.368,-0.279,202.5,0.0288614,0.00115446,0.04,0.567411,0.848808,6.60053,-14.5864,3.1905,0.0212659,0
8,14,5.75,2.348,0.368,-0.279,217.5,0.0296925,0.0011877,0.04,0.567411,0.848808,6.60053,-14.5864,3.1905,0.0212659,0
8,15,5.75,2.348,0.368,-0.279,232.5,0.0323441,0.00129376,0.04,0.567411,0.848808,6.60053,-14.5864,3.1905,0.0212659,0
8,16,5.75,2.348,0.368,-0.279,247.5,0.0362716,0.00145086,0.04,0.567411,0.848808,6.60053,-14.5864,3.1905,0.0212659,0
8,17,5.75,2.348,0.368,-0.279,262.5,0.0450747,0.00180299,0.04,0.567411,0.848808,6.60053,-14.5864,3.1905,0.0212659,0
8,18,5.75,2.348,0.368,-0.279,277.5,0.0560197,0.00224079,0.04,0.567411,0.848808,6.60053,-14.5864,3.1905,0.0212659,0
8,19,5.75,2.348,0.368,-0.279,292.5,0.0677407,0.00270963,0.04,0.567411,0.848808,6.60053,-14.5864,3.1905,0.0212659,0
8,20,5.75,2.348,0.368,-0.279,307.5,0.0846675,0.0033867,0.04,0.567411,0.848808,6.60053,-14.5864,3.1905,0.0212659,0
8,21,5.75,2.348,0.368,-0.279,322.5,0.111643,0.00446574,0.04,0.567411,0.848808,6.60053,-14.5864,3.1905,0.0212659,0
8,22,5.75,2.348,0.368,-0.279,337.5,0.139294,0.00557176,0.04,0.567411,0.848808,6.60053,-14.5864,3.1905,0.0212659,0
8,23,5.75,2.348,0.368,-0.279,352.5,0.154617,0.00618466,0.04,0.567411,0.848808,6.60053,-14.5864,3.1905,0.0212659,0
9,0,5.75,2.36,0.371,-0.325,7.5,0.185783,0.00743132,0.04,0.527896,0.768459,8.03407,-16.6896,3.457,0.0307476,0
9,1,5.75,2.36,0.371,-0.325,22.5,0.150918,0.00603674,0.04,0.527896,0.768459,8.03407,-16.6896,3.457,0.0307476,0
9,2,5.75,2.36,0.371,-0.325,37.5,0.116688,0.00466751,0.04,0.527896,0.768459,8.03407,-16.6896,3.457,0.0307476,0
9,3,5.75,2.36,0.371,-0.325,52.5,0.081139,0.00324556,0.04,0.527896,0.768459,8.03407,-16.6896,3.457,0.0307476,0
9,4,5.75,2.36,0.371,-0.325,67.5,0.066727,0.00266908,0.04,0.527896,0.768459,8.03407,-16.6896,3.457,0.0307476,0
9,5,5.75,2.36,0.371,-0.325,82.5,0.0576086,0.00230434,0.04,0.527896,0.768459,8.03407,-16.6896,3.457,0.0307476,0
9,6,5.75,2.36,0.371,-0.325,97.5,0.0466232,0.00186493,0.04,0.527896,0.768459,8.03407,-16.6896,3.457,0.0307476,0
9,7,5.75,2.36,0.371,-0.325,112.5,0.0395461,0.00158184,0.04,0.527896,0.768459,8.03407,-16.6896,3.457,0.0307476,0
9,8,5.75,2.36,0.371,-0.325,127.5,0.0367061,0.00146825,0.04,0.527896,0.768459,8.03407,-16.6896,3.457,0.0307476,0
9,9,5.75,2.36,0.371,-0.325,142.5,0.0323541,0.00129416,0.04,0.527896,0.768459,8.03407,-16.6896,3.457,0.0307476,0
9,10,5.75,2.36,0.371,-0.325,157.5,0.0325561,0.00130224,0.04,0.527896,0.768459,8.03407,-16.6896,3.457,0.0307476,0
9,11,5.75,2.36,0.371,-0.325,172.5,0.0305772,0.00122309,0.04,0.527896,0.768459,8.03407,-16.6896,3.457,0.0307476,0
9,12,5.75,2.36,0.371,-0.325,187.5,0.0318251,0.001273,0.04,0.527896,0.768459,8.03407,-16.6896,3.457,0.0307476,0
9,13,5.75,2.36,0.371,-0.325,202.5,0.0340841,0.00136337,0.04,0.527896,0.768459,8.03407,-16.6896,3.457,0.0307476,0
9,14,5.75,2.36,0.371,-0.325,217.5,0.0347819,0.00139128,0.04,0.527896,0.768459,8.03407,-16.6896,3.457,0.0307476,0
9,15,5.75,2.36,0.371,-0.325,232.5,0.0350422,0.00140169,0.04,0.527896,0.768459,8.03407,-16.6896,3.457,0.0307476,0
9,16,5.75,2.36,0.371,-0.325,247.5,0.0385685,0.00154274,0.04,0.527896,0.768459,8.03407,-16.6896,3.457,0.0307476,0
9,17,5.75,2.36,0.371,-0.325,262.5,0.0433157,0.00173263,0.04,0.527896,0.768459,8.03407,-16.6896,3.457,0.0307476,0
9,18,5.75,2.36,0.371,-0.325,277.5,0.0547561,0.00219024,0.04,0.527896,0.768459,8.03407,-16.6896,3.457,0.0307476,0
9,19,5.75,2.36,0.371,-0.325,292.5,0.0671115,0.00268446,0.04,0.527896,0.768459,8.03407,-16.6896,3.457,0.0307476,0
9,20,5.75,2.36,0.371,-0.325,307.5,0.0887141,0.00354856,0.04,0.527896,0.768459,8.03407,-16.6896,3.457,0.0307476,0
9,21,5.75,2.36,0.371,-0.325,322.5,0.117886,0.00471542,0.04,0.527896,0.768459,8.03407,-16.6896,3.457,0.0307476,0
9,22,5.75,2.36,0.371,-0.325,337.5,0.138178,0.00552711,0.04,0.527896,0.768459,8.03407,-16.6896,3.457,0.0307476,0
9,23,5.75,2.36,0.371,-0.325,352.5,0.176201,0.00704805,0.04,0.527896,0.768459,8.03407,-16.6896,3.457,0.0307476,0
10,0,5.75,2.375,0.373,-0.372,7.5,0.186945,0.0074778,0.04,0.492199,0.697614,9.70178,-18.8269,3.7245,0.0434052,0
10,1,5.75,2.375,0.373,-0.372,22.5,0.161189,0.00644756,0.04,0.492199,0.697614,9.70178,-18.8269,3.7245,0.0434052,0
10,2,5.75,2.375,0.373,-0.372,37.5,0.117968,0.0047187,0.04,0.492199,0.697614,9.70178,-18.8269,3.7245,0.0434052,0
10,3,5.75,2.375,0.373,-0.372,52.5,0.0966512,0.00386605,0.04,0.492199,0.697614,9.70178,-18.8269,3.7245,0.0434052,0
10,4,5.75,2.375,0.373,-0.372,67.5,0.0696147,0.00278459,0.04,0.492199,0.697614,9.70178,-18.8269,3.7245,0.0434052,0
10,5,5.75,2.375,0.373,-0.372,82.5,0.0569368,0.00227747,0.04,0.492199,0.697614,9.70178,-18.8269,3.7245,0.0434052,0
10,6,5.75,2.375,0.373,-0.372,97.5,0.0529549,0.0021182,0.04,0.492199,0.697614,9.70178,-18.8269,3.7245,0.0434052,0
10,7,5.75,2.375,0.373,-0.372,112.5,0.0483018,0.00193207,0.04,0.492199,0.697614,9.70178,-18.8269,3.7245,0.0434052,0
10,8,5.75,2.375,0.373,-0.372,127.5,0.0429347,0.00171739,0.04,0.492199,0.697614,9.70178,-18.8269,3.7245,0.0434052,0
10,9,5.75,2.375,0.373,-0.372,142.5,0.0440865,0.00176346,0.04,0.492199,0.697614,9.70178,-18.8269,3.7245,0.0434052,0
10,10,5.75,2.375,0.373,-0.372,157.5,0.0404896,0.00161958,0.04,0.492199,0.697614,9.70178,-18.8269,3.7245,0.0434052,0
10,11,5.75,2.375,0.373,-0.372,172.5,0.0430071,0.00172028,0.04,0.492199,0.697614,9.70178,-18.8269,3.7245,0.0434052,0
10,12,5.75,2.375,0.373,-0.372,187.5,0.042796,0.00171184,0.04,0.492199,0.697614,9.70178,-18.8269,3.7245,0.0434052,0
10,13,5.75,2.375,0.373,-0.372,202.5,0.0410176,0.0016407,0.04,0.492199,0.697614,9.70178,-18.8269,3.7245,0.0434052,0
10,14,5.75,2.375,0.373,-0.372,217.5,0.0413387,0.00165355,0.04,0.492199,0.697614,9.70178,-18.8269,3.7245,0.0434052,0
10,15,5.75,2.375,0.373,-0.372,232.5,0.046473,0.00185892,0.04,0.492199,0.697614,9.70178,-18.8269,3.7245,0.0434052,0
10,16,5.75,2.375,0.373,-0.372,247.5,0.0454307,0.00181723,0.04,0.492199,0.697614,9.70178,-18.8269,3.7245,0.0434052,0
10,17,5.75,2.375,0.373,-0.372,262.5,0.0513921,0.00205568,0.04,0.492199,0.697614,9.70178,-18.8269,3.7245,0.0434052,0
10,18,5.75,2.375,0.373,-0.372,277.5,0.0571587,0.00228635,0.04,0.492199,0.697614,9.70178,-18.8269,3.7245,0.0434052,0
10,19,5.75,2.375,0.373,-0.372,292.5,0.0746979,0.00298792,0.04,0.492199,0.697614,9.70178,-18.8269,3.7245,0.0434052,0
10,20,5.75,2.375,0.373,-0.372,307.5,0.0989513,0.00395805,0.04,0.492199,0.697614,9.70178,-18.8269,3.7245,0.0434052,0
10,21,5.75,2.375,0.373,-0.372,322.5,0.129897,0.00519587,0.04,0.492199,0.697614,9.70178,-18.8269,3.7245,0.0434052,0
10,22,5.75,2.375,0.373,-0.372,337.5,0.169655,0.0067862,0.04,0.492199,0.697614,9.70178,-18.8269,3.7245,0.0434052,0
10,23,5.75,2.375,0.373,-0.372,352.5,0.186803,0.00747212,0.04,0.492199,0.697614,9.70178,-18.8269,3.7245,0.0434052,0
11,0,5.75,2.012,0.378,-0.192,7.5,0.112446,0.00449785,0.04,0.658354,1.03995,4.70088,-10.7833,2.757,0.0178331,0
11,1,5.75,2.012,0.378,-0.192,22.5,0.102725,0.004109,0.04,0.658354,1.03995,4.70088,-10.7833,2.757,0.0178331,0
11,2,5.75,2.012,0.378,-0.192,37.5,0.0974398,0.00389759,0.04,0.658354,1.03995,4.70088,-10.7833,2.757,0.0178331,0
11,3,5.75,2.012,0.378,-0.192,52.5,0.0870575,0.0034823,0.04,0.658354,1.03995,4.70088,-10.7833,2.757,0.0178331,0
11,4,5.75,2.012,0.378,-0.192,67.5,0.0837758,0.00335103,0.04,0.658354,1.03995,4.70088,-10.7833,2.757,0.0178331,0
11,5,5.75,2.012,0.378,-0.192,82.5,0.0731696,0.00292678,0.04,0.658354,1.03995,4.70088,-10.7833,2.757,0.0178331,0
11,6,5.75,2.012,0.378,-0.192,97.5,0.0645919,0.00258368,0.04,0.658354,1.03995,4.70088,-10.7833,2.757,0.0178331,0
11,7,5.75,2.012,0.378,-0.192,112.5,0.0572688,0.00229075,0.04,0.658354,1.03995,4.70088,-10.7833,2.757,0.0178331,0
11,8,5.75,2.012,0.378,-0.192,127.5,0.0533647,0.00213459,0.04,0.658354,1.03995,4.70088,-10.7833,2.757,0.0178331,0
11,9,5.75,2.012,0.378,-0.192,142.5,0.0458084,0.00183234,0.04,0.658354,1.03995,4.70088,-10.7833,2.757,0.0178331,0
11,10,5.75,2.012,0.378,-0.192,157.5,0.0468299,0.0018732,0.04,0.658354,1.03995,4.70088,-10.7833,2.757,0.0178331,0
11,11,5.75,2.012,0.378,-0.192,172.5,0.0414799,0.0016592,0.04,0.658354,1.03995,4.70088,-10.7833,2.757,0.0178331,0
11,12,5.75,2.012,0.378,-0.192,187.5,0.0444666,0.00177867,0.04,0.658354,1.03995,4.70088,-10.7833,2.757,0.0178331,0
11,13,5.75,2.012,0.378,-0.192,202.5,0.0475671,0.00190268,0.04,0.658354,1.03995,4.70088,-10.7833,2.757,0.0178331,0
11,14,5.75,2.012,0.378,-0.192,217.5,0.0470184,0.00188074,0.04,0.658354,1.03995,4.70088,-10.7833,2.757,0.0178331,0
11,15,5.75,2.012,0.378,-0.192,232.5,0.0496374,0.0019855,0.04,0.658354,1.03995,4.70088,-10.7833,2.757,0.0178331,0
11,16,5.75,2.012,0.378,-0.192,247.5,0.0586361,0.00234545,0.04,0.658354,1.03995,4.70088,-10.7833,2.757,0.0178331,0
11,17,5.75,2.012,0.378,-0.192,262.5,0.0616071,0.00246428,0.04,0.658354,1.03995,4.70088,-10.7833,2.757,0.0178331,0
11,18,5.75,2.012,0.378,-0.192,277.5,0.0756666,0.00302666,0.04,0.658354,1.03995,4.70088,-10.7833,2.757,0.0178331,0
11,19,5.75,2.012,0.378,-0.192,292.5,0.0844958,0.00337983,0.04,0.658354,1.03995,4.70088,-10.7833,2.757,0.0178331,0
11,20,5.75,2.012,0.378,-0.192,307.5,0.0905232,0.00362093,0.04,0.658354,1.03995,4.70088,-10.7833,2.757,0.0178331,0
11,21,5.75,2.012,0.378,-0.192,322.5,0.0970924,0.0038837,0.04,0.658354,1.03995,4.70088,-10.7833,2.757,0.0178331,0
11,22,5.75,2.012,0.378,-0.192,337.5,0.104037,0.0041615,0.04,0.658354,1.03995,4.70088,-10.7833,2.757,0.0178331,0
11,23,5.75,2.012,0.378,-0.192,352.5,0.101782,0.00407126,0.04,0.658354,1.03995,4.70088,-10.7833,2.757,0.0178331,0
12,0,5.75,2.054,0.392,-0.233,7.5,0.121774,0.00487095,0.04,0.612459,0.942532,5.78773,-12.79,3.0455,0.0256483,0
12,1,5.75,2.054,0.392,-0.233,22.5,0.114123,0.0045649,0.04,0.612459,0.942532,5.78773,-12.79,3.0455,0.0256483,0
12,2,5.75,2.054,0.392,-0.233,37.5,0.100871,0.00403483,0.04,0.612459,0.942532,5.78773,-12.79,3.0455,0.0256483,0
12,3,5.75,2.054,0.392,-0.233,52.5,0.0873576,0.0034943,0.04,0.612459,0.942532,5.78773,-12.79,3.0455,0.0256483,0
12,4,5.75,2.054,0.392,-0.233,67.5,0.0796475,0.0031859,0.04,0.612459,0.942532,5.78773,-12.79,3.0455,0.0256483,0
12,5,5.75,2.054,0.392,-0.233,82.5,0.0646213,0.00258485,0.04,0.612459,0.942532,5.78773,-12.79,3.0455,0.0256483,0
12,6,5.75,2.054,0.392,-0.233,97.5,0.059763,0.00239052,0.04,0.612459,0.942532,5.78773,-12.79,3.0455,0.0256483,0
12,7,5.75,2.054,0.392,-0.233,112.5,0.0515045,0.00206018,0.04,0.612459,0.942532,5.78773,-12.79,3.0455,0.0256483,0
12,8,5.75,2.054,0.392,-0.233,127.5,0.0453234,0.00181294,0.04,0.612459,0.942532,5.78773,-12.79,3.0455,0.0256483,0
12,9,5.75,2.054,0.392,-0.233,142.5,0.0442066,0.00176827,0.04,0.612459,0.942532,5.78773,-12.79,3.0455,0.0256483,0
12,10,5.75,2.054,0.392,-0.233,157.5,0.0410194,0.00164078,0.04,0.612459,0.942532,5.78773,-12.79,3.0455,0.0256483,0
12,11,5.75,2.054,0.392,-0.233,172.5,0.0372184,0.00148874,0.04,0.612459,0.942532,5.78773,-12.79,3.0455,0.0256483,0
12,12,5.75,2.054,0.392,-0.233,187.5,0.0411308,0.00164523,0.04,0.612459,0.942532,5.78773,-12.79,3.0455,0.0256483,0
12,13,5.75,2.054,0.392,-0.233,202.5,0.0421773,0.00168709,0.04,0.612459,0.942532,5.78773,-12.79,3.0455,0.0256483,0
12,14,5.75,2.054,0.392,-0.233,217.5,0.0437724,0.0017509,0.04,0.612459,0.942532,5.78773,-12.79,3.0455,0.0256483,0
12,15,5.75,2.054,0.392,-0.233,232.5,0.0458251,0.001833,0.04,0.612459,0.942532,5.78773,-12.79,3.0455,0.0256483,0
12,16,5.75,2.054,0.392,-0.233,247.5,0.0532229,0.00212892,0.04,0.612459,0.942532,5.78773,-12.79,3.0455,0.0256483,0
12,17,5.75,2.054,0.392,-0.233,262.5,0.0620974,0.0024839,0.04,0.612459,0.942532,5.78773,-12.79,3.0455,0.0256483,0
12,18,5.75,2.054,0.392,-0.233,277.5,0.0655471,0.00262188,0.04,0.612459,0.942532,5.78773,-12.79,3.0455,0.0256483,0
12,19,5.75,2.054,0.392,-0.233,292.5,0.0764737,0.00305895,0.04,0.612459,0.942532,5.78773,-12.79,3.0455,0.0256483,0
12,20,5.75,2.054,0.392,-0.233,307.5,0.096668,0.00386672,0.04,0.612459,0.942532,5.78773,-12.79,3.0455,0.0256483,0
12,21,5.75,2.054,0.392,-0.233,322.5,0.110244,0.00440976,0.04,0.612459,0.942532,5.78773,-12.79,3.0455,0.0256483,0
12,22,5.75,2.054,0.392,-0.233,337.5,0.110684,0.00442737,0.04,0.612459,0.942532,5.78773,-12.79,3.0455,0.0256483,0
12,23,5.75,2.054,0.392,-0.233,352.5,0.12243,0.00489722,0.04,0.612459,0.942532,5.78773,-12.79,3.0455,0.0256483,0
13,0,5.75,2.074,0.398,-0.279,7.5,0.14289,0.00571561,0.04,0.567411,0.848808,7.06013,-14.9311,3.3255,0.0371247,0
13,1,5.75,2.074,0.398,-0.279,22.5,0.132834,0.00531336,0.04,0.567411,0.848808,7.06013,-14.9311,3.3255,0.0371247,0
13,2,5.75,2.074,0.398,-0.279,37.5,0.108374,0.00433494,0.04,0.567411,0.848808,7.06013,-14.9311,3.3255,0.0371247,0
13,3,5.75,2.074,0.398,-0.279,52.5,0.096795,0.0038718,0.04,0.567411,0.848808,7.06013,-14.9311,3.3255,0.0371247,0
13,4,5.75,2.074,0.398,-0.279,67.5,0.0838376,0.0033535,0.04,0.567411,0.848808,7.06013,-14.9311,3.3255,0.0371247,0
13,5,5.75,2.074,0.398,-0.279,82.5,0.0701284,0.00280514,0.04,0.567411,0.848808,7.06013,-14.9311,3.3255,0.0371247,0
13,6,5.75,2.074,0.398,-0.279,97.5,0.0543733,0.00217493,0.04,0.567411,0.848808,7.06013,-14.9311,3.3255,0.0371247,0
13,7,5.75,2.074,0.398,-0.279,112.5,0.0525433,0.00210173,0.04,0.567411,0.848808,7.06013,-14.9311,3.3255,0.0371247,0
13,8,5.75,2.074,0.398,-0.279,127.5,0.0509202,0.00203681,0.04,0.567411,0.848808,7.06013,-14.9311,3.3255,0.0371247,0
13,9,5.75,2.074,0.398,-0.279,142.5,0.0456237,0.00182495,0.04,0.567411,0.848808,7.06013,-14.9311,3.3255,0.0371247,0
13,10,5.75,2.074,0.398,-0.279,157.5,0.0493534,0.00197414,0.04,0.567411,0.848808,7.06013,-14.9311,3.3255,0.0371247,0
13,11,5.75,2.074,0.398,-0.279,172.5,0.0428573,0.00171429,0.04,0.567411,0.848808,7.06013,-14.9311,3.3255,0.0371247,0
13,12,5.75,2.074,0.398,-0.279,187.5,0.0396555,0.00158622,0.04,0.567411,0.848808,7.06013,-14.9311,3.3255,0.0371247,0
13,13,5.75,2.074,0.398,-0.279,202.5,0.0451916,0.00180767,0.04,0.567411,0.848808,7.06013,-14.9311,3.3255,0.0371247,0
13,14,5.75,2.074,0.398,-0.279,217.5,0.051051,0.00204204,0.04,0.567411,0.848808,7.06013,-14.9311,3.3255,0.0371247,0
13,15,5.75,2.074,0.398,-0.279,232.5,0.0492337,0.00196935,0.04,0.567411,0.848808,7.06013,-14.9311,3.3255,0.0371247,0
13,16,5.75,2.074,0.398,-0.279,247.5,0.055179,0.00220716,0.04,0.567411,0.848808,7.06013,-14.9311,3.3255,0.0371247,0
13,17,5.75,2.074,0.398,-0.279,262.5,0.0602179,0.00240872,0.04,0.567411,0.848808,7.06013,-14.9311,3.3255,0.0371247,0
13,18,5.75,2.074,0.398,-0.279,277.5,0.0719675,0.0028787,0.04,0.567411,0.848808,7.06013,-14.9311,3.3255,0.0371247,0
13,19,5.75,2.074,0.398,-0.279,292.5,0.0820738,0.00328295,0.04,0.567411,0.848808,7.06013,-14.9311,3.3255,0.0371247,0
13,20,5.75,2.074,0.398,-0.279,307.5,0.09823,0.0039292,0.04,0.567411,0.848808,7.06013,-14.9311,3.3255,0.0371247,0
13,21,5.75,2.074,0.398,-0.279,322.5,0.122079,0.00488317,0.04,0.567411,0.848808,7.06013,-14.9311,3.3255,0.0371247,0
13,22,5.75,2.074,0.398,-0.279,337.5,0.133533,0.00534131,0.04,0.567411,0.848808,7.06013,-14.9311,3.3255,0.0371247,0
13,23,5.75,2.074,0.398,-0.279,352.5,0.13111,0.0052444,0.04,0.567411,0.848808,7.06013,-14.9311,3.3255,0.0371247,0
14,0,5.75,2.084,0.4,-0.324,7.5,0.159011,0.00636044,0.04,0.528704,0.770082,8.4488,-16.98,3.582,0.0521043,0
14,1,5.75,2.084,0.4,-0.324,22.5,0.137149,0.00548596,0.04,0.528704,0.770082,8.4488,-16.98,3.582,0.0521043,0
14,2,5.75,2.084,0.4,-0.324,37.5,0.125412,0.0050165,0.04,0.528704,0.770082,8.4488,-16.98,3.582,0.0521043,0
14,3,5.75,2.084,0.4,-0.324,52.5,0.111801,0.00447205,0.04,0.528704,0.770082,8.4488,-16.98,3.582,0.0521043,0
14,4,5.75,2.084,0.4,-0.324,67.5,0.0879559,0.00351824,0.04,0.528704,0.770082,8.4488,-16.98,3.582,0.0521043,0
14,5,5.75,2.084,0.4,-0.324,82.5,0.0741319,0.00296528,0.04,0.528704,0.770082,8.4488,-16.98,3.582,0.0521043,0
14,6,5.75,2.084,0.4,-0.324,97.5,0.0678705,0.00271482,0.04,0.528704,0.770082,8.4488,-16.98,3.582,0.0521043,0
14,7,5.75,2.084,0.4,-0.324,112.5,0.0662512,0.00265005,0.04,0.528704,0.770082,8.4488,-16.98,3.582,0.0521043,0
14,8,5.75,2.084,0.4,-0.324,127.5,0.057502,0.00230008,0.04,0.528704,0.770082,8.4488,-16.98,3.582,0.0521043,0
14,9,5.75,2.084,0.4,-0.324,142.5,0.0560789,0.00224315,0.04,0.528704,0.770082,8.4488,-16.98,3.582,0.0521043,0
14,10,5.75,2.084,0.4,-0.324,157.5,0.0572743,0.00229097,0.04,0.528704,0.770082,8.4488,-16.98,3.582,0.0521043,0
14,11,5.75,2.084,0.4,-0.324,172.5,0.0572441,0.00228977,0.04,0.528704,0.770082,8.4488,-16.98,3.582,0.0521043,0
14,12,5.75,2.084,0.4,-0.324,187.5,0.056413,0.00225652,0.04,0.528704,0.770082,8.4488,-16.98,3.582,0.0521043,0
14,13,5.75,2.084,0.4,-0.324,202.5,0.0530669,0.00212268,0.04,0.528704,0.770082,8.4488,-16.98,3.582,0.0521043,0
14,14,5.75,2.084,0.4,-0.324,217.5,0.0546812,0.00218725,0.04,0.528704,0.770082,8.4488,-16.98,3.582,0.0521043,0
14,15,5.75,2.084,0.4,-0.324,232.5,0.0588933,0.00235573,0.04,0.528704,0.770082,8.4488,-16.98,3.582,0.0521043,0
14,16,5.75,2.084,0.4,-0.324,247.5,0.0624555,0.00249822,0.04,0.528704,0.770082,8.4488,-16.98,3.582,0.0521043,0
14,17,5.75,2.084,0.4,-0.324,262.5,0.06489,0.0025956,0.04,0.528704,0.770082,8.4488,-16.98,3.582,0.0521043,0
14,18,5.75,2.084,0.4,-0.324,277.5,0.0740937,0.00296375,0.04,0.528704,0.770082,8.4488,-16.98,3.582,0.0521043,0
14,19,5.75,2.084,0.4,-0.324,292.5,0.0892298,0.00356919,0.04,0.528704,0.770082,8.4488,-16.98,3.582,0.0521043,0
14,20,5.75,2.084,0.4,-0.324,307.5,0.0974536,0.00389814,0.04,0.528704,0.770082,8.4488,-16.98,3.582,0.0521043,0
14,21,5.75,2.084,0.4,-0.324,322.5,0.123506,0.00494024,0.04,0.528704,0.770082,8.4488,-16.98,3.582,0.0521043,0
14,22,5.75,2.084,0.4,-0.324,337.5,0.155537,0.00622148,0.04,0.528704,0.770082,8.4488,-16.98,3.582,0.0521043,0
14,23,5.75,2.084,0.4,-0.324,352.5,0.161336,0.00645344,0.04,0.528704,0.770082,8.4488,-16.98,3.582,0.0521043,0
15,0,5.75,2.091,0.401,-0.371,7.5,0.180495,0.00721981,0.04,0.492915,0.699018,10.0981,-19.107,3.845,0.0729098,0
15,1,5.75,2.091,0.401,-0.371,22.5,0.173888,0.00695554,0.04,0.492915,0.699018,10.0981,-19.107,3.845,0.0729098,0
15,2,5.75,2.091,0.401,-0.371,37.5,0.15036,0.00601439,0.04,0.492915,0.699018,10.0981,-19.107,3.845,0.0729098,0
15,3,5.75,2.091,0.401,-0.371,52.5,0.124087,0.00496349,0.04,0.492915,0.699018,10.0981,-19.107,3.845,0.0729098,0
15,4,5.75,2.091,0.401,-0.371,67.5,0.104723,0.00418892,0.04,0.492915,0.699018,10.0981,-19.107,3.845,0.0729098,0
15,5,5.75,2.091,0.401,-0.371,82.5,0.0930302,0.00372121,0.04,0.492915,0.699018,10.0981,-19.107,3.845,0.0729098,0
15,6,5.75,2.091,0.401,-0.371,97.5,0.0856054,0.00342421,0.04,0.492915,0.699018,10.0981,-19.107,3.845,0.0729098,0
15,7,5.75,2.091,0.401,-0.371,112.5,0.084724,0.00338896,0.04,0.492915,0.699018,10.0981,-19.107,3.845,0.0729098,0
15,8,5.75,2.091,0.401,-0.371,127.5,0.0732182,0.00292873,0.04,0.492915,0.699018,10.0981,-19.107,3.845,0.0729098,0
15,9,5.75,2.091,0.401,-0.371,142.5,0.0782511,0.00313004,0.04,0.492915,0.699018,10.0981,-19.107,3.845,0.0729098,0
15,10,5.75,2.091,0.401,-0.371,157.5,0.0734191,0.00293676,0.04,0.492915,0.699018,10.0981,-19.107,3.845,0.0729098,0
15,11,5.75,2.091,0.401,-0.371,172.5,0.0749421,0.00299769,0.04,0.492915,0.699018,10.0981,-19.107,3.845,0.0729098,0
15,12,5.75,2.091,0.401,-0.371,187.5,0.0757618,0.00303047,0.04,0.492915,0.699018,10.0981,-19.107,3.845,0.0729098,0
15,13,5.75,2.091,0.401,-0.371,202.5,0.0733415,0.00293366,0.04,0.492915,0.699018,10.0981,-19.107,3.845,0.0729098,0
15,14,5.75,2.091,0.401,-0.371,217.5,0.0777931,0.00311172,0.04,0.492915,0.699018,10.0981,-19.107,3.845,0.0729098,0
15,15,5.75,2.091,0.401,-0.371,232.5,0.081923,0.00327692,0.04,0.492915,0.699018,10.0981,-19.107,3.845,0.0729098,0
15,16,5.75,2.091,0.401,-0.371,247.5,0.0768675,0.0030747,0.04,0.492915,0.699018,10.0981,-19.107,3.845,0.0729098,0
15,17,5.75,2.091,0.401,-0.371,262.5,0.0807098,0.00322839,0.04,0.492915,0.699018,10.0981,-19.107,3.845,0.0729098,0
15,18,5.75,2.091,0.401,-0.371,277.5,0.0939518,0.00375807,0.04,0.492915,0.699018,10.0981,-19.107,3.845,0.0729098,0
15,19,5.75,2.091,0.401,-0.371,292.5,0.101686,0.00406743,0.04,0.492915,0.699018,10.0981,-19.107,3.845,0.0729098,0
15,20,5.75,2.091,0.401,-0.371,307.5,0.113057,0.00452228,0.04,0.492915,0.699018,10.0981,-19.107,3.845,0.0729098,0
15,21,5.75,2.091,0.401,-0.371,322.5,0.142693,0.00570773,0.04,0.492915,0.699018,10.0981,-19.107,3.845,0.0729098,0
15,22,5.75,2.091,0.401,-0.371,337.5,0.172289,0.00689155,0.04,0.492915,0.699018,10.0981,-19.107,3.845,0.0729098,0
15,23,5.75,2.091,0.401,-0.371,352.5,0.185158,0.00740633,0.04,0.492915,0.699018,10.0981,-19.107,3.845,0.0729098,0
16,0,5.75,2.161,0.336,-0.171,7.5,0.185893,0.00743571,0.04,0.68437,1.09589,3.71997,-9.38844,2.4525,0.00860402,0
16,1,5.75,2.161,0.336,-0.171,22.5,0.168149,0.00672594,0.04,0.68437,1.09589,3.71997,-9.38844,2.4525,0.00860402,0
16,2,5.75,2.161,0.336,-0.171,37.5,0.150089,0.00600358,0.04,0.68437,1.09589,3.71997,-9.38844,2.4525,0.00860402,0
16,3,5.75,2.161,0.336,-0.171,52.5,0.141396,0.00565584,0.04,0.68437,1.09589,3.71997,-9.38844,2.4525,0.00860402,0
16,4,5.75,2.161,0.336,-0.171,67.5,0.104933,0.00419731,0.04,0.68437,1.09589,3.71997,-9.38844,2.4525,0.00860402,0
16,5,5.75,2.161,0.336,-0.171,82.5,0.0885419,0.00354168,0.04,0.68437,1.09589,3.71997,-9.38844,2.4525,0.00860402,0
16,6,5.75,2.161,0.336,-0.171,97.5,0.0713005,0.00285202,0.04,0.68437,1.09589,3.71997,-9.38844,2.4525,0.00860402,0
16,7,5.75,2.161,0.336,-0.171,112.5,0.0580886,0.00232355,0.04,0.68437,1.09589,3.71997,-9.38844,2.4525,0.00860402,0
16,8,5.75,2.161,0.336,-0.171,127.5,0.0440493,0.00176197,0.04,0.68437,1.09589,3.71997,-9.38844,2.4525,0.00860402,0
16,9,5.75,2.161,0.336,-0.171,142.5,0.0401859,0.00160744,0.04,0.68437,1.09589,3.71997,-9.38844,2.4525,0.00860402,0
16,10,5.75,2.161,0.336,-0.171,157.5,0.0378953,0.00151581,0.04,0.68437,1.09589,3.71997,-9.38844,2.4525,0.00860402,0
16,11,5.75,2.161,0.336,-0.171,172.5,0.0359003,0.00143601,0.04,0.68437,1.09589,3.71997,-9.38844,2.4525,0.00860402,0
16,12,5.75,2.161,0.336,-0.171,187.5,0.0366253,0.00146501,0.04,0.68437,1.09589,3.71997,-9.38844,2.4525,0.00860402,0
16,13,5.75,2.161,0.336,-0.171,202.5,0.0368518,0.00147407,0.04,0.68437,1.09589,3.71997,-9.38844,2.4525,0.00860402,0
16,14,5.75,2.161,0.336,-0.171,217.5,0.0405372,0.00162149,0.04,0.68437,1.09589,3.71997,-9.38844,2.4525,0.00860402,0
16,15,5.75,2.161,0.336,-0.171,232.5,0.0481766,0.00192706,0.04,0.68437,1.09589,3.71997,-9.38844,2.4525,0.00860402,0
16,16,5.75,2.161,0.336,-0.171,247.5,0.0576936,0.00230774,0.04,0.68437,1.09589,3.71997,-9.38844,2.4525,0.00860402,0
16,17,5.75,2.161,0.336,-0.171,262.5,0.0726585,0.00290634,0.04,0.68437,1.09589,3.71997,-9.38844,2.4525,0.00860402,0
16,18,5.75,2.161,0.336,-0.171,277.5,0.0821115,0.00328446,0.04,0.68437,1.09589,3.71997,-9.38844,2.4525,0.00860402,0
16,19,5.75,2.161,0.336,-0.171,292.5,0.104409,0.00417636,0.04,0.68437,1.09589,3.71997,-9.38844,2.4525,0.00860402,0
16,20,5.75,2.161,0.336,-0.171,307.5,0.123737,0.00494947,0.04,0.68437,1.09589,3.71997,-9.38844,2.4525,0.00860402,0
16,21,5.75,2.161,0.336,-0.171,322.5,0.151327,0.00605307,0.04,0.68437,1.09589,3.71997,-9.38844,2.4525,0.00860402,0
16,22,5.75,2.161,0.336,-0.171,337.5,0.169368,0.00677471,0.04,0.68437,1.09589,3.71997,-9.38844,2.4525,0.00860402,0
16,23,5.75,2.161,0.336,-0.171,352.5,0.176318,0.00705274,0.04,0.68437,1.09589,3.71997,-9.38844,2.4525,0.00860402,0
17,0,5.75,2.19,0.342,-0.231,7.5,0.206067,0.00824268,0.04,0.614563,0.946957,5.00733,-12.1495,2.8095,0.0148899,0
17,1,5.75,2.19,0.342,-0.231,22.5,0.174856,0.00699424,0.04,0.614563,0.946957,5.00733,-12.1495,2.8095,0.0148899,0
17,2,5.75,2.19,0.342,-0.231,37.5,0.141829,0.00567315,0.04,0.614563,0.946957,5.00733,-12.1495,2.8095,0.0148899,0
17,3,5.75,2.19,0.342,-0.231,52.5,0.114286,0.00457145,0.04,0.614563,0.946957,5.00733,-12.1495,2.8095,0.0148899,0
17,4,5.75,2.19,0.342,-0.231,67.5,0.0872211,0.00348884,0.04,0.614563,0.946957,5.00733,-12.1495,2.8095,0.0148899,0
17,5,5.75,2.19,0.342,-0.231,82.5,0.0624997,0.00249999,0.04,0.614563,0.946957,5.00733,-12.1495,2.8095,0.0148899,0
17,6,5.75,2.19,0.342,-0.231,97.5,0.0447843,0.00179137,0.04,0.614563,0.946957,5.00733,-12.1495,2.8095,0.0148899,0
17,7,5.75,2.19,0.342,-0.231,112.5,0.0409516,0.00163806,0.04,0.614563,0.946957,5.00733,-12.1495,2.8095,0.0148899,0
17,8,5.75,2.19,0.342,-0.231,127.5,0.0336476,0.0013459,0.04,0.614563,0.946957,5.00733,-12.1495,2.8095,0.0148899,0
17,9,5.75,2.19,0.342,-0.231,142.5,0.028307,0.00113228,0.04,0.614563,0.946957,5.00733,-12.1495,2.8095,0.0148899,0
17,10,5.75,2.19,0.342,-0.231,157.5,0.0257036,0.00102814,0.04,0.614563,0.946957,5.00733,-12.1495,2.8095,0.0148899,0
17,11,5.75,2.19,0.342,-0.231,172.5,0.0260821,0.00104328,0.04,0.614563,0.946957,5.00733,-12.1495,2.8095,0.0148899,0
17,12,5.75,2.19,0.342,-0.231,187.5,0.0265064,0.00106025,0.04,0.614563,0.946957,5.00733,-12.1495,2.8095,0.0148899,0
17,13,5.75,2.19,0.342,-0.231,202.5,0.0274112,0.00109645,0.04,0.614563,0.946957,5.00733,-12.1495,2.8095,0.0148899,0
17,14,5.75,2.19,0.342,-0.231,217.5,0.0305368,0.00122147,0.04,0.614563,0.946957,5.00733,-12.1495,2.8095,0.0148899,0
17,15,5.75,2.19,0.342,-0.231,232.5,0.0329785,0.00131914,0.04,0.614563,0.946957,5.00733,-12.1495,2.8095,0.0148899,0
17,16,5.75,2.19,0.342,-0.231,247.5,0.0434395,0.00173758,0.04,0.614563,0.946957,5.00733,-12.1495,2.8095,0.0148899,0
17,17,5.75,2.19,0.342,-0.231,262.5,0.0497841,0.00199136,0.04,0.614563,0.946957,5.00733,-12.1495,2.8095,0.0148899,0
17,18,5.75,2.19,0.342,-0.231,277.5,0.0665938,0.00266375,0.04,0.614563,0.946957,5.00733,-12.1495,2.8095,0.0148899,0
17,19,5.75,2.19,0.342,-0.231,292.5,0.0890293,0.00356117,0.04,0.614563,0.946957,5.00733,-12.1495,2.8095,0.0148899,0
17,20,5.75,2.19,0.342,-0.231,307.5,0.12209,0.00488362,0.04,0.614563,0.946957,5.00733,-12.1495,2.8095,0.0148899,0
17,21,5.75,2.19,0.342,-0.231,322.5,0.139647,0.00558586,0.04,0.614563,0.946957,5.00733,-12.1495,2.8095,0.0148899,0
17,22,5.75,2.19,0.342,-0.231,337.5,0.169436,0.00677745,0.04,0.614563,0.946957,5.00733,-12.1495,2.8095,0.0148899,0
17,23,5.75,2.19,0.342,-0.231,352.5,0.186413,0.0074565,0.04,0.614563,0.946957,5.00733,-12.1495,2.8095,0.0148899,0
18,0,5.75,2.194,0.343,-0.278,7.5,0.196439,0.00785757,0.04,0.568327,0.850693,6.21718,-14.2747,3.0725,0.0225048,0
18,1,5.75,2.194,0.343,-0.278,22.5,0.185298,0.0074119,0.04,0.568327,0.850693,6.21718,-14.2747,3.0725,0.0225048,0
18,2,5.75,2.194,0.343,-0.278,37.5,0.149099,0.00596394,0.04,0.568327,0.850693,6.21718,-14.2747,3.0725,0.0225048,0
18,3,5.75,2.194,0.343,-0.278,52.5,0.101914,0.00407656,0.04,0.568327,0.850693,6.21718,-14.2747,3.0725,0.0225048,0
18,4,5.75,2.194,0.343,-0.278,67.5,0.0790497,0.00316199,0.04,0.568327,0.850693,6.21718,-14.2747,3.0725,0.0225048,0
18,5,5.75,2.194,0.343,-0.278,82.5,0.058006,0.00232024,0.04,0.568327,0.850693,6.21718,-14.2747,3.0725,0.0225048,0
18,6,5.75,2.194,0.343,-0.278,97.5,0.047985,0.0019194,0.04,0.568327,0.850693,6.21718,-14.2747,3.0725,0.0225048,0
18,7,5.75,2.194,0.343,-0.278,112.5,0.0354162,0.00141665,0.04,0.568327,0.850693,6.21718,-14.2747,3.0725,0.0225048,0
18,8,5.75,2.194,0.343,-0.278,127.5,0.0307839,0.00123136,0.04,0.568327,0.850693,6.21718,-14.2747,3.0725,0.0225048,0
18,9,5.75,2.194,0.343,-0.278,142.5,0.0303925,0.0012157,0.04,0.568327,0.850693,6.21718,-14.2747,3.0725,0.0225048,0
18,10,5.75,2.194,0.343,-0.278,157.5,0.0279395,0.00111758,0.04,0.568327,0.850693,6.21718,-14.2747,3.0725,0.0225048,0
18,11,5.75,2.194,0.343,-0.278,172.5,0.0264973,0.00105989,0.04,0.568327,0.850693,6.21718,-14.2747,3.0725,0.0225048,0
18,12,5.75,2.194,0.343,-0.278,187.5,0.0247516,0.000990066,0.04,0.568327,0.850693,6.21718,-14.2747,3.0725,0.0225048,0
18,13,5.75,2.194,0.343,-0.278,202.5,0.0258047,0.00103219,0.04,0.568327,0.850693,6.21718,-14.2747,3.0725,0.0225048,0
18,14,5.75,2.194,0.343,-0.278,217.5,0.0294597,0.00117839,0.04,0.568327,0.850693,6.21718,-14.2747,3.0725,0.0225048,0
18,15,5.75,2.194,0.343,-0.278,232.5,0.0312292,0.00124917,0.04,0.568327,0.850693,6.21718,-14.2747,3.0725,0.0225048,0
18,16,5.75,2.194,0.343,-0.278,247.5,0.0390708,0.00156283,0.04,0.568327,0.850693,6.21718,-14.2747,3.0725,0.0225048,0
18,17,5.75,2.194,0.343,-0.278,262.5,0.0458074,0.0018323,0.04,0.568327,0.850693,6.21718,-14.2747,3.0725,0.0225048,0
18,18,5.75,2.194,0.343,-0.278,277.5,0.0616417,0.00246567,0.04,0.568327,0.850693,6.21718,-14.2747,3.0725,0.0225048,0
18,19,5.75,2.194,0.343,-0.278,292.5,0.0783534,0.00313414,0.04,0.568327,0.850693,6.21718,-14.2747,3.0725,0.0225048,0
18,20,5.75,2.194,0.343,-0.278,307.5,0.111043,0.00444173,0.04,0.568327,0.850693,6.21718,-14.2747,3.0725,0.0225048,0
18,21,5.75,2.194,0.343,-0.278,322.5,0.140568,0.0056227,0.04,0.568327,0.850693,6.21718,-14.2747,3.0725,0.0225048,0
18,22,5.75,2.194,0.343,-0.278,337.5,0.186369,0.00745475,0.04,0.568327,0.850693,6.21718,-14.2747,3.0725,0.0225048,0
18,23,5.75,2.194,0.343,-0.278,352.5,0.203032,0.00812129,0.04,0.568327,0.850693,6.21718,-14.2747,3.0725,0.0225048,0
19,0,5.75,2.191,0.342,-0.324,7.5,0.244695,0.00978779,0.04,0.528704,0.770082,7.58808,-16.3345,3.321,0.0329654,0
19,1,5.75,2.191,0.342,-0.324,22.5,0.188621,0.00754485,0.04,0.528704,0.770082,7.58808,-16.3345,3.321,0.0329654,0
19,2,5.75,2.191,0.342,-0.324,37.5,0.147797,0.00591188,0.04,0.528704,0.770082,7.58808,-16.3345,3.321,0.0329654,0
19,3,5.75,2.191,0.342,-0.324,52.5,0.106033,0.00424134,0.04,0.528704,0.770082,7.58808,-16.3345,3.321,0.0329654,0
19,4,5.75,2.191,0.342,-0.324,67.5,0.0799587,0.00319835,0.04,0.528704,0.770082,7.58808,-16.3345,3.321,0.0329654,0
19,5,5.75,2.191,0.342,-0.324,82.5,0.0610462,0.00244185,0.04,0.528704,0.770082,7.58808,-16.3345,3.321,0.0329654,0
19,6,5.75,2.191,0.342,-0.324,97.5,0.0496296,0.00198518,0.04,0.528704,0.770082,7.58808,-16.3345,3.321,0.0329654,0
19,7,5.75,2.191,0.342,-0.324,112.5,0.0401615,0.00160646,0.04,0.528704,0.770082,7.58808,-16.3345,3.321,0.0329654,0
19,8,5.75,2.191,0.342,-0.324,127.5,0.0383191,0.00153276,0.04,0.528704,0.770082,7.58808,-16.3345,3.321,0.0329654,0
19,9,5.75,2.191,0.342,-0.324,142.5,0.0354834,0.00141934,0.04,0.528704,0.770082,7.58808,-16.3345,3.321,0.0329654,0
19,10,5.75,2.191,0.342,-0.324,157.5,0.0339733,0.00135893,0.04,0.528704,0.770082,7.58808,-16.3345,3.321,0.0329654,0
19,11,5.75,2.191,0.342,-0.324,172.5,0.0342927,0.00137171,0.04,0.528704,0.770082,7.58808,-16.3345,3.321,0.0329654,0
19,12,5.75,2.191,0.342,-0.324,187.5,0.0325123,0.00130049,0.04,0.528704,0.770082,7.58808,-16.3345,3.321,0.0329654,0
19,13,5.75,2.191,0.342,-0.324,202.5,0.032165,0.0012866,0.04,0.528704,0.770082,7.58808,-16.3345,3.321,0.0329654,0
19,14,5.75,2.191,0.342,-0.324,217.5,0.0325426,0.00130171,0.04,0.528704,0.770082,7.58808,-16.3345,3.321,0.0329654,0
19,15,5.75,2.191,0.342,-0.324,232.5,0.0341495,0.00136598,0.04,0.528704,0.770082,7.58808,-16.3345,3.321,0.0329654,0
19,16,5.75,2.191,0.342,-0.324,247.5,0.0397428,0.00158971,0.04,0.528704,0.770082,7.58808,-16.3345,3.321,0.0329654,0
19,17,5.75,2.191,0.342,-0.324,262.5,0.0466569,0.00186628,0.04,0.528704,0.770082,7.58808,-16.3345,3.321,0.0329654,0
19,18,5.75,2.191,0.342,-0.324,277.5,0.0555134,0.00222054,0.04,0.528704,0.770082,7.58808,-16.3345,3.321,0.0329654,0
19,19,5.75,2.191,0.342,-0.324,292.5,0.0784854,0.00313942,0.04,0.528704,0.770082,7.58808,-16.3345,3.321,0.0329654,0
19,20,5.75,2.191,0.342,-0.324,307.5,0.114535,0.0045814,0.04,0.528704,0.770082,7.58808,-16.3345,3.321,0.0329654,0
19,21,5.75,2.191,0.342,-0.324,322.5,0.154132,0.00616529,0.04,0.528704,0.770082,7.58808,-16.3345,3.321,0.0329654,0
19,22,5.75,2.191,0.342,-0.324,337.5,0.197274,0.00789097,0.04,0.528704,0.770082,7.58808,-16.3345,3.321,0.0329654,0
19,23,5.75,2.191,0.342,-0.324,352.5,0.232894,0.00931576,0.04,0.528704,0.770082,7.58808,-16.3345,3.321,0.0329654,0
20,0,5.75,2.193,0.342,-0.371,7.5,0.259558,0.0103823,0.04,0.492915,0.699018,9.22133,-18.4495,3.5795,0.0474891,0
20,1,5.75,2.193,0.342,-0.371,22.5,0.215908,0.00863633,0.04,0.492915,0.699018,9.22133,-18.4495,3.5795,0.0474891,0
20,2,5.75,2.193,0.342,-0.371,37.5,0.159276,0.00637104,0.04,0.492915,0.699018,9.22133,-18.4495,3.5795,0.0474891,0
20,3,5.75,2.193,0.342,-0.371,52.5,0.103842,0.00415368,0.04,0.492915,0.699018,9.22133,-18.4495,3.5795,0.0474891,0
20,4,5.75,2.193,0.342,-0.371,67.5,0.0793413,0.00317365,0.04,0.492915,0.699018,9.22133,-18.4495,3.5795,0.0474891,0
20,5,5.75,2.193,0.342,-0.371,82.5,0.0635331,0.00254132,0.04,0.492915,0.699018,9.22133,-18.4495,3.5795,0.0474891,0
20,6,5.75,2.193,0.342,-0.371,97.5,0.0587693,0.00235077,0.04,0.492915,0.699018,9.22133,-18.4495,3.5795,0.0474891,0
20,7,5.75,2.193,0.342,-0.371,112.5,0.051172,0.00204688,0.04,0.492915,0.699018,9.22133,-18.4495,3.5795,0.0474891,0
20,8,5.75,2.193,0.342,-0.371,127.5,0.0442725,0.0017709,0.04,0.492915,0.699018,9.22133,-18.4495,3.5795,0.0474891,0
20,9,5.75,2.193,0.342,-0.371,142.5,0.0470229,0.00188092,0.04,0.492915,0.699018,9.22133,-18.4495,3.5795,0.0474891,0
20,10,5.75,2.193,0.342,-0.371,157.5,0.0455657,0.00182263,0.04,0.492915,0.699018,9.22133,-18.4495,3.5795,0.0474891,0
20,11,5.75,2.193,0.342,-0.371,172.5,0.0438045,0.00175218,0.04,0.492915,0.699018,9.22133,-18.4495,3.5795,0.0474891,0
20,12,5.75,2.193,0.342,-0.371,187.5,0.0443112,0.00177245,0.04,0.492915,0.699018,9.22133,-18.4495,3.5795,0.0474891,0
20,13,5.75,2.193,0.342,-0.371,202.5,0.0450632,0.00180253,0.04,0.492915,0.699018,9.22133,-18.4495,3.5795,0.0474891,0
20,14,5.75,2.193,0.342,-0.371,217.5,0.04732,0.0018928,0.04,0.492915,0.699018,9.22133,-18.4495,3.5795,0.0474891,0
20,15,5.75,2.193,0.342,-0.371,232.5,0.0489674,0.0019587,0.04,0.492915,0.699018,9.22133,-18.4495,3.5795,0.0474891,0
20,16,5.75,2.193,0.342,-0.371,247.5,0.0493434,0.00197373,0.04,0.492915,0.699018,9.22133,-18.4495,3.5795,0.0474891,0
20,17,5.75,2.193,0.342,-0.371,262.5,0.0537266,0.00214907,0.04,0.492915,0.699018,9.22133,-18.4495,3.5795,0.0474891,0
20,18,5.75,2.193,0.342,-0.371,277.5,0.0713788,0.00285515,0.04,0.492915,0.699018,9.22133,-18.4495,3.5795,0.0474891,0
20,19,5.75,2.193,0.342,-0.371,292.5,0.0856917,0.00342767,0.04,0.492915,0.699018,9.22133,-18.4495,3.5795,0.0474891,0
20,20,5.75,2.193,0.342,-0.371,307.5,0.105332,0.0042133,0.04,0.492915,0.699018,9.22133,-18.4495,3.5795,0.0474891,0
20,21,5.75,2.193,0.342,-0.371,322.5,0.154255,0.00617021,0.04,0.492915,0.699018,9.22133,-18.4495,3.5795,0.0474891,0
20,22,5.75,2.193,0.342,-0.371,337.5,0.205768,0.00823071,0.04,0.492915,0.699018,9.22133,-18.4495,3.5795,0.0474891,0
20,23,5.75,2.193,0.342,-0.371,352.5,0.259298,0.0103719,0.04,0.492915,0.699018,9.22133,-18.4495,3.5795,0.0474891,0
