,Unnamed: 0,ReH,ReE,ReHtilde,SetNum
0,0,0.11291509256174755,-1.170266495463953,0.15360981635778742,59
1,1,-0.11551651303219732,-1.796106855847064,0.7064845377376562,59
2,2,0.5010511730312142,0.22541762277038893,-1.271865176064999,59
3,3,0.6424868539836803,1.0376337240872664,-2.1032211539127976,59
4,4,-0.12777532095637312,-2.3457041317674974,1.2371334453664808,59
5,5,0.42032438367990704,0.04269775150464563,-1.102729877453012,59
6,6,0.08108922047636032,-1.0588392283595054,-0.06013056635742462,59
7,7,0.19436749992867167,-0.37925445534070795,-0.8216601940489916,59
8,8,0.08481198314589736,-1.5138831073027563,0.3590492017268751,59
9,9,0.27816665493958964,-0.2471534554005605,-0.8917599001938996,59
10,10,-0.015636436606629667,-1.3058403618797314,0.12040281264719642,59
11,11,-0.2624874628019653,-1.9632128228377417,0.7040544428468005,59
12,12,-0.5191258990839285,-3.195040436285689,1.9345781691856792,59
13,13,0.46916633063203644,0.5849033418861833,-1.8050867653432356,59
14,14,0.0027651944115821563,-1.4862110216783186,0.2398484984383001,59
15,15,0.17440340181761874,-0.8113470334198453,-0.41167237361165615,59
16,16,0.3050471460125328,-0.724378874820097,-0.4535026335307578,59
17,17,-0.17005500460761033,-2.586947704957782,1.4039093487359933,59
18,18,0.20065147013076787,-1.4761205526246866,0.3395523578660429,59
19,19,-0.3353991466847644,-3.030332256211973,1.7353142245505448,59
20,20,0.17112605583971782,-0.916666633174857,-0.3469588571518195,59
21,21,-0.38559353284805137,-2.959481260666367,1.5548055995571781,59
22,22,-0.38706329713027854,-3.407517242921932,2.0395273213894143,59
23,23,0.010412499175087218,-1.5311631709049955,0.19673066456109073,59
24,24,0.2316129777628725,-0.8595220246483574,-0.42625367370250977,59
25,25,0.4233553839419528,-0.2741409481659021,-0.9709141623725667,59
26,26,-0.007542422482814341,-1.8681354743678438,0.607422090365378,59
27,27,0.3654609398221353,-0.4736648864235533,-0.739839223799011,59
28,28,0.05579452608803965,-1.47010648396135,0.20479992417085557,59
29,29,0.41986567096762506,-0.407991263467558,-0.803592494711557,59
30,30,0.268168539859116,-0.9032042682446699,-0.34357408864978584,59
31,31,-0.46722223559983556,-3.699707261440283,2.313292801698488,59
32,32,-0.11166128260141094,-1.9058551028995223,0.5462398569243747,59
33,33,0.28444570068959474,-0.846814087810939,-0.41556067158616916,59
34,34,0.33712650426930746,-0.06340601008212307,-1.2361263667936924,59
35,35,-0.03407980235631332,-1.8329439947091655,0.46539508303059757,59
36,36,0.2186296598247999,-0.8314126529812957,-0.48004911836433883,59
37,37,0.32511588873052094,-0.145816165175584,-1.1672757220238836,59
38,38,-0.038592754919511536,-1.983028439324273,0.6321887069838124,59
39,39,0.10877904525046851,-1.4877374035437634,0.17568372634234936,59
40,40,0.33147027859751876,-0.4736649720190596,-0.8423581440970678,59
41,41,0.16901371211525879,-0.537457847713679,-0.8530441242037582,59
42,42,0.5463919576579038,0.07004166395806888,-1.3059540985160503,59
43,43,-0.0975092075151769,-1.754387178116677,0.36280130696787916,59
44,44,0.7306160797182647,0.660636705109062,-1.8818326038087967,59
45,45,-0.018930464165988925,-2.1912118609618423,0.8342755223341403,59
46,46,0.021177043667882926,-1.7825993713856376,0.4167743685112023,59
47,47,0.2560761784156179,-0.4696092429435268,-0.8546259717467688,59
48,48,0.35981062349285614,-0.030626526194445586,-1.2900570907568805,59
49,49,0.05717103355879267,-0.757877874533426,-0.6272815014901733,59
50,50,0.3147015343370509,-0.31973339457718375,-0.9872915098455174,59
51,51,0.4472217410012621,-0.2702023565406912,-0.9860689950922664,59
52,52,0.021248694445807924,-1.5647451554616472,0.2065131575106875,59
53,53,-0.28405262339912346,-2.6520156969092095,1.2570762268027582,59
54,54,0.5981185255336721,0.7027639030447698,-2.005274098538424,59
55,55,0.23771437390369252,-0.6494752958338137,-0.7227047438351402,59
56,56,0.2815507384165642,-1.260617923443151,0.06500616709868683,59
57,57,0.3331720461288861,-0.27516501280283945,-1.0044492823292037,59
58,58,0.006013547677796974,-1.6062330833588254,0.2774602546608003,59
59,59,0.761010044246875,1.1270697295258525,-2.3223081290293948,59
60,60,0.09455131826898573,-1.4684431064881303,0.19889129696780758,59
61,61,0.004755288612880692,-1.517641905567061,0.19600028421425242,59
62,62,0.06348073402306417,-1.6261544102955923,0.3427428850214592,59
63,63,0.08895123135103536,-0.5734934274573754,-0.7803537760497965,59
64,64,0.14677808736590314,-0.7568788679809476,-0.5550414411322697,59
65,65,-0.017465131890643686,-1.8237434193364024,0.5190136415566522,59
66,66,-0.35942364021184775,-3.1420095691890926,1.7683408254115849,59
67,67,0.30403197021396156,-0.45881509323290215,-0.8628412777393566,59
68,68,-0.027069106136879576,-1.3694159105839478,-0.003542348569732324,59
69,69,0.1506643418448633,-1.2377695939730722,-0.10451779689296437,59
70,70,0.5781077682390562,0.5564173285926858,-1.8103745327141851,59
71,71,-0.31596898229168413,-3.080715483108825,1.6792751621712054,59
72,72,0.06392233426432997,-1.9311127960787842,0.6127793699229142,59
73,73,0.06341486947634628,-1.605742492714676,0.2511156840038936,59
74,74,-0.07088478795096873,-1.8541808389816972,0.4602782188148423,59
75,75,0.03742016422328182,-1.7519614014691685,0.3977707780111664,59
76,76,0.49198230206032295,0.0626038424412973,-1.3482392933172715,59
77,77,0.3618460226533924,0.06014776498457108,-1.3955690541796053,59
78,78,0.4127726132869684,0.14243192349281206,-1.4684947367090153,59
79,79,0.29464522586059244,-0.7719072775942943,-0.532675369874651,59
80,80,0.002841892752900374,-1.7434530369555585,0.3940952183843005,59
81,81,0.09065681533277306,-1.0370901484791781,-0.32053417849539073,59
82,82,0.19001748517403622,-0.9281042257049413,-0.4196433022505144,59
83,83,0.23593480002928668,-0.83923455223411,-0.4797072207107351,59
84,84,0.16924023691144743,-0.8753641800403135,-0.4885788391207284,59
85,85,-0.45105082737801244,-3.5956847545883126,2.1583480369037464,59
86,86,-0.03983901063245564,-1.708631715063717,0.3064546006405471,59
87,87,-0.12819580760929827,-2.466318471553595,1.0792361024912989,59
88,88,0.2731069035273305,-0.4223819223626116,-0.9434085737818821,59
89,89,0.22410749721958978,-1.585759066238115,0.26543446369494555,59
90,90,0.35485760957967066,-0.18450054065835908,-1.1467412991663937,59
91,91,0.09954212735196981,-0.8380780499501066,-0.5615721156292106,59
92,92,0.5863224929947535,0.3380818519347278,-1.6171897073928252,59
93,93,0.43988295316126164,-0.18660079759554787,-1.1082602638208032,59
94,94,0.07196851964721056,-1.3798634412919581,0.033662016914036245,59
95,95,0.4674833991299174,0.10319528580362435,-1.3794134994504847,59
96,96,0.22404828068319482,-1.0253928377842136,-0.253603442507168,59
97,97,-0.0800906202456424,-2.4360762096625814,1.1900211726989722,59
98,98,-0.10712573911424476,-1.740666988822186,0.37559702989265076,59
99,99,0.2609300877304708,-0.611655113981152,-0.6858831520936709,59
100,100,-0.43603001738726477,-3.8157230682478773,2.4504745995388113,59
101,101,0.42800234315767904,0.46780475192435467,-1.709443796894677,59
102,102,-0.15531476527475088,-2.385487039977659,1.1192517381019609,59
103,103,0.16618707661499213,-0.8008950945432622,-0.4420550451156141,59
104,104,-0.1448804668503118,-1.523425893509561,0.1898033778247836,59
105,105,0.3966934154305503,-0.19056318477150025,-1.0002864865758272,59
106,106,0.020525907990142755,-1.6105326740317032,0.3581460000173282,59
107,107,0.44913722975338133,-0.06035684136249653,-1.1236494375584887,59
108,108,0.3045294629864604,-1.2207114581196978,0.07043094929207978,59
109,109,0.46384841481890343,-0.012530009855711363,-1.146744256402978,59
110,110,-0.130628671609234,-1.7347787027553037,0.47393813989637174,59
111,111,-0.04829940399184551,-1.8627872103499783,0.6417216502701324,59
112,112,-0.4183334447971901,-3.07536353848419,1.7885327911382796,59
113,113,0.727123412072682,1.0677405738873709,-2.2180616801783644,59
114,114,0.3617328833666003,-0.23845301457089557,-0.9481544361121663,59
115,115,0.2625272106549032,-0.8422510234703439,-0.34441714085228003,59
116,116,0.37585177995687075,0.0007695631210005162,-1.1958608389826977,59
117,117,-0.08131083791815526,-1.827141475339559,0.5589234103811727,59
118,118,0.2530681999670976,-0.8651478320952826,-0.3173555259579195,59
119,119,-0.22629113948576446,-2.450258529095389,1.18903411791809,59
120,120,0.06302817687589624,-1.4601132514028332,0.23608260037183673,59
121,121,0.09238283579068841,-1.1570043063246014,-0.07135226300196673,59
122,122,0.25239379625322755,-0.8584373262946708,-0.3234530509295094,59
123,123,0.17046100858482052,-0.9302130207938799,-0.28663438217091886,59
124,124,0.24879192888252594,-0.3563541479994508,-0.8686516424789089,59
125,125,-0.15582155295057182,-2.0090335524642278,0.737694870112387,59
126,126,-0.07894088379368279,-2.0697556893716422,0.8333609940659386,59
127,127,0.2866316649728149,-0.47254354249374764,-0.7345266795810029,59
128,128,0.11546398896407882,-1.203834356762071,-0.003600077481588465,59
129,129,0.04065331324366573,-1.1693492540188326,-0.09828371381500606,59
130,130,-0.054096899882996374,-1.8804717555170658,0.6378704376408941,59
131,131,0.018605679452886326,-1.371369842003179,0.13181852228031868,59
132,132,-0.4814349430024405,-3.099553170936295,1.762959248558869,59
133,133,0.11446888030777841,-1.0628178037855798,-0.14975826439946682,59
134,134,0.44828505331902363,0.7038925653903609,-1.8763510061356974,59
135,135,-0.08730506567034363,-2.009225200802752,0.8457900653258517,59
136,136,0.6164842696072705,0.5443666796478649,-1.6193930427525371,59
137,137,0.5521448257019792,0.6904393484799058,-1.794062826759087,59
138,138,-0.004448881679212252,-1.4981838215101926,0.33658781382444314,59
139,139,0.32731650325871214,0.015415125433707082,-1.169906874748773,59
140,140,0.6020712601158615,1.031170236218293,-2.130262399270222,59
141,141,0.48189727040044217,0.7051249694895436,-1.8401858524085541,59
142,142,-0.27622914636206075,-2.8255153914312556,1.6173406260117726,59
143,143,-0.05979935384878961,-2.33571034283819,1.1751808232504857,59
144,144,0.4065996894795258,-0.20435724298789684,-0.9557546368951984,59
145,145,0.23766414449236373,-1.0324662685313828,-0.09780270044501486,59
146,146,-0.006662853783700367,-1.9462863114741245,0.7773573728540046,59
147,147,-0.032250799294043495,-1.1059177732510963,-0.16239103102874575,59
148,148,0.24571353076910374,-0.9950660824290797,-0.1437424916052681,59
149,149,0.15039017297469345,-0.8440629840429987,-0.35547012657878685,59
150,150,0.2584906372758633,-0.7029909116812574,-0.4753641705405326,59
151,151,0.12623204212898928,-0.788538270472537,-0.425279178613685,59
152,152,-0.2942964686389409,-2.8081453241541805,1.5792791871420135,59
153,153,0.34971118781060917,-0.017437970589357216,-1.135444735339288,59
154,154,0.2752388219488513,-0.5001874671966247,-0.635706816951861,59
155,155,0.40612718830138883,0.18438964232611793,-1.3386417932137769,59
156,156,0.15330544861259962,-1.0321667163577752,-0.1490902714684479,59
157,157,-0.0577632160204398,-2.1755953032260815,1.0092587962544406,59
158,158,0.2663761624092736,-0.4365770811213591,-0.7423722168215217,59
159,159,0.07954466607799995,-1.3093891301705418,0.12038984191067179,59
160,160,0.48455155007752204,0.14883104354107526,-1.312835028570764,59
161,161,0.18017190499708327,-1.3339906695976638,0.17795004284877752,59
162,162,-0.0074609228007075715,-1.5531971661273594,0.33022009562299487,59
163,163,-0.14231482731087108,-1.7615103505524239,0.5051112042393981,59
164,164,0.23922802736518148,-1.1052661132630353,-0.05854238187887601,59
165,165,0.38887806373943784,-0.6285654477940856,-0.5003229276116398,59
166,166,0.3802667974791084,-0.11912620239001429,-1.0641894804355982,59
167,167,0.0468912398187103,-1.4482385868188907,0.21305926901095718,59
168,168,0.2848911173812307,-0.692283598611737,-0.4938849664778855,59
169,169,0.27157379848008234,-0.698735723677254,-0.49423645516906023,59
170,170,0.7660882623544758,1.319409166167519,-2.4098443414784465,59
171,171,0.18134860282424142,-0.6294179362387176,-0.631572417520436,59
172,172,-0.22262273045618247,-2.154896512305923,0.7892893543380932,59
173,173,0.6513224290367576,0.37186691182998965,-1.5919874749822363,59
174,174,0.040741830270002256,-1.468336112105301,0.12439779949678548,59
175,175,-0.07599840055797377,-1.875487186805314,0.520511670282033,59
176,176,0.3026610027518112,-0.39967668718012894,-0.8943149982744311,59
177,177,-0.16254281449835367,-2.2262733210465058,0.8961654830046714,59
178,178,0.11048512167741509,-0.76932195092311,-0.5888848786931099,59
179,179,0.26327843582139376,-0.8023017710931974,-0.4677615377444022,59
180,180,-0.20551807700745275,-2.885683554222132,1.515970666343118,59
181,181,0.7114627926440041,1.3110550447561964,-2.578994985750547,59
182,182,0.3729305949764553,-0.0975628968565938,-1.2087743946547707,59
183,183,-0.04957071285480321,-1.8266848233136432,0.5251961157181572,59
184,184,0.3947517039710464,-0.44599742295645384,-0.7874980485932462,59
185,185,0.110326431208781,-1.5969967718621974,0.32466624546686024,59
186,186,0.30729835928595967,-0.2917572309167447,-0.9792201950134157,59
187,187,0.12966069189738794,-1.1121674007476703,-0.18694810631205638,59
188,188,-0.12621026852618394,-2.2377466283015788,0.9164557340306655,59
189,189,0.28590530828938415,-0.6498894282919934,-0.6234165873786905,59
190,190,0.3380744612968357,-0.7731199519292832,-0.470843412145621,59
191,191,0.16605780974760165,-0.8106850163755264,-0.5098415756848182,59
192,192,-0.036818474831103586,-1.6600608446187357,0.3299824205776631,59
193,193,0.5706123828225601,0.5630169133166179,-1.883765334894183,59
194,194,-0.026082245937831577,-1.4399335116326568,0.057872901412639975,59
195,195,0.3814683637893262,-0.4170673829742138,-0.8746467488707225,59
196,196,0.26544531785276126,-0.9008259008081926,-0.4139360868364581,59
197,197,0.0907464403608303,-1.487421898507676,0.16080811841288722,59
198,198,-0.030637795011617442,-1.7541618907441916,0.4073099326361041,59
199,199,0.03503020451218989,-1.9904435780318845,0.6758388891178215,59
200,200,0.23467118562272138,-0.35509794834952696,-1.0068449522459204,59
201,201,-0.1510752429139085,-2.2804704269159433,0.9636072842806086,59
202,202,-0.11658462669074765,-1.7767353944425348,0.41781842145822096,59
203,203,-0.07618282128878387,-1.9421437457574868,0.6196798017540219,59
204,204,0.11342403468535855,-1.0655263772863455,-0.27372183127421074,59
205,205,0.19386988404487057,-0.6472411033281991,-0.7050825367749783,59
206,206,0.26409552553460247,-0.8070988428484789,-0.5003338887974352,59
207,207,-0.22403315509071242,-2.07944296079302,0.6541565674958031,59
208,208,0.32742927321159737,-0.9301633860996854,-0.3498827077911536,59
209,209,0.20173645003773008,-1.1119745326731818,-0.19041147565056515,59
210,210,0.3562024774457384,-0.5743334617558458,-0.7059850077388053,59
211,211,0.053203648731632115,-1.6847545490072269,0.3483440509629443,59
212,212,-0.08586767966061515,-2.0475196887544964,0.6763040087684097,59
213,213,0.3184953322280012,-0.6185145666621005,-0.6649324439518922,59
214,214,0.2765064990283919,-0.5474618225082317,-0.7440619749551083,59
215,215,0.3155539569940127,-0.2592494699637007,-1.0435995894108223,59
216,216,-0.08459827902284273,-1.7912268848439665,0.4511164943541288,59
217,217,0.2111715771328936,-1.1239767559603338,-0.14779219304061939,59
218,218,0.23425186852716784,-0.20933059868832804,-1.1120891544518852,59
219,219,0.45844530598459515,0.2342219765446583,-1.4998362836120396,59
220,220,0.13174275024148696,-0.8940817666730575,-0.43953114074299215,59
221,221,0.20005154875477482,-0.9289280289555366,-0.3831401329564034,59
222,222,-0.06177233557907183,-1.597951118959283,0.2523953111022994,59
223,223,0.670742375191749,0.9575784725621284,-2.170293745913857,59
224,224,0.07226694144392863,-1.5153686601117133,0.25586379566084605,59
225,225,0.44282962218124805,0.33692186163384397,-1.5709433227315512,59
226,226,0.28220667543509304,0.06069720253927682,-1.3357955157997494,59
227,227,-0.07443408679559828,-1.6931904569247844,0.41351469454205936,59
228,228,-0.017025501430214657,-1.1390545648802328,-0.15788260396785406,59
229,229,0.026000359824120148,-1.8992326641754176,0.6682762189782375,59
230,230,0.043328521842132615,-1.2273250377089044,-0.027769492160599332,59
231,231,0.23586019458010693,-0.7065766144330204,-0.49704781663916825,59
232,232,0.24410397360314165,-0.7307565103962881,-0.4623554809100765,59
233,233,-0.3139689160749012,-2.707829102723422,1.4187833124875857,59
234,234,-0.18354615666757335,-1.5531108858570457,0.2594935009938009,59
235,235,-0.24653556203210109,-2.8772428101584704,1.6375908687096132,59
236,236,0.16766785935877282,-0.6771979256047,-0.6521635759323196,59
237,237,0.024376029301884893,-1.7334407593968986,0.45512947581706525,59
238,238,0.14536341539144468,-1.4687819362996746,0.2163479901224578,59
239,239,-0.05531391666165017,-1.8801450374696582,0.5750432955848503,59
240,240,0.2666508237246521,-0.2577301497275227,-1.0606234299055701,59
241,241,0.3228298349585496,-0.8561884006625405,-0.3596635565628811,59
242,242,0.515571535578208,0.2615362729529142,-1.4961752475563526,59
243,243,0.07404602287312537,-1.1921087139545332,-0.08959505586458205,59
244,244,0.0807091758862325,-1.116078601810877,-0.1672750613895622,59
245,245,0.3373066161045379,-0.5036505757845418,-0.719783450805825,59
246,246,0.046560316638191254,-1.0738608866272956,-0.23745985373920758,59
247,247,0.32038361338231713,-0.16930973497075386,-1.0928794708230907,59
248,248,0.32333422196397615,-0.5882163253099908,-0.6392774917321465,59
249,249,0.06512377746324567,-0.8176759223552192,-0.50439331828518,59
250,250,0.29688129644383926,-0.33050969762475246,-0.9300465343422465,59
251,251,0.401156200138071,-0.366204992433298,-0.8477919350150365,59
252,252,0.29906701450445505,-0.6214341865829972,-0.6120333959300951,59
253,253,-0.1816214345677836,-2.1878812542176207,0.8624766438351549,59
254,254,0.32058576214065504,-0.761130460973688,-0.4207337575507336,59
255,255,0.5082574931099649,0.6026368476828536,-1.80139850900949,59
256,256,0.05584820261583217,-1.3734705697156522,0.11716003717282182,59
257,257,0.013735704113086335,-1.6661665004737745,0.4138003247752465,59
258,258,-0.055215489175480276,-1.4063103128397394,0.11273984765758384,59
259,259,0.2527519270315497,-0.6264702409917665,-0.5951413865303415,59
260,260,0.9119300968154153,1.53367491888467,-2.6222655454831734,59
261,261,0.2589707713547414,-0.46403350886776584,-0.7276348796837088,59
262,262,-0.0815676480947039,-1.62980283315457,0.4150199393814224,59
263,263,0.3963850216183479,0.11876373886486455,-1.2742353498068395,59
264,264,0.281853592220164,-0.04923935462696108,-1.1486004761279314,59
265,265,0.035943690375080564,-1.2022215448341766,0.014167913349653088,59
266,266,0.05939627034743896,-1.2331371651740888,0.06740621007182006,59
267,267,-0.17236512663917658,-2.0587612033786082,0.8721469673167784,59
268,268,0.022214564167817447,-2.0247493153917473,0.9097323253501546,59
269,269,0.18422977663141676,-0.5492697279937774,-0.5976837879039933,59
270,270,0.08829984945069053,-1.1325340704040878,-0.0565063416173675,59
271,271,0.280767258088877,-0.4778566267585389,-0.6417334139170328,59
272,272,0.32983757650672896,-0.3671979859014615,-0.7337519749391044,59
273,273,0.5175665542315974,0.7857049214680772,-1.8738131262511861,59
274,274,-0.24813348517999803,-2.2344467503441066,0.9871442385392205,59
275,275,0.3621238848626303,-0.03661744127333775,-1.1481138794039256,59
276,276,0.2487623821699796,-0.7601281375953417,-0.39733664975422855,59
277,277,-0.17597173379501582,-2.0963247913023677,0.8532634018012026,59
278,278,-0.16074637437553596,-2.2500477296977266,1.0150444754901498,59
279,279,0.1842866540530685,-1.2611527669640388,0.10311556115630136,59
280,280,-0.040906447178843675,-1.2183021800060212,-0.04139433744758324,59
281,281,0.3178837152782919,0.10161621990407464,-1.3247062668169025,59
282,282,0.12902839224889617,-1.1404736099808233,-0.045040027843156485,59
283,283,-0.0946601657578957,-2.272184097145581,1.108863274264304,59
284,284,0.3141400236873678,-0.4899829849286496,-0.7164802974663602,59
285,285,-0.01799321782175856,-1.8063627382165506,0.5559869087065663,59
286,286,0.25816537721524896,-1.0132218308581482,-0.19595290312946473,59
287,287,-0.049513342987942396,-2.010978111175523,0.748491820807355,59
288,288,0.12579659745283778,-0.933069353537333,-0.32928554356288636,59
289,289,0.06328178615858546,-1.5881303185481341,0.33410766285178817,59
290,290,0.324010103013474,-0.19037564501727683,-1.0590052962704157,59
291,291,-0.16075246838499876,-2.192807617985113,0.8850418889729987,59
292,292,0.425824627331711,-0.7113254317216459,-0.444597081116406,59
293,293,-0.125622412057814,-1.9021494166468544,0.5780528718314265,59
294,294,-0.18616984318603755,-2.412995552589627,1.1096409703964931,59
295,295,0.4103873318053625,-0.5981549051377582,-0.6567842409685961,59
296,296,0.1273049571283284,-1.2601891327545236,-0.05090809865876106,59
297,297,-0.07433867553633404,-1.6288162165516231,0.254690400721441,59
298,298,-0.5627349077993212,-3.587513293987356,2.10206052097971,59
299,299,0.058382202550587986,-1.5950707445780081,0.232394070008446,59
300,300,-0.01843974251511518,-2.227932418744412,0.8921394394619957,59
301,301,0.20776114783723162,-0.6911187293669964,-0.6749052504898629,59
302,302,0.05740506814441994,-1.5138838348645596,0.148809639068306,59
303,303,0.3631149308459556,-0.30727762210121773,-1.033253086362539,59
304,304,0.6645823780710454,1.0540750801213818,-2.3607148452517115,59
305,305,-0.14110858277116647,-2.25806897018519,0.8880103607728422,59
306,306,0.0878118362484672,-0.7993665299924076,-0.5708834146044249,59
307,307,-0.41458778342542985,-3.4777675292045798,2.124527663504684,59
308,308,0.3034109968052792,-0.16668905735548264,-1.1607888808522229,59
309,309,0.10453872266616111,-1.6291250023404689,0.3373487941482936,59
310,310,0.33666680666660725,-0.2060527187759653,-1.131917597018834,59
311,311,-0.3742979477528864,-3.0727900239928703,1.6228807746856628,59
312,312,-0.10698477667313824,-1.9181031350817868,0.5155405898373576,59
313,313,0.12300800334497383,-1.4785596821711728,0.14748242215490487,59
314,314,0.02179900196698358,-2.188537686155156,0.8557205342836874,59
315,315,-0.10533299233049534,-2.3075258825132585,0.9279881802925095,59
316,316,-0.12717823114033242,-2.7242252643302303,1.3701920104834082,59
317,317,0.224935174504794,-0.7393889027984736,-0.6144813027478685,59
318,318,0.05079559165910509,-1.4332460203237918,0.04954961632206496,59
319,319,0.5081246560148088,0.5975844873301411,-1.9287321381286584,59
320,320,-0.5463270335436506,-3.6083369687511535,2.1239704698934143,59
321,321,0.0463625998867353,-1.3647492435824589,-0.0242372500380092,59
322,322,-0.09588216854429145,-1.9388072329233337,0.5336063595493761,59
323,323,0.07558085147860565,-0.9939348950160537,-0.4068326447100964,59
324,324,-0.11358951337331545,-2.509418376822481,1.174065157222937,59
325,325,0.13114209019768003,-1.476724728505648,0.17395907510064698,59
326,326,-0.025008407603725503,-1.7497967767112692,0.45415886281487644,59
327,327,0.20341347219733963,-0.7084985973295389,-0.6443836002843399,59
328,328,0.19334099789029102,-0.7198805955783051,-0.6429000722943343,59
329,329,0.049618278275435336,-1.1748238570039433,-0.209100206088626,59
330,330,0.3067950802822536,-0.7714391129727858,-0.5550605775358043,59
331,331,0.41666428466322897,-0.2064954187343604,-1.1268345526284185,59
332,332,-0.36689144869663387,-3.0927473010422677,1.6688746410291735,59
333,333,0.18689525943700383,-1.583059555161575,0.26021182403626386,59
334,334,0.09446550969129905,-1.2911086262910942,-0.08696153963400548,59
335,335,0.4523282747083865,-0.15250425565299294,-1.1371194560961115,59
336,336,0.7170317324024785,1.0836360017825377,-2.3316576551400705,59
337,337,0.5814547952140455,0.4758409716254149,-1.7364106432035142,59
338,338,-0.16969207248849952,-2.2796273111792473,0.9141436545735414,59
339,339,0.12934983585913995,-1.4112227673374642,0.11110745306299333,59
340,340,0.14077407226518357,-0.8987398848233584,-0.43529637795412746,59
341,341,0.2092720928500705,-1.1560788263120034,-0.1230960933841362,59
342,342,0.5318571910885436,0.6074904552700221,-1.9077205497341074,59
343,343,0.226516539182535,-0.9864533448950199,-0.3274615565749127,59
344,344,-0.003763028614230245,-1.5753482988000447,0.20531089811535422,59
345,345,-0.013066241949004465,-1.6121702444597843,0.23240758880426043,59
346,346,0.14002321643259985,-0.8033580196404897,-0.5865788735597804,59
347,347,0.02444835719197218,-1.9722666019172626,0.648960417369461,59
348,348,0.04327669198387401,-2.2711381200590406,0.9773263044222186,59
349,349,0.07618791331013051,-1.8361187320364807,0.5247473465030474,59
350,350,0.14906943492387212,-1.005888500055648,-0.3634702393748254,59
351,351,0.26122875574979343,-1.3332763964967709,0.03270556211016654,59
352,352,0.20903128714281782,-1.5908584185237662,0.2891368405158544,59
353,353,-0.20846006779795276,-2.196373869158078,0.738721019789273,59
354,354,0.35164440459025575,0.03536812270779134,-1.4296558757367124,59
355,355,-0.062184389107790936,-1.891311142452751,0.5381895967033218,59
356,356,-0.04378620520604285,-1.4624015616672832,0.05879583325661853,59
357,357,0.4708820097405606,0.12223857403713957,-1.4102585046369742,59
358,358,-0.0836398575346207,-1.566410544429264,0.15853705205928068,59
359,359,0.16786569922153105,-0.9813017579516714,-0.36558995002123934,59
360,360,0.18526760490960711,-0.5737715272572256,-0.7982249390423379,59
361,361,0.4337288653830673,-0.05419345133848315,-1.2945326799319932,59
362,362,0.45575286180381,-0.3349770126921535,-0.9584189472071191,59
363,363,0.15596649941130472,-1.4277598619453356,0.10202848555503563,59
364,364,0.445594702030377,-0.649600586256107,-0.629284772373314,59
365,365,0.40664721044220425,-0.498241196575204,-0.7987518295420439,59
366,366,0.08247360707045856,-1.5910775002220476,0.24842069378964743,59
367,367,0.184602188320803,-1.1794661399855852,-0.1692678049671786,59
368,368,0.6314522648493416,0.17015100105018846,-1.4818118467047914,59
369,369,0.07374329218082762,-1.800233928777068,0.43571392741754966,59
370,370,-0.13224610789854177,-2.257438816068078,0.8362629680052892,59
371,371,0.35797786553586686,-0.17522566838615913,-1.1702970472914844,59
372,372,0.30369439902311934,-0.6938214930727743,-0.6514859691279258,59
373,373,0.12416278736032724,-1.472551733586534,0.11555769449595406,59
374,374,0.24931761414324607,-0.5345667738941212,-0.805014114837622,59
375,375,0.02805625701648555,-0.972454809713598,-0.4450536601763948,59
376,376,0.3849911937039663,0.484364743330152,-1.8783585473141375,59
377,377,0.050630130068845564,-1.2274880329517068,-0.13538093370762375,59
378,378,0.02601131673002275,-1.2766394549179205,-0.08945785835570876,59
379,379,0.15042981481402648,-1.0937089224118242,-0.2425653913963074,59
380,380,0.496644773300136,0.22716591098582214,-1.5403929907565301,59
381,381,0.18366149486010877,-1.3601914540649371,0.025451540693939605,59
382,382,0.12216690692782148,-1.4813441467876793,0.12508497450294648,59
383,383,0.6479388380049923,0.35074664863698934,-1.5940105445072201,59
384,384,-0.16141142163043326,-2.2217851206755763,0.81826031645481,59
385,385,0.14751355428570256,-1.272996146390442,-0.07370197586365561,59
386,386,0.08933287638809252,-1.046155001477322,-0.34103442757258307,59
387,387,-0.014272424933058045,-1.9137525722849291,0.5516101072184352,59
388,388,-0.137101494549022,-2.468365402490381,1.098114187413977,59
389,389,0.10251538841324817,-0.9664285757889337,-0.4045929090792221,59
390,390,0.5648071924750172,0.4171609723064363,-1.6915175082719058,59
391,391,0.38702191463501606,-0.1828439252301343,-1.126916099283576,59
392,392,-0.2692898546979473,-2.3662045978996433,0.9642497924546527,59
393,393,0.6264320321651132,0.16837763335142017,-1.468877830152567,59
394,394,0.523810636371756,-0.007656972088620881,-1.3092749267676103,59
395,395,0.24684246141097863,-0.9200968623889305,-0.4295048984242685,59
396,396,0.3212079666623601,-0.500157080791901,-0.8434469209657122,59
397,397,-0.15893725378858378,-2.396655199252902,0.9875415815243063,59
398,398,0.010315856802800217,-1.1057762196826129,-0.31693511881105574,59
399,399,0.16226672030530118,-0.5637647278109662,-0.8229179216116105,59
400,400,0.11906819544952366,-1.7301516664732146,0.39814482847643684,59
401,401,0.028646514155249908,-1.4138496506269393,0.023054968762974932,59
402,402,0.3473170423152392,-0.09287568693360165,-1.2801786874315733,59
403,403,0.16476157084593307,-0.5999357196455715,-0.8095169242907935,59
404,404,0.06876516356197777,-1.3538532352193806,-0.01572214419601329,59
405,405,0.20013908089069335,-0.8220634196130295,-0.522093395436097,59
406,406,-0.13539954235070145,-2.0378753862772636,0.6917094073446527,59
407,407,0.1657388283634034,-1.5746337047160035,0.2936848191888248,59
408,408,0.2353635635867238,-0.85538905632786,-0.4482675711948415,59
409,409,0.05935158094471285,-1.9232006042663001,0.6451616357456107,59
410,410,-0.06083595101395717,-2.0771239217418214,0.7550502636416441,59
411,411,-0.015508831741820144,-1.5202295861146675,0.1864528173567532,59
412,412,0.1837197265060855,-0.6083545512596295,-0.6880729458217646,59
413,413,-0.043915287406479694,-1.6837348925388624,0.36510068971812387,59
414,414,0.6171228479321782,0.9167990614680466,-2.173603293278369,59
415,415,0.5526828220929273,-0.031008881320924556,-1.1787994906803059,59
416,416,-0.16488272946507068,-2.399585390218822,1.1160258611223541,59
417,417,0.033780994127990696,-1.388419610895816,0.10795647751965562,59
418,418,-0.1128778069348554,-2.415446408720471,1.1498078703711323,59
419,419,0.19154898977435525,-0.8298848694894359,-0.4858724766762195,59
420,420,0.6261307788084425,0.29050513049724475,-1.4945148562663764,59
421,421,-0.11292754390097508,-1.843120444448839,0.563168860326188,59
422,422,0.02670178646884012,-2.001051600314139,0.7912123116994788,59
423,423,0.21143343487283559,-0.8080993687211935,-0.39710806335878557,59
424,424,0.20676702407134967,-0.6048431668061796,-0.6154703670794797,59
425,425,0.4999611455608586,-0.3446513591920854,-0.7544444101405773,59
426,426,-0.021230367959466222,-1.5834049330293485,0.3814548702681797,59
427,427,0.2853186829340367,-0.3564848951352684,-0.8135131214379806,59
428,428,0.08057202989549701,-1.038903692568699,-0.15507763652279333,59
429,429,0.22090795758472756,-0.7944560441913271,-0.37842435679754743,59
430,430,-0.32432399237632537,-2.9851806266579484,1.7406702253030706,59
431,431,0.08669337006728557,-0.3356089215171442,-0.8941611991362384,59
432,432,-0.11071030934697651,-1.857409159095933,0.6468379664265979,59
433,433,0.5708494951907448,0.7612555922499682,-1.9097691040160658,59
434,434,-0.3892986290457117,-3.3955513335283127,2.184178436603631,59
435,435,0.08998573562406421,-0.673569339504299,-0.5645656154699533,59
436,436,0.7051260076932313,1.2908991861322672,-2.4840217000824847,59
437,437,0.6971719095644535,0.9136636980736129,-2.054436112949685,59
438,438,0.02373806653348842,-1.4937233112855393,0.22348710177426223,59
439,439,-0.31914857789557755,-3.050380435689022,1.765947267806714,59
440,440,-0.34383916512362755,-3.41980550499214,2.1489871842344153,59
441,441,0.09564627019143232,-1.5717451987616335,0.35673995390941415,59
442,442,0.2784056139773082,0.043447482544008084,-1.2670437614780392,59
443,443,0.229313381747651,-0.7655554918609948,-0.43300836743414556,59
444,444,0.14057709418154152,-1.5454795329006124,0.37980877419134523,59
445,445,-0.08905299994006442,-2.2449446968053057,1.0405255787360181,59
446,446,-0.036204826544906824,-1.3251226541656111,0.03770148790931175,59
447,447,0.1678474787487939,-1.2344234088467112,0.0480672072864428,59
448,448,0.059123332590291885,-1.1134210860295977,-0.13750037032439297,59
449,449,0.022220842844233774,-1.6613468743025925,0.434981994236057,59
450,450,-0.16431444769376266,-2.41848153977707,1.1801460577294036,59
451,451,-0.12569147749839107,-2.157814035136916,0.9103991308193786,59
452,452,0.29174164579640277,-0.45708302536590595,-0.7751654357683333,59
453,453,-0.033859987126098744,-1.4930960246178868,0.1924074815401423,59
454,454,-0.10275085587654945,-1.7135552113817496,0.4000986598444793,59
455,455,-0.2751357333308926,-2.4456129185884414,1.144178388033009,59
456,456,0.10936505504930434,-1.0534313256726506,-0.20618571812882555,59
457,457,-0.11985304709923364,-2.2830982089582346,1.0294639154040899,59
458,458,0.7063736176305009,1.2237359873785205,-2.3677814303908358,59
459,459,0.02669753912891147,-1.298530013470663,0.029857663354073572,59
460,460,-0.2731577655928684,-2.6507360440905696,1.386964634301206,59
461,461,0.3901092998735047,-0.31090640079150794,-0.8224016611785457,59
462,462,0.24226838408620002,-0.92177868569375,-0.26475096846116086,59
463,463,0.3561501551422707,0.3925758030198872,-1.6142800149518104,59
464,464,0.8537715789522147,2.22824650210077,-3.3856755988516594,59
465,465,0.21558327064996935,-0.7099203386885765,-0.5511966225280788,59
466,466,-0.06857325013942653,-1.8028276438078654,0.4819322240402228,59
467,467,-0.1955523401994779,-2.3992145904856885,1.048536926747497,59
468,468,0.5323987577072574,0.4025061656790534,-1.6511921278193071,59
469,469,0.2657924917251808,-0.7668871011519369,-0.5079425959173606,59
470,470,0.3103321911079578,-1.117822385562793,-0.10432424062045953,59
471,471,0.191755078094366,-1.1272821976257135,-0.19057096090388892,59
472,472,0.18479867395923616,-0.8144425093083604,-0.5130083992759519,59
473,473,-0.02209380907798198,-2.352784592045618,1.061704416557165,59
474,474,0.45399397062818636,-0.0774808215590641,-1.1580522495498558,59
475,475,-0.06276442800846624,-2.2323682346655085,0.9461755278236428,59
476,476,0.025482676798047745,-1.8365398619272975,0.5652173232649313,59
477,477,0.09321654552970442,-1.5251360061292005,0.23743511935578257,59
478,478,0.03502306405665786,-1.4348640321786916,0.12064980470045451,59
479,479,0.582082170410446,0.9684273605990086,-2.207278430965641,59
480,480,0.14129175529125643,-0.6522661159166603,-0.6523559675788337,59
481,481,0.4112403700188359,-0.5584645256698676,-0.6298596637324827,59
482,482,-0.05597120790450404,-1.5366221955079662,0.20179135269964382,59
483,483,0.10977686235541922,-1.4528012980780225,0.17644315383154532,59
484,484,-0.25109819000576794,-2.7844613899530803,1.4703341346565402,59
485,485,0.3580864497044747,-0.7497767734386184,-0.4492663635788462,59
486,486,0.29532910914473803,-0.23721898415709375,-1.070961415199058,59
487,487,0.2557910526395457,-0.8233164308303451,-0.4576473775812774,59
488,488,0.6689456888463269,1.0562825882279192,-2.3003025437696247,59
489,489,0.06223644809095627,-1.601608443750912,0.31364897493740385,59
490,490,0.0034814559682264427,-1.8619527397594149,0.5785181741684445,59
491,491,-0.26026425734980635,-2.832972300745924,1.5066257073931908,59
492,492,0.3018903259995607,-0.6411651491138338,-0.6334480134248633,59
493,493,0.07228023746457425,-1.9818773509560406,0.7092975433856336,59
494,494,0.5286468176590811,-0.08296766470157052,-1.211591168210365,59
495,495,0.4168642174181254,0.2704091887277003,-1.6443802989067124,59
496,496,0.02157838651330398,-1.6651928087922734,0.26020214165547806,59
497,497,-0.015018233202248675,-1.9184034897132656,0.5422910897415567,59
498,498,0.015789754635917478,-1.384259540898148,-0.0419257722722336,59
499,499,0.22273123597144154,-0.820083766744166,-0.5489543749587931,59
500,500,0.3869148078020356,-0.7926763424250952,-0.5010757327177511,59
501,501,0.20973351401100282,-1.439370378796949,0.11634388554713414,59
502,502,0.441288638010654,-0.17644155255263305,-1.1339256520028584,59
503,503,0.021617474351776748,-1.4203089015183528,0.015665394015744186,59
504,504,0.14810190319928163,-1.8127092170284616,0.4960351597143193,59
505,505,-0.16248501374193489,-2.2162340809033725,0.787225911112096,59
506,506,0.03318255008762519,-1.5926133403909346,0.20734858255473204,59
507,507,0.26849823192661226,-0.8611773133462352,-0.4725218437205522,59
508,508,0.25621283196114475,-0.5196315991859721,-0.8286190170302643,59
509,509,0.3438679560706626,-0.4222645709235242,-0.9198108077779088,59
510,510,-0.021487978359479656,-1.5049654678759474,0.05072429006647947,59
511,511,0.15773856349627147,-1.4856107403928924,0.13805845132403458,59
512,512,0.002233969142259349,-1.9826421468045055,0.6104028021560264,59
513,513,-0.0015393922725132013,-1.7333200697330666,0.3413615929248003,59
514,514,0.30192331982857057,-0.49937520863993656,-0.8278664631179941,59
515,515,0.4533067633388793,-0.21968619982261128,-1.0693682182615885,59
516,516,0.5488113409702403,0.6641379036972664,-1.961244659375891,59
517,517,0.14909627318776839,-1.1241092578040297,-0.19412256778805104,59
518,518,0.08454200006000491,-1.1616109173790081,-0.18139261197805245,59
519,519,0.23808580070266075,-0.368811632385542,-0.9870741586655147,59
520,520,0.3174886511092868,-0.28209910476525,-1.0295950760508479,59
521,521,0.5413045062026325,0.7074016387651416,-2.003285008689406,59
522,522,-0.060022493084165525,-1.6675559295291975,0.364655117515538,59
523,523,0.36363803076932816,-0.2372548486742182,-1.0296778558394073,59
524,524,0.6764479684957502,0.8484517344806497,-2.073448015682283,59
525,525,0.277458272506291,-0.5643110839274464,-0.7233702933351588,59
526,526,0.04419497918755415,-1.355943648673349,0.04840673001645731,59
527,527,0.25241300161638264,-0.9420836730884665,-0.3040770998136798,59
528,528,0.5878203882095507,0.3094968902359893,-1.5296017490124976,59
529,529,0.24400560767262278,-0.9187351234797837,-0.35176332757240386,59
530,530,0.5691724730311349,0.3150613685026766,-1.5180197947281444,59
531,531,0.20738184191491818,-0.6013784747013967,-0.6903544024660729,59
532,532,0.3677682918494002,0.15525772534235532,-1.4543014169237138,59
533,533,0.4173385652657967,0.08497037620549527,-1.3455482308612687,59
534,534,-0.3946668973814757,-3.0633466141688372,1.6857353197061953,59
535,535,0.3480340425396971,-0.5721915198071067,-0.6824566625782033,59
536,536,0.35586072047061884,-0.2932023826467454,-1.03467681880045,59
537,537,-0.3073440506768018,-2.7373771850586377,1.3863838741404761,59
538,538,0.010700825845018738,-1.1809210389038618,-0.18527141025820953,59
539,539,-0.26047059189242167,-2.512127132213698,1.1405376301710435,59
540,540,-0.008883843232418467,-1.9125504689949637,0.5800032321573001,59
541,541,-0.14097543789775452,-2.2246765368771597,0.8733744374394412,59
542,542,-0.13469916215205083,-2.3599528733131656,1.0121569337787628,59
543,543,0.1726193959363312,-0.4252768479799512,-0.9268517597273344,59
544,544,0.18815419561408261,-1.0294915037055758,-0.25432149151998623,59
545,545,0.023383259760327624,-1.5683560874888813,0.23305713040585696,59
546,546,0.10209028508648764,-1.1228370196961197,-0.2002312366318667,59
547,547,-0.07125362941258903,-2.401003279780078,1.1014458398365101,59
548,548,-0.34408378728125083,-2.6814917078281515,1.269884555091195,59
549,549,-0.1872282926073593,-2.212301652154612,0.8552256367450219,59
550,550,-0.10570109512430188,-2.0412281622576067,0.7204693666348063,59
551,551,0.18384751603784846,-1.6003402607301112,0.36671317149185223,59
552,552,-0.060171396204269104,-1.6240622421337454,0.2797681323300365,59
553,553,-0.35940135706613574,-2.3729312919503767,1.0262610569146537,59
554,554,0.3039583496552,-0.4100449136515863,-0.9277847050712532,59
555,555,0.11345308895269579,-1.1557693878574224,-0.2000609728791769,59
556,556,0.03093995460535723,-0.9495473337486913,-0.45727524532352115,59
557,557,0.43413205489802287,-0.255974157916526,-1.0340679135116098,59
558,558,0.24271059988397697,-0.8950540246298286,-0.43390512944703735,59
559,559,0.07885561211915876,-1.5182494624705196,0.1704019876235871,59
560,560,-0.143822817652455,-2.345718255026031,0.9717781175454113,59
561,561,0.32398388030608916,-0.5053246526960443,-0.8225805682829512,59
562,562,0.1904376640487059,-0.5104475437459179,-0.88136238196006,59
563,563,0.13209066278171994,-1.1141865880409891,-0.25729316033235305,59
564,564,0.3908521534714404,-0.69832180520784,-0.5959798259004802,59
565,565,0.058511715640582794,-1.569370522631364,0.20056589212771048,59
566,566,-0.07223371849001159,-2.437889978440306,1.081559691193509,59
567,567,-0.04515200199349748,-2.02023244052622,0.6648258203762536,59
568,568,0.34621384193554006,-0.311500134020705,-1.032403708642409,59
569,569,-0.19570204354304604,-2.099943598116178,0.6735501935237281,59
570,570,0.3002560234618409,-0.3755199234024291,-1.018827103990827,59
571,571,0.1353135935640149,-1.145689532646567,-0.24154225604551532,59
572,572,0.3452211955052852,-0.4104822638908399,-0.947617006889034,59
573,573,-0.18361768433419595,-2.92975496848711,1.5497309359067355,59
574,574,0.10409884598312764,-1.6331696040001873,0.2817812454445895,59
575,575,0.01595946356610554,-1.7196847055852826,0.34177190664641055,59
576,576,-0.17696690400696735,-2.573147483864935,1.103049644004817,59
577,577,0.08553279982072565,-1.5887225966537248,0.24260825099195452,59
578,578,-0.01722568040771614,-2.122398380847334,0.7591208826732218,59
579,579,0.10236888596353921,-1.3150632348818763,-0.05302634781373577,59
580,580,0.48066135603688925,-0.13558793015462076,-1.1522240957191894,59
581,581,0.5357125446306323,0.4090844371219261,-1.718188174206228,59
582,582,0.005320738824236349,-1.64967815250672,0.3096594686807125,59
583,583,0.49586954142970135,-0.2583708320919053,-1.0165872199272283,59
584,584,-0.19876462185412572,-2.200538518515331,0.8148155811321537,59
585,585,0.44280352258516525,0.5489902065141969,-1.9079275334592118,59
586,586,-0.15675313617489758,-2.7793819814203884,1.4377774032932655,59
587,587,0.2773304829745281,-0.967697839453001,-0.22267462992095075,59
588,588,0.14383720457712373,-1.8044423174380215,0.5136976491322792,59
589,589,-0.21312660171074096,-2.717896161406091,1.2913142213806281,59
590,590,0.11205331344581253,-1.1665152189047614,-0.1971255673231501,59
591,591,0.44769670440544457,0.08527526739880605,-1.3650655812738597,59
592,592,0.4278638429426181,-0.31121120638931243,-0.9178583237222869,59
593,593,0.21557366796839222,-1.0331591106573947,-0.25508407035009856,59
594,594,0.3344123924993212,-0.2000778100567441,-1.1105529328447483,59
595,595,0.2075432408322028,-1.1837130359249195,-0.11148719285136895,59
596,596,0.019777945273162404,-1.6673809723143949,0.3485346842525705,59
597,597,-0.05859335553168967,-2.160796781743682,0.842217997561538,59
598,598,0.08194558269499495,-1.2162678744064084,-0.12504563162107546,59
599,599,0.413194638831172,-0.09373455224344998,-1.190000954802734,59
600,600,0.08703377281807992,-1.4691970317072998,0.13472378457540796,59
601,601,0.360594842488357,0.029570311091029595,-1.3903401118390915,59
602,602,-0.18711342976233514,-1.9942788558810354,0.5962928330543783,59
603,603,0.41588486700851685,-0.20338111183446744,-1.096710450930215,59
604,604,-0.28409885169312826,-2.822933488580322,1.3954692356734812,59
605,605,0.1839355406189761,-1.2134428803176862,-0.13603705202069757,59
606,606,-0.3444222202512087,-3.097701911326827,1.6733466221472955,59
607,607,-0.31785190810435104,-2.616094686750647,1.1759654614670114,59
608,608,-0.03114901469432056,-1.911518101593919,0.5657620941989662,59
609,609,0.23170740413171875,-0.7579881643432467,-0.5808084486409703,59
610,610,0.4225771974002635,-0.9784735754303409,-0.2761228333511008,59
611,611,0.14572105372455793,-1.3924155087124706,0.0594421778456914,59
612,612,0.2833567812209595,-1.4678397865622317,0.17671654407392734,59
613,613,0.5410160564213988,0.039981977281915625,-1.3162981238796276,59
614,614,0.23614285813013386,-0.853792518245594,-0.5060374961545004,59
615,615,0.15091770490494844,-1.1067109761082023,-0.2640080284222653,59
616,616,0.4008234302880178,-1.1553318343288415,-0.10601335935154142,59
617,617,0.3233577362227112,-0.19587524189021635,-1.1666292632557922,59
618,618,0.25845074921392575,-1.0363317187964916,-0.28385042366529945,59
619,619,0.26424104309389324,-1.1357407776529924,-0.1837240561967489,59
620,620,0.593385142183748,0.05682802886964545,-1.3289991010546796,59
621,621,0.36186042667575874,-0.9258098488589851,-0.3626930456303191,59
622,622,-0.021729030289336912,-1.621375613180898,0.22567093535757982,59
623,623,0.08595851870399755,-1.573152902457644,0.22578730661344157,59
624,624,0.32734186418698114,-0.5108173163329764,-0.8497905359763123,59
625,625,0.06445909954225498,-1.885807522591017,0.5449488119240983,59
626,626,0.37361460137190344,0.15901973343814474,-1.528695350290427,59
627,627,-0.1569328786762212,-2.0330844346006796,0.6220320722257301,59
628,628,0.11541351333014571,-1.7419099211686395,0.4505023025767227,59
629,629,0.011209583301676096,-2.055729410546753,0.7468565945731005,59
630,630,0.40338685382401773,0.2660192519979615,-1.669073110207457,59
631,631,0.5837727348133063,0.15879093664990226,-1.4623078780731924,59
632,632,0.05480077165606428,-1.9109053233645783,0.5467784165197921,59
633,633,-0.025952979070441206,-1.6399126039948644,0.16100752065114982,59
634,634,0.6794587785042226,0.8320728631661064,-2.1673106591996203,59
635,635,0.16744465856774565,-1.2826062748617997,-0.11544929614357159,59
636,636,0.21437702611026507,-0.7778993268136446,-0.6234481007878525,59
637,637,0.8760180374961707,1.7354738573055464,-3.0393662506517174,59
638,638,0.45058600355857015,-0.5412794302818278,-0.7403080885214123,59
639,639,0.21271957864771746,-1.0575039170629175,-0.26391572610354597,59
640,640,0.8166185577060238,1.2176124848604255,-2.4665913137737436,59
641,641,0.3426017563267495,-0.29796679971638745,-0.9812292091011973,59
642,642,-0.3616308411947108,-3.122033118746292,1.815790519915164,59
643,643,0.042257330401025375,-1.529721614186258,0.30726444958440235,59
644,644,0.30601467773712326,-0.3941063884190158,-0.7712468118464528,59
645,645,0.31798774432871546,-0.13042686350895358,-1.074298102916316,59
646,646,0.02331671810144744,-1.4826904357079456,0.29017477346747045,59
647,647,0.460149535742008,-0.07222448711492559,-1.0230299765797681,59
648,648,0.24956876119989047,-0.5380771312014958,-0.6196220988859439,59
649,649,0.38545126064057333,-0.2229975475779231,-0.9082976806060296,59
650,650,-0.13053319879431863,-2.62048796170513,1.4021292521628084,59
651,651,0.6642669669146131,0.7175604558305251,-1.8643259459155623,59
652,652,-0.04635393763762241,-1.9869036046793431,0.7388834280254758,59
653,653,0.2906636832336703,-0.5378364366378827,-0.6827536422058492,59
654,654,0.2566117125805202,-0.5761819395113603,-0.6386178795411004,59
655,655,0.3099166904627748,-0.3665700572675121,-0.8446075506908263,59
656,656,0.3306695626875131,-0.47914090173451723,-0.8080779489538857,59
657,657,0.006782377760513526,-1.7999929774269356,0.5906112850837262,59
658,658,0.4713936603128215,0.3637703472970139,-1.5969488730461256,59
659,659,0.15767442250778566,-1.0924105455761888,-0.062461645203261196,59
660,660,-0.14756687857728587,-1.5556570525841145,0.21899383768705444,59
661,661,-0.24705964684589196,-2.2651524263060305,0.9753953088579163,59
662,662,0.18905967924232578,-0.7613023795480183,-0.47279701515562605,59
663,663,-0.20101189556587973,-1.9741574066506244,0.7149531498832361,59
664,664,-0.006467291480034483,-1.4775975030852642,0.24635615444507053,59
665,665,-0.06033624223801713,-1.8034617353182665,0.5448762854114182,59
666,666,0.431963326197121,0.08186274575509057,-1.2732507156211539,59
667,667,-0.023415655130523925,-1.475340606371613,0.2308711959285954,59
668,668,-0.32503452925741383,-2.353933540526194,1.0802615214224656,59
669,669,0.5870168407395923,0.7102690882249706,-1.7886142039865882,59
670,670,0.47220225534617283,0.7102985330791253,-1.8338607914884937,59
671,671,0.01090562149635547,-1.10557795909123,-0.09122461881950857,59
672,672,-0.03327982511412083,-0.9806569028063584,-0.2467843974805912,59
673,673,0.4187842612884289,-0.5324929231706147,-0.5246547505268535,59
674,674,-0.1496726358470731,-2.418127345572152,1.2438880934265093,59
675,675,-0.13070013772020547,-1.5771545351732181,0.3726621723959137,59
676,676,0.31434795867691273,-0.7046788122670216,-0.367416220589587,59
677,677,-0.10663107790169805,-1.8436934207677675,0.6440452389723421,59
678,678,0.6975838399818705,1.3307334516461868,-2.4554312737993005,59
679,679,0.3615391061768172,-0.5335692010663726,-0.5835622638856521,59
680,680,-0.0013324421733866326,-1.6667011300058965,0.40607707326375847,59
681,681,-0.2603681017332766,-2.4839494339337613,1.1495170335746925,59
682,682,0.18837013283827547,-0.8445237018554623,-0.4053802875921967,59
683,683,0.18372785185203575,-0.591852208427301,-0.7039944792341517,59
684,684,-0.034023417379870594,-1.6280690961752016,0.34665566297758194,59
685,685,0.0610060737360056,-0.9665160115985819,-0.3337574333377931,59
686,686,-0.029781248126029274,-1.6255734735945815,0.3767063018951525,59
687,687,0.2685105430568397,-0.30996271033495226,-0.9429498367384399,59
688,688,-0.18408735395238043,-2.886641025555196,1.6522647908204382,59
689,689,0.2745942111701319,-0.5158883793038076,-0.6835157643198868,59
690,690,-0.21184058104716133,-2.2667518639360713,1.0045791006654947,59
691,691,0.44501029267847053,-0.1724551986349269,-0.9862389848153111,59
692,692,0.18924533108615865,-0.5320096081444976,-0.7394568154295715,59
693,693,0.04402902515208552,-1.115427968968891,-0.12345699042645204,59
694,694,0.3387562516888429,-0.07278898947873372,-1.134917582227839,59
695,695,0.16839126137094915,-0.5053003435722654,-0.8061874641054195,59
696,696,0.29480613233266795,-0.48139565856051175,-0.7325648328458475,59
697,697,0.3590039982403409,-0.23997490267226151,-0.9755227130149589,59
698,698,-0.03951781324481642,-1.3629020925572914,0.04878607838819553,59
699,699,0.46323175030580077,0.5573689794313239,-1.8408028758256243,59
700,700,-0.4339914788885207,-2.7352277107053475,1.3472604790535658,59
701,701,0.09752667222240256,-0.9549853874526273,-0.2975329521925322,59
702,702,-0.3923404015467067,-2.3933489016324594,0.9992353399037737,59
703,703,0.5502160409292146,0.7457456865150128,-1.9906752605502975,59
704,704,0.36191828898782863,-0.07314412523422105,-1.1544631805296572,59
705,705,-0.014923868389053675,-1.7507794131231746,0.47174133557652964,59
706,706,0.21110091124538694,-0.8547696016490307,-0.38940760197943064,59
707,707,-0.2668895536374637,-2.5922541127730847,1.2744323510777353,59
708,708,0.22533270089984483,-0.8381674544563988,-0.4067492026832284,59
709,709,0.19342126645937502,-0.7155193761409177,-0.5806984257385482,59
710,710,0.09688513922624006,-0.9861999393987266,-0.3654904772601455,59
711,711,-0.21837514430504099,-2.1364360438745567,0.8031645713772887,59
712,712,0.24437444913424275,-0.5369211210916534,-0.7539109200935902,59
713,713,0.21976708514653187,-1.121686177414968,-0.16150034333964902,59
714,714,-0.06585501414081392,-2.170853740156612,0.8877167836799532,59
715,715,0.1593172197253624,-1.653007132936322,0.3944905518186571,59
716,716,0.018094767548439014,-1.5316586832907553,0.05058279942650295,59
717,717,0.16952856358137883,-0.8480137623284142,-0.481456625963692,59
718,718,-0.18268911733677584,-3.164502527516041,1.86791771777053,59
719,719,0.18958758050648714,-0.8537972580967533,-0.481478456992068,59
720,720,-0.14404484888611052,-2.4724734732179945,1.1187294375988068,59
721,721,0.15069819745298932,-0.905233406015592,-0.42305497132935427,59
722,722,0.4314936565789364,-0.18656578903348608,-1.0736114988052485,59
723,723,0.0587361475446325,-1.5123987100331338,0.21411702344022002,59
724,724,-0.3211918561794595,-2.684363779445319,1.3215338452458782,59
725,725,0.13781964723315396,-0.9854414562188488,-0.26920947645507565,59
726,726,0.13889834846370008,-0.7913813252130808,-0.48151609039663246,59
727,727,-0.0525361563483869,-1.787690592098194,0.4837877701089659,59
728,728,0.28568272305486814,-0.22731789516106982,-1.084390432051065,59
729,729,0.6197554600200577,0.7524205952844568,-2.007156316825936,59
730,730,0.41462383793929913,-0.6022048993143714,-0.6039630402017507,59
731,731,0.420677097560929,0.13681583113584783,-1.4352627506291324,59
732,732,0.26656636937129047,-0.695000956351333,-0.5925702120439768,59
733,733,0.6634088811377465,0.6152351366767483,-1.8284466051080361,59
734,734,-0.014609626789992966,-1.8341384799990734,0.539069962609128,59
735,735,0.32778568043168765,-0.37142751665246243,-0.8805352919843806,59
736,736,-0.3209233504291946,-2.948598134426981,1.5467525990396767,59
737,737,0.1529769876581261,-1.2755268845275067,-0.01978609517289884,59
738,738,-0.02885169623819107,-1.5265812006569544,0.16448833654371636,59
739,739,-0.02937695060935347,-2.0546309634148727,0.7017337771274696,59
740,740,0.6472481835992213,0.28425203638266716,-1.507817305676151,59
741,741,0.08438515626090475,-1.4862274132177682,0.1549158416453175,59
742,742,0.17102510457185113,-0.9325575031093153,-0.40543112009132315,59
743,743,-0.03242820268062395,-2.0387092576992827,0.7207273198738596,59
744,744,0.07994243869565511,-1.6516538679822952,0.33632812506430526,59
745,745,-0.02985080601181546,-1.7903589464104541,0.42783530109741086,59
746,746,0.43617521007060234,0.14725916766405137,-1.490450996632706,59
747,747,0.004870336124857789,-1.5989531855511103,0.23168141024531072,59
748,748,0.20533536273717704,-0.9512612981661126,-0.3831989579868391,59
749,749,-0.460847532367962,-3.2226379682241713,1.7793767299568937,59
750,750,0.10196766622942031,-1.3474078080022287,0.00016006596233265145,59
751,751,0.25568505380828566,-1.02492433078068,-0.2658289554125377,59
752,752,0.283846025536206,-0.3984728719800384,-0.9209483847591468,59
753,753,0.042779568545282004,-1.135765643147562,-0.23580859677072752,59
754,754,-0.15612015941424331,-2.947020951628569,1.6641649848657203,59
755,755,0.37967290855692665,-0.7954794026653376,-0.4349468074704668,59
756,756,-0.056290681733911274,-1.9284719179240346,0.5946186946105498,59
757,757,0.3870327484296166,-0.08487858437890435,-1.2065927304728086,59
758,758,0.24830330012379076,-0.66317102621239,-0.6494839085423832,59
759,759,0.10742642137235735,-1.3119532505550493,-0.011517616011301175,59
760,760,0.2583637095232163,-0.8664517084421952,-0.44776532052737156,59
761,761,-0.0672002513407885,-1.6891725610630202,0.15917006053896923,59
762,762,0.2297068454697265,-1.3709859033598337,0.1025267627926547,59
763,763,-0.15391597465828605,-2.3132298814551553,0.9367441581923607,59
764,764,0.2339156515606509,-0.5843162944603515,-0.7538159459858332,59
765,765,-0.2631681451922517,-2.517373451983603,1.1661656133065719,59
766,766,0.13556868018233167,-0.5822515168605089,-0.7653464740401626,59
767,767,-0.15446375839776505,-2.55887665867865,1.2175728439416051,59
768,768,0.23075193731475113,-0.9426401187752476,-0.2800288975809239,59
769,769,0.2429848918654489,-0.9303124934715965,-0.3251153147553924,59
770,770,0.17771817363141168,-0.7526032868475768,-0.5572580669297587,59
771,771,-0.27916701292393437,-3.1445490166689196,1.807544602527662,59
772,772,-1.0414805797298456,-5.149806411703009,3.624911947713002,59
773,773,0.1258050921326946,-1.1912975253416735,-0.08894131247509725,59
774,774,0.30268353212012755,-0.7014505991471682,-0.5695287490549272,59
775,775,0.1131248742208266,-1.471928855087454,0.17449151470066193,59
776,776,0.4787240765842671,0.3209302243896369,-1.6499727415711687,59
777,777,-0.16460517503408836,-2.718806384019697,1.356971541609062,59
778,778,-0.17272239563838268,-2.0907121227656544,0.7166378841399998,59
779,779,0.3747294973253186,-0.7903588440930096,-0.4133268275926599,59
780,780,0.23655798944141,-1.021142710614518,-0.27256711602226547,59
781,781,0.14868643566249015,-1.3644759799287125,0.06844697466309975,59
782,782,0.36770365841570507,0.3809449144377833,-1.7261442139010472,59
783,783,-0.08672114876364652,-1.6302687722929154,0.27179679264671086,59
784,784,-0.4963833019917984,-3.568107423189309,2.1716245905120797,59
785,785,0.19913978645011554,-1.154060045597339,-0.1683467913307141,59
786,786,0.10545737920374808,-1.3025052185736785,-0.05312856087127852,59
787,787,0.5323448349568606,0.4278458593533156,-1.7058873031485144,59
788,788,0.16795310824614754,-1.0394290456878297,-0.29822839375964716,59
789,789,-0.034293954466623054,-2.1049617202663855,0.7813613113386598,59
790,790,0.08651559734679841,-1.0879536945594286,-0.26036334280205675,59
791,791,-0.24069571585296734,-2.687605110076507,1.2921213300280345,59
792,792,0.2150674342934313,-0.3881245464637874,-0.9502141114305463,59
793,793,0.1674621403726689,-0.8742407176217277,-0.4689909260745791,59
794,794,-0.011875447877735784,-1.4968026952188769,0.048375673323370144,59
795,795,0.06524824298984692,-1.0243353053043274,-0.33720655313476755,59
796,796,-0.19443362779569195,-2.1306034804822516,0.7336669997054117,59
797,797,-0.17057908942140135,-2.4205912122199478,1.0592593413790556,59
798,798,0.49542129317811284,0.262173103519515,-1.49118471100689,59
799,799,-0.29709404987187055,-2.8590931390103473,1.4600569268547077,59
800,800,0.22276509157956756,-1.06292641378359,-0.1953830128113151,59
801,801,-0.226229029833766,-2.153455083980445,0.747379443135544,59
802,802,-0.4062737078487954,-2.837016346034852,1.4346781280095964,59
803,803,0.8644996209438853,1.5208564782486647,-2.6765776730404367,59
804,804,0.678990463110363,1.1027688229156045,-2.3597624095493,59
805,805,0.3078719348432655,-0.8428028469997867,-0.405266976334036,59
806,806,0.03395888995978014,-1.2913111452589139,-0.045755610589170735,59
807,807,0.22786879372673935,-0.7127426579177281,-0.573010935095718,59
808,808,0.17334242861460045,-0.8821452379369629,-0.4017120810941352,59
809,809,0.4004904142153601,0.2515471061809452,-1.5553898111322468,59
810,810,0.08619378440264804,-0.9086993927524072,-0.4093601571397093,59
811,811,-0.10015062206116891,-1.8616475917795854,0.5466589395946219,59
812,812,-0.4202806962652965,-2.8210284749929198,1.414935388214086,59
813,813,0.13626118125763684,-1.566380714395331,0.3319475785043609,59
814,814,0.39238119584571396,0.04411298760520721,-1.3240997250337496,59
815,815,0.7340959437884101,1.5006896633999345,-2.7391037478599647,59
816,816,0.44883880795666303,-0.29441595573455004,-0.9750389365127151,59
817,817,0.5426668558736235,0.119147720305963,-1.3678998242193159,59
818,818,0.49350211108692577,0.3151059637614399,-1.599353117807147,59
819,819,0.5495380669875778,0.17198522715391013,-1.4227967767103746,59
820,820,0.2065934371351399,-0.5780958978291665,-0.7699761135473093,59
821,821,0.1648638763381248,-0.6655453171628816,-0.5843049298949028,59
822,822,-0.1035872125085644,-2.1996071538116775,0.8217552905456952,59
823,823,0.23719090464641313,-1.1288557426151093,-0.26188818076102904,59
824,824,-0.38921842203227863,-2.994893319944686,1.5496189491251917,59
825,825,0.09493148597041536,-2.160404668729489,0.8198210066256546,59
826,826,0.34802997986672196,-0.4806698942629031,-0.8302378357395308,59
827,827,-0.06559094039743098,-2.0333945471198724,0.6088930814991304,59
828,828,0.09651974488108385,-1.5935564316789463,0.24031179122458865,59
829,829,0.13811302146647872,-1.069478899580201,-0.33263108015409365,59
830,830,0.26007421795704505,-0.7488445955776551,-0.651299788820029,59
831,831,0.2996344344966474,-0.6015762003208656,-0.8164676405617383,59
832,832,0.29326687172030547,-0.462331399427962,-0.9514855747291152,59
833,833,-0.08729891010522982,-2.1714957064535887,0.718405923408809,59
834,834,-0.04244459978948531,-2.2102116666781755,0.7792942143840642,59
835,835,0.7285857281211215,1.0075765196807949,-2.3666913404634764,59
836,836,0.39791985022382836,0.05402674473615816,-1.4887517844763707,59
837,837,0.2130277262373156,-0.9188204835984051,-0.5235478077763335,59
838,838,0.2255086269507981,-1.2777287005328772,-0.16253316107122684,59
839,839,0.25263312462485293,-1.1204002975232472,-0.3105528770384285,59
840,840,0.22207936162588782,-0.9778414526165845,-0.4994452106590674,59
841,841,-0.04698063572186059,-1.9689621873979581,0.5121758711710084,59
842,842,-0.12885568418949994,-2.0646960534008976,0.6018167226360049,59
843,843,0.15768414830066574,-1.6206881100745891,0.21370999807434807,59
844,844,-0.10581207996330408,-2.671990435441885,1.2772316552434684,59
845,845,0.4783594209069243,-0.06380608347839892,-1.3482250894473449,59
846,846,-0.04274517603399334,-1.9378702189162664,0.4638548537399041,59
847,847,0.3708303161596196,-0.10251570963552176,-1.3420174959017255,59
848,848,0.23521607624659685,-0.8357616001629726,-0.6030436250715481,59
849,849,0.01717746523517743,-1.3001582539885614,-0.22185181024057082,59
850,850,0.47909907361100135,-0.29827811057266795,-1.0767494807762579,59
851,851,0.2823092271498893,-1.3827691519430871,0.0101288990704524,59
852,852,0.008139372089855162,-2.001068120246848,0.5524464456946299,59
853,853,-0.3496895373191059,-2.9135614970391335,1.391402635743362,59
854,854,-0.0015963928054671898,-2.042455601817426,0.5994467315805948,59
855,855,0.5557517406360741,-0.25597621220867617,-1.1413535223929623,59
856,856,0.07554157897317947,-1.7773366172785297,0.2516161534786718,59
857,857,0.39933095197052065,-0.36997414775386045,-1.079418335413123,59
858,858,0.22441182835881712,-0.6528374659209695,-0.8528143617644225,59
859,859,0.6539427299944092,0.26122376375954615,-1.586138814599811,59
860,860,0.6269482378555578,0.5692224163297126,-1.990768339286344,59
861,861,0.01655064403963674,-1.9360894900039596,0.3969724383123962,59
862,862,0.48010563161841324,-0.6147524301730518,-0.8012001474042845,59
863,863,0.11818758030434033,-1.758809213161265,0.2355523530089807,59
864,864,-0.04746421691720231,-1.6134861041775739,0.02628742245405914,59
865,865,0.04353547194125907,-2.0524919317133463,0.5412846701991026,59
866,866,0.1635902899160751,-1.4513814826178757,-0.060515486665275536,59
867,867,0.13540949726848825,-1.1721289894836182,-0.3770989210768377,59
868,868,-0.11097659909380043,-1.7766162454978156,0.1683221026188967,59
869,869,0.552024422848353,0.4842591184754228,-1.9453211620843818,59
870,870,0.09439779847504702,-1.5827653206087942,0.06445025229242642,59
871,871,0.12645413491829574,-1.286106446303929,-0.23463287257934087,59
872,872,0.025894914993720382,-1.2727164844726024,-0.2846235983083474,59
873,873,0.34171498561645236,-0.8131301590063276,-0.6459178465944534,59
874,874,-0.04215547289608911,-2.0223446808342853,0.5095247256999438,59
875,875,-0.03407038434168917,-2.053126622392291,0.5554160136130523,59
876,876,0.48075270462317815,-0.37237505890679995,-0.9800081900930913,59
877,877,0.4261516109505574,-0.567574583794757,-0.8725352362778513,59
878,878,0.3551714202891733,-0.3751073530622388,-1.0927869058926283,59
879,879,0.30218320778767616,-0.43367719096465623,-1.0727215989513808,59
880,880,-0.14478677914927934,-2.3222595226019105,0.8107774802851025,59
881,881,0.18987541473120942,-0.8816523790118973,-0.6126315569732754,59
882,882,-0.3394497547522636,-2.9441779824835312,1.369795032871182,59
883,883,0.41296663669935607,-0.46811097920188954,-0.9482117425616533,59
884,884,0.013191059711815167,-1.7468676984869305,0.25562091405226145,59
885,885,0.14610442231984652,-1.5623036720387387,0.1155258157139324,59
886,886,0.26338566576567657,-0.8474259886863407,-0.5971061790841795,59
887,887,0.38161006489824634,-0.5911698410513678,-0.8262899134814512,59
888,888,0.037776202109465494,-1.8432637313263243,0.397198330082998,59
889,889,0.4026506482364046,0.012623684783440099,-1.470676697756426,59
890,890,-0.034335012085932246,-2.2390992940870618,0.7071416608260945,59
891,891,0.3616464592324023,-0.6488176013625612,-0.7958211509973914,59
892,892,-0.06900992592860104,-2.228872685380718,0.7294436548184172,59
893,893,0.07961816352545899,-1.6197256742021617,0.13609585100735572,59
894,894,-0.07910763805261622,-2.8159037008419086,1.372675632498232,59
895,895,-0.08521986798803656,-2.6846585703688906,1.1872384929983624,59
896,896,0.2399817147577178,-0.5178727827232685,-0.9352335387291909,59
897,897,0.21475707070039243,-0.4266691444848341,-1.040542857229522,59
898,898,0.12594346923645355,-1.1443433935184366,-0.3466240385973754,59
899,899,-0.030787067465627847,-2.0608373223830303,0.601763378198467,59
900,900,-0.284434514658785,-3.1671835499632284,1.6809443680814253,59
901,901,0.2258855937583683,-1.1914484516180928,-0.25178087133902627,59
902,902,0.07403802063847739,-1.555102907276564,0.07351533563171002,59
903,903,0.18675626677673374,-0.893055455154081,-0.6012632087971115,59
904,904,-0.050163185997008655,-1.9068934619860056,0.39212823359330345,59
905,905,0.3022847746120542,-0.6858939796646691,-0.7564225388037997,59
906,906,-0.20069974685895783,-2.432507305028922,0.884662083885186,59
907,907,-0.27282591907758214,-3.548660980121292,1.8569673104744258,59
908,908,0.5062335433005408,0.11924281691342149,-1.5276062194668247,59
909,909,-0.06403315153407613,-2.50099595019716,1.004805083779311,59
910,910,0.1136410799112719,-1.7328481817070356,0.27011077958493784,59
911,911,0.25318293970081945,-0.6387751941856961,-0.8662668538226745,59
912,912,0.3411863456844776,-0.1744677201781957,-1.3376943128807772,59
913,913,0.10956363357987622,-1.7751294515540175,0.45278990205223724,59
914,914,0.2428635041214043,-1.19029674268244,-0.21894755272084615,59
915,915,-0.12578596542288822,-2.328458177974504,0.7341518494904313,59
916,916,0.41555763716706606,0.11291088933757533,-1.5925232029379899,59
917,917,0.37214292886449096,-0.49059259612425854,-0.9983316732682239,59
918,918,0.08962378839537151,-1.297707804436372,-0.23127212734284244,59
919,919,0.08944724678790711,-1.2518206098992721,-0.2633588521935286,59
920,920,-0.2561074657840937,-3.0302721681665754,1.4588561289508137,59
921,921,-0.10906837390851573,-2.4141540877669043,0.8554265918179389,59
922,922,0.4822602025195533,-0.06535228070354374,-1.4063469598142533,59
923,923,0.4212686473683673,-0.00913768875147424,-1.4855628101556086,59
924,924,0.26879456083119163,-1.5733054764475587,-0.05475967666085939,59
925,925,0.44288514537857476,-0.058389171864509974,-1.409674501792113,59
926,926,0.5134408482697098,0.20608313862456526,-1.6587879555459228,59
927,927,-0.2675206221729327,-3.336729245668936,1.9095327730751803,59
928,928,0.18767406153520452,-1.0752961092785698,-0.4264936323282156,59
929,929,-0.2528326435878896,-2.845102724702582,1.3489400980902913,59
930,930,0.26509432752997114,-1.3786442189007402,-0.04948405793749995,59
931,931,0.43574013472835743,-0.34461391115809503,-1.1010526904293847,59
932,932,0.49277747796172644,0.0585070703205113,-1.503401317948801,59
933,933,0.1547437579570952,-0.9346897513669701,-0.5779114985784426,59
934,934,0.253573325640338,-1.1644641258864827,-0.28109281767719674,59
935,935,0.6083631094413032,0.011397614751721128,-1.4394919414818845,59
936,936,0.1231106781710726,-1.9783205152887648,0.4898500365995804,59
937,937,-0.0690471055418883,-2.0129878080670855,0.4702822190607227,59
938,938,0.024790421945347366,-1.6295748495236368,0.08989929406984358,59
939,939,0.275185145421059,-1.1943692056794473,-0.313884575132569,59
940,940,-0.15962692330393635,-2.570003047346837,1.0248194782961195,59
941,941,-0.2143403560398843,-2.1792473210963226,0.6506917366658551,59
942,942,0.4242761333716783,-0.8574281445763853,-0.5650532512230294,59
943,943,0.0022313222492602912,-2.4305928759358317,0.947602491527783,59
944,944,0.40653493293452836,-0.13905831436057023,-1.3806783517838708,59
945,945,0.12872147577232104,-1.0089366951263907,-0.5533885856575279,59
946,946,-0.08589845748618413,-2.684172901466351,1.1850352946534728,59
947,947,0.1018099606512042,-1.2856322044014756,-0.24038786049482244,59
948,948,0.01210848047524747,-1.553984987167009,-0.006238526245773004,59
949,949,-0.3719528005558226,-3.259846848369975,1.648304514392535,59
950,950,0.5213509956635751,-0.3063739903415935,-1.0833952705598549,59
951,951,0.43179133970784084,-0.6580247675893065,-0.7475698741109109,59
952,952,0.4111342480762734,0.08748268990983682,-1.5399344478174195,59
953,953,-0.3490636394583325,-3.236631463970162,1.745702688388201,59
954,954,0.3865533530185522,-0.0012844722428058002,-1.460901420920811,59
955,955,0.35090967633827,-0.7721616246411565,-0.6439682626859066,59
956,956,0.05769573392909483,-1.569632016902999,0.107943872155991,59
957,957,-0.3589086656344255,-2.9268710846900783,1.40812648228437,59
958,958,0.14363185492492664,-0.90836612664877,-0.5194830803821209,59
959,959,0.021408677583116147,-1.4742334712958471,0.017179590490173372,59
960,960,0.04829396999684821,-1.468200100845848,0.03481285007934561,59
961,961,0.0693819511863827,-1.7284367605052247,0.34270945340478326,59
962,962,0.07157271681039205,-1.2552217901384075,-0.1612517071085218,59
963,963,-0.06326155144705847,-1.7534071095699595,0.31633592694873314,59
964,964,-0.06027684103466875,-1.8577039500195047,0.42164405798726967,59
965,965,0.2811637995935094,-0.8174480243197925,-0.5649237722158205,59
966,966,0.7264290643278432,0.4244582460019231,-1.705494755682214,59
967,967,-0.2695062843673493,-2.7667970453254713,1.2579810726901743,59
968,968,0.03494796616226924,-1.7684016447617024,0.35217187972915226,59
969,969,0.0331264113337869,-1.426134146494872,-0.03393890424236454,59
970,970,-0.06503398486593251,-1.6249843625227225,0.154931918051151,59
971,971,0.31453311807553647,-0.36580286474487184,-1.0891236547639787,59
972,972,0.21201008821269837,-0.7905590091844069,-0.5864190229335965,59
973,973,0.7296458395450239,0.6857981889392835,-1.9668192444418222,59
974,974,0.2885119438924828,-0.7595549044898947,-0.6230649616726934,59
975,975,0.2568078288850468,-1.114519843445188,-0.17830137489730005,59
976,976,0.6557530816943841,0.28286701549581644,-1.5492773515450107,59
977,977,-0.060279180149412005,-2.1998851680160216,0.8247836834945536,59
978,978,0.45070222062791915,0.30455272260319394,-1.6216366147984398,59
979,979,0.17381788446399202,-1.3577293849227723,-0.019201589940355417,59
980,980,0.4966820760247256,0.1007674548639651,-1.4574013316098877,59
981,981,0.2612903114009317,-0.6519488347738178,-0.7174887722311508,59
982,982,0.46608460851345257,0.12170916583089982,-1.4650061109715697,59
983,983,-0.13386520619043027,-2.5089104530883133,1.057925547754177,59
984,984,0.15909586560386935,-1.1276859944265116,-0.26617706440475875,59
985,985,0.25709467821935084,-0.4939409639360294,-0.9543372299749235,59
986,986,-0.20159138046569489,-2.087647204472875,0.6492919932397739,59
987,987,0.20417626982624443,-1.1688213544333905,-0.1936749860347362,59
988,988,0.0216505297364382,-1.8812452821071695,0.5061677712068663,59
989,989,0.10345965210170818,-1.167353562691983,-0.2355028253586414,59
990,990,-0.007475326823073799,-1.8408482261395671,0.4308395794375192,59
991,991,-0.002392676708591272,-1.3909152334764363,-0.024176689486489055,59
992,992,-0.08961697281579277,-2.5613269156409504,1.1857539830687958,59
993,993,0.10986562560436008,-1.2703079339207288,-0.09625808668000324,59
994,994,-0.12540967572748032,-1.9681854937741228,0.6473999098850456,59
995,995,0.1242689093028893,-0.47693009820098897,-0.9339301623948946,59
996,996,0.2562617071481485,-0.778585866970508,-0.5930012606753835,59
997,997,0.3155875663795339,-0.3829181997953068,-0.9471031670511658,59
998,998,0.24924411669578728,-1.7929824486774317,0.4862562291501057,59
999,999,0.4667085365933893,-0.05265470092238326,-1.2639468839537629,59
