,#Set,index,k,QQ,x_b,t,phi_x,F,errF,varF,F1,F2,dvcs,ReH,ReE,ReHtilde
0,1.0,0.0,5.8,1.82,0.34,-0.17,4.0,0.15555942668835715,0.008070012973890255,6.512510939875703e-05,0.6856563620804861,1.0986689027952043,0.034,0.3757,-0.9384,2.465
1,1.0,1.0,5.8,1.82,0.34,-0.17,12.0,0.15387043199513675,0.00795433148556037,6.327138938217704e-05,0.6856563620804861,1.0986689027952043,0.034,0.3757,-0.9384,2.465
2,1.0,2.0,5.8,1.82,0.34,-0.17,20.0,0.1610346619000351,0.007732542548490357,5.9792214264213745e-05,0.6856563620804861,1.0986689027952043,0.034,0.3757,-0.9384,2.465
3,1.0,3.0,5.8,1.82,0.34,-0.17,28.0,0.15148470457886212,0.007422052435037559,5.508686234844697e-05,0.6856563620804861,1.0986689027952043,0.034,0.3757,-0.9384,2.465
4,1.0,4.0,5.8,1.82,0.34,-0.17,36.0,0.14824641047796436,0.0070451644680217486,4.963434238147618e-05,0.6856563620804861,1.0986689027952043,0.034,0.3757,-0.9384,2.465
5,1.0,5.0,5.8,1.82,0.34,-0.17,44.0,0.12978067921494518,0.006625788123475813,4.390106825719313e-05,0.6856563620804861,1.0986689027952043,0.034,0.3757,-0.9384,2.465
6,1.0,6.0,5.8,1.82,0.34,-0.17,52.0,0.12490155021717934,0.0061865688738563206,3.8273634430967855e-05,0.6856563620804861,1.0986689027952043,0.034,0.3757,-0.9384,2.465
7,1.0,7.0,5.8,1.82,0.34,-0.17,60.0,0.10893211217600417,0.0057469082917949105,3.3026954914301094e-05,0.6856563620804861,1.0986689027952043,0.034,0.3757,-0.9384,2.465
8,1.0,8.0,5.8,1.82,0.34,-0.17,68.0,0.11663759261683568,0.00532198303902395,2.8323503467658595e-05,0.6856563620804861,1.0986689027952043,0.034,0.3757,-0.9384,2.465
9,1.0,9.0,5.8,1.82,0.34,-0.17,76.0,0.0990645074805062,0.0049226058649228825,2.423204850137317e-05,0.6856563620804861,1.0986689027952043,0.034,0.3757,-0.9384,2.465
10,1.0,10.0,5.8,1.82,0.34,-0.17,84.0,0.0951522992966635,0.004555652477270039,2.0753969493656643e-05,0.6856563620804861,1.0986689027952043,0.034,0.3757,-0.9384,2.465
11,1.0,11.0,5.8,1.82,0.34,-0.17,92.0,0.0875282750193128,0.004224778289765782,1.7848751597676284e-05,0.6856563620804861,1.0986689027952043,0.034,0.3757,-0.9384,2.465
12,1.0,12.0,5.8,1.82,0.34,-0.17,100.0,0.07953637124466972,0.003931212974792786,1.545443545317915e-05,0.6856563620804861,1.0986689027952043,0.034,0.3757,-0.9384,2.465
13,1.0,13.0,5.8,1.82,0.34,-0.17,108.0,0.07406645132243192,0.003674500390354683,1.3501953118716721e-05,0.6856563620804861,1.0986689027952043,0.034,0.3757,-0.9384,2.465
14,1.0,14.0,5.8,1.82,0.34,-0.17,116.0,0.06783003554582104,0.003453119332784412,1.192403312644946e-05,0.6856563620804861,1.0986689027952043,0.034,0.3757,-0.9384,2.465
15,1.0,15.0,5.8,1.82,0.34,-0.17,124.0,0.06583779927527399,0.00326496731885767,1.0660011593208643e-05,0.6856563620804861,1.0986689027952043,0.034,0.3757,-0.9384,2.465
16,1.0,16.0,5.8,1.82,0.34,-0.17,132.0,0.06126496346518366,0.003107716418921515,9.657901340434365e-06,0.6856563620804861,1.0986689027952043,0.034,0.3757,-0.9384,2.465
17,1.0,17.0,5.8,1.82,0.34,-0.17,140.0,0.058854357712872736,0.002979062307409276,8.874812231426679e-06,0.6856563620804861,1.0986689027952043,0.034,0.3757,-0.9384,2.465
18,1.0,18.0,5.8,1.82,0.34,-0.17,148.0,0.053663047487759366,0.002876890713513922,8.276500177502643e-06,0.6856563620804861,1.0986689027952043,0.034,0.3757,-0.9384,2.465
19,1.0,19.0,5.8,1.82,0.34,-0.17,156.0,0.05621400436207498,0.002799383640801185,7.836548768385301e-06,0.6856563620804861,1.0986689027952043,0.034,0.3757,-0.9384,2.465
20,1.0,20.0,5.8,1.82,0.34,-0.17,164.0,0.053584167114718737,0.002745083880454109,7.53548551072899e-06,0.6856563620804861,1.0986689027952043,0.034,0.3757,-0.9384,2.465
21,1.0,21.0,5.8,1.82,0.34,-0.17,172.0,0.05796899534573291,0.002712932048221516,7.360000298267389e-06,0.6856563620804861,1.0986689027952043,0.034,0.3757,-0.9384,2.465
22,1.0,22.0,5.8,1.82,0.34,-0.17,180.0,0.05665706017015445,0.0027022863777857106,7.302351667566215e-06,0.6856563620804861,1.0986689027952043,0.034,0.3757,-0.9384,2.465
23,1.0,23.0,5.8,1.82,0.34,-0.17,188.0,0.05624495053061552,0.002712932048221516,7.360000298267389e-06,0.6856563620804861,1.0986689027952043,0.034,0.3757,-0.9384,2.465
24,1.0,24.0,5.8,1.82,0.34,-0.17,196.0,0.051236346821141296,0.002745083880454109,7.53548551072899e-06,0.6856563620804861,1.0986689027952043,0.034,0.3757,-0.9384,2.465
25,1.0,25.0,5.8,1.82,0.34,-0.17,204.0,0.05869307139614459,0.002799383640801185,7.836548768385301e-06,0.6856563620804861,1.0986689027952043,0.034,0.3757,-0.9384,2.465
26,1.0,26.0,5.8,1.82,0.34,-0.17,212.0,0.06342184824419428,0.002876890713513922,8.276500177502643e-06,0.6856563620804861,1.0986689027952043,0.034,0.3757,-0.9384,2.465
27,1.0,27.0,5.8,1.82,0.34,-0.17,220.0,0.05457050028035449,0.002979062307409276,8.874812231426679e-06,0.6856563620804861,1.0986689027952043,0.034,0.3757,-0.9384,2.465
28,1.0,28.0,5.8,1.82,0.34,-0.17,228.0,0.06093670770882585,0.003107716418921515,9.657901340434365e-06,0.6856563620804861,1.0986689027952043,0.034,0.3757,-0.9384,2.465
29,1.0,29.0,5.8,1.82,0.34,-0.17,236.0,0.05967004098502991,0.00326496731885767,1.0660011593208643e-05,0.6856563620804861,1.0986689027952043,0.034,0.3757,-0.9384,2.465
30,1.0,30.0,5.8,1.82,0.34,-0.17,244.0,0.07165238615963218,0.003453119332784412,1.192403312644946e-05,0.6856563620804861,1.0986689027952043,0.034,0.3757,-0.9384,2.465
31,1.0,31.0,5.8,1.82,0.34,-0.17,252.0,0.07169012181983803,0.0036745003903546846,1.3501953118716725e-05,0.6856563620804861,1.0986689027952043,0.034,0.3757,-0.9384,2.465
32,1.0,32.0,5.8,1.82,0.34,-0.17,260.0,0.07151348321756777,0.003931212974792786,1.545443545317915e-05,0.6856563620804861,1.0986689027952043,0.034,0.3757,-0.9384,2.465
33,1.0,33.0,5.8,1.82,0.34,-0.17,268.0,0.09340297073761256,0.004224778289765782,1.7848751597676284e-05,0.6856563620804861,1.0986689027952043,0.034,0.3757,-0.9384,2.465
34,1.0,34.0,5.8,1.82,0.34,-0.17,276.0,0.08675231316074464,0.004555652477270039,2.0753969493656643e-05,0.6856563620804861,1.0986689027952043,0.034,0.3757,-0.9384,2.465
35,1.0,35.0,5.8,1.82,0.34,-0.17,284.0,0.0947931876116627,0.0049226058649228825,2.423204850137317e-05,0.6856563620804861,1.0986689027952043,0.034,0.3757,-0.9384,2.465
36,1.0,36.0,5.8,1.82,0.34,-0.17,292.0,0.10120596829132526,0.00532198303902395,2.8323503467658595e-05,0.6856563620804861,1.0986689027952043,0.034,0.3757,-0.9384,2.465
37,1.0,37.0,5.8,1.82,0.34,-0.17,300.0,0.1176795959946273,0.0057469082917949105,3.3026954914301094e-05,0.6856563620804861,1.0986689027952043,0.034,0.3757,-0.9384,2.465
38,1.0,38.0,5.8,1.82,0.34,-0.17,308.0,0.1196111091972625,0.006186568873856319,3.827363443096784e-05,0.6856563620804861,1.0986689027952043,0.034,0.3757,-0.9384,2.465
39,1.0,39.0,5.8,1.82,0.34,-0.17,316.0,0.12191768531892384,0.006625788123475813,4.390106825719313e-05,0.6856563620804861,1.0986689027952043,0.034,0.3757,-0.9384,2.465
40,1.0,40.0,5.8,1.82,0.34,-0.17,324.0,0.13606826732868094,0.007045164468021751,4.963434238147622e-05,0.6856563620804861,1.0986689027952043,0.034,0.3757,-0.9384,2.465
41,1.0,41.0,5.8,1.82,0.34,-0.17,332.0,0.1542363197866225,0.007422052435037559,5.508686234844697e-05,0.6856563620804861,1.0986689027952043,0.034,0.3757,-0.9384,2.465
42,1.0,42.0,5.8,1.82,0.34,-0.17,340.0,0.16957386021270365,0.007732542548490357,5.9792214264213745e-05,0.6856563620804861,1.0986689027952043,0.034,0.3757,-0.9384,2.465
43,1.0,43.0,5.8,1.82,0.34,-0.17,348.0,0.1707751274268091,0.00795433148556037,6.327138938217704e-05,0.6856563620804861,1.0986689027952043,0.034,0.3757,-0.9384,2.465
44,1.0,44.0,5.8,1.82,0.34,-0.17,356.0,0.16466474369519254,0.008070012973890251,6.512510939875698e-05,0.6856563620804861,1.0986689027952043,0.034,0.3757,-0.9384,2.465
45,2.0,0.0,5.8,1.93,0.36,-0.23,4.0,0.15054611214915506,0.006943637552682707,4.821410246302549e-05,0.615619309144978,0.949181395069385,0.036000000000000004,0.5237,-1.2294,2.885
46,2.0,1.0,5.8,1.93,0.36,-0.23,12.0,0.13216606055327096,0.006800537276178919,4.6247307244698995e-05,0.615619309144978,0.949181395069385,0.036000000000000004,0.5237,-1.2294,2.885
47,2.0,2.0,5.8,1.93,0.36,-0.23,20.0,0.143507466415836,0.00653193340987937,4.2666154071098335e-05,0.615619309144978,0.949181395069385,0.036000000000000004,0.5237,-1.2294,2.885
48,2.0,3.0,5.8,1.93,0.36,-0.23,28.0,0.1261456530938559,0.00616828531116013,3.8047743679873823e-05,0.615619309144978,0.949181395069385,0.036000000000000004,0.5237,-1.2294,2.885
49,2.0,4.0,5.8,1.93,0.36,-0.23,36.0,0.11975251082806422,0.005745611338376193,3.3012049651677065e-05,0.615619309144978,0.949181395069385,0.036000000000000004,0.5237,-1.2294,2.885
50,2.0,5.0,5.8,1.93,0.36,-0.23,44.0,0.11116095072864246,0.005298488398582122,2.8073979309909333e-05,0.615619309144978,0.949181395069385,0.036000000000000004,0.5237,-1.2294,2.885
51,2.0,6.0,5.8,1.93,0.36,-0.23,52.0,0.09464489828889894,0.004855337036959709,2.357429774247269e-05,0.615619309144978,0.949181395069385,0.036000000000000004,0.5237,-1.2294,2.885
52,2.0,7.0,5.8,1.93,0.36,-0.23,60.0,0.08459670796427096,0.004436480164634282,1.968235625119343e-05,0.615619309144978,0.949181395069385,0.036000000000000004,0.5237,-1.2294,2.885
53,2.0,8.0,5.8,1.93,0.36,-0.23,68.0,0.08059784968135933,0.004054369810705043,1.6437914561956456e-05,0.615619309144978,0.949181395069385,0.036000000000000004,0.5237,-1.2294,2.885
54,2.0,9.0,5.8,1.93,0.36,-0.23,76.0,0.07304304912826635,0.0037150094643625523,1.3801295320303338e-05,0.615619309144978,0.949181395069385,0.036000000000000004,0.5237,-1.2294,2.885
55,2.0,10.0,5.8,1.93,0.36,-0.23,84.0,0.06954653853585367,0.003419745785515854,1.1694661237553446e-05,0.615619309144978,0.949181395069385,0.036000000000000004,0.5237,-1.2294,2.885
56,2.0,11.0,5.8,1.93,0.36,-0.23,92.0,0.06639498857016106,0.003166927613802285,1.0029430511063437e-05,0.615619309144978,0.949181395069385,0.036000000000000004,0.5237,-1.2294,2.885
57,2.0,12.0,5.8,1.93,0.36,-0.23,100.0,0.055019204065389925,0.002953218135535895,8.721497356058109e-06,0.615619309144978,0.949181395069385,0.036000000000000004,0.5237,-1.2294,2.885
58,2.0,13.0,5.8,1.93,0.36,-0.23,108.0,0.05405742888702873,0.002774527922111656,7.698005190577223e-06,0.615619309144978,0.949181395069385,0.036000000000000004,0.5237,-1.2294,2.885
59,2.0,14.0,5.8,1.93,0.36,-0.23,116.0,0.05161138735866418,0.002626623243841242,6.899149665087088e-06,0.615619309144978,0.949181395069385,0.036000000000000004,0.5237,-1.2294,2.885
60,2.0,15.0,5.8,1.93,0.36,-0.23,124.0,0.04518880113245169,0.002505490076965066,6.277480525770411e-06,0.615619309144978,0.949181395069385,0.036000000000000004,0.5237,-1.2294,2.885
61,2.0,16.0,5.8,1.93,0.36,-0.23,132.0,0.048994830648296316,0.0024075298986831768,5.79620021305343e-06,0.615619309144978,0.949181395069385,0.036000000000000004,0.5237,-1.2294,2.885
62,2.0,17.0,5.8,1.93,0.36,-0.23,140.0,0.04910789703360285,0.0023296479146070644,5.427259406033044e-06,0.615619309144978,0.949181395069385,0.036000000000000004,0.5237,-1.2294,2.885
63,2.0,18.0,5.8,1.93,0.36,-0.23,148.0,0.04528595668280196,0.0022692775925218078,5.149620791921574e-06,0.615619309144978,0.949181395069385,0.036000000000000004,0.5237,-1.2294,2.885
64,2.0,19.0,5.8,1.93,0.36,-0.23,156.0,0.04482316689921143,0.002224371238704418,4.947827407575427e-06,0.615619309144978,0.949181395069385,0.036000000000000004,0.5237,-1.2294,2.885
65,2.0,20.0,5.8,1.93,0.36,-0.23,164.0,0.04219165084754006,0.00219337578862598,4.8108973501306395e-06,0.615619309144978,0.949181395069385,0.036000000000000004,0.5237,-1.2294,2.885
66,2.0,21.0,5.8,1.93,0.36,-0.23,172.0,0.04273540192258333,0.0021752056506499514,4.731519622619477e-06,0.615619309144978,0.949181395069385,0.036000000000000004,0.5237,-1.2294,2.885
67,2.0,22.0,5.8,1.93,0.36,-0.23,180.0,0.04398364288869022,0.0021692196025984213,4.705513684297254e-06,0.615619309144978,0.949181395069385,0.036000000000000004,0.5237,-1.2294,2.885
68,2.0,23.0,5.8,1.93,0.36,-0.23,188.0,0.042200366912860623,0.0021752056506499514,4.731519622619477e-06,0.615619309144978,0.949181395069385,0.036000000000000004,0.5237,-1.2294,2.885
69,2.0,24.0,5.8,1.93,0.36,-0.23,196.0,0.04426813766452554,0.00219337578862598,4.8108973501306395e-06,0.615619309144978,0.949181395069385,0.036000000000000004,0.5237,-1.2294,2.885
70,2.0,25.0,5.8,1.93,0.36,-0.23,204.0,0.044807641852645366,0.002224371238704418,4.947827407575427e-06,0.615619309144978,0.949181395069385,0.036000000000000004,0.5237,-1.2294,2.885
71,2.0,26.0,5.8,1.93,0.36,-0.23,212.0,0.0417342424680752,0.0022692775925218078,5.149620791921574e-06,0.615619309144978,0.949181395069385,0.036000000000000004,0.5237,-1.2294,2.885
72,2.0,27.0,5.8,1.93,0.36,-0.23,220.0,0.044383653871124334,0.0023296479146070644,5.427259406033044e-06,0.615619309144978,0.949181395069385,0.036000000000000004,0.5237,-1.2294,2.885
73,2.0,28.0,5.8,1.93,0.36,-0.23,228.0,0.04890073008040483,0.0024075298986831768,5.79620021305343e-06,0.615619309144978,0.949181395069385,0.036000000000000004,0.5237,-1.2294,2.885
74,2.0,29.0,5.8,1.93,0.36,-0.23,236.0,0.04981004697255808,0.002505490076965066,6.277480525770411e-06,0.615619309144978,0.949181395069385,0.036000000000000004,0.5237,-1.2294,2.885
75,2.0,30.0,5.8,1.93,0.36,-0.23,244.0,0.053181814103134765,0.002626623243841241,6.899149665087085e-06,0.615619309144978,0.949181395069385,0.036000000000000004,0.5237,-1.2294,2.885
76,2.0,31.0,5.8,1.93,0.36,-0.23,252.0,0.05799371738064973,0.002774527922111656,7.698005190577223e-06,0.615619309144978,0.949181395069385,0.036000000000000004,0.5237,-1.2294,2.885
77,2.0,32.0,5.8,1.93,0.36,-0.23,260.0,0.06014831294039824,0.002953218135535894,8.721497356058102e-06,0.615619309144978,0.949181395069385,0.036000000000000004,0.5237,-1.2294,2.885
78,2.0,33.0,5.8,1.93,0.36,-0.23,268.0,0.06155218718193797,0.003166927613802285,1.0029430511063437e-05,0.615619309144978,0.949181395069385,0.036000000000000004,0.5237,-1.2294,2.885
79,2.0,34.0,5.8,1.93,0.36,-0.23,276.0,0.0738346860690402,0.003419745785515853,1.1694661237553438e-05,0.615619309144978,0.949181395069385,0.036000000000000004,0.5237,-1.2294,2.885
80,2.0,35.0,5.8,1.93,0.36,-0.23,284.0,0.06885451322671353,0.0037150094643625523,1.3801295320303338e-05,0.615619309144978,0.949181395069385,0.036000000000000004,0.5237,-1.2294,2.885
81,2.0,36.0,5.8,1.93,0.36,-0.23,292.0,0.08136589231077798,0.004054369810705043,1.6437914561956456e-05,0.615619309144978,0.949181395069385,0.036000000000000004,0.5237,-1.2294,2.885
82,2.0,37.0,5.8,1.93,0.36,-0.23,300.0,0.083975788986857,0.004436480164634282,1.968235625119343e-05,0.615619309144978,0.949181395069385,0.036000000000000004,0.5237,-1.2294,2.885
83,2.0,38.0,5.8,1.93,0.36,-0.23,308.0,0.09999230203431828,0.004855337036959707,2.357429774247267e-05,0.615619309144978,0.949181395069385,0.036000000000000004,0.5237,-1.2294,2.885
84,2.0,39.0,5.8,1.93,0.36,-0.23,316.0,0.10132657025345143,0.005298488398582122,2.8073979309909333e-05,0.615619309144978,0.949181395069385,0.036000000000000004,0.5237,-1.2294,2.885
85,2.0,40.0,5.8,1.93,0.36,-0.23,324.0,0.10589149915538792,0.005745611338376193,3.3012049651677065e-05,0.615619309144978,0.949181395069385,0.036000000000000004,0.5237,-1.2294,2.885
86,2.0,41.0,5.8,1.93,0.36,-0.23,332.0,0.1180522271827113,0.00616828531116013,3.8047743679873823e-05,0.615619309144978,0.949181395069385,0.036000000000000004,0.5237,-1.2294,2.885
87,2.0,42.0,5.8,1.93,0.36,-0.23,340.0,0.13420467799842525,0.006531933409879375,4.26661540710984e-05,0.615619309144978,0.949181395069385,0.036000000000000004,0.5237,-1.2294,2.885
88,2.0,43.0,5.8,1.93,0.36,-0.23,348.0,0.13468761037997998,0.006800537276178919,4.6247307244698995e-05,0.615619309144978,0.949181395069385,0.036000000000000004,0.5237,-1.2294,2.885
89,2.0,44.0,5.8,1.93,0.36,-0.23,356.0,0.13571569105017073,0.006943637552682707,4.821410246302549e-05,0.615619309144978,0.949181395069385,0.036000000000000004,0.5237,-1.2294,2.885
90,3.0,0.0,5.8,1.96,0.37,-0.27,4.0,0.12879663665388855,0.006436551249422095,4.142919198643712e-05,0.5757528191841271,0.8660034883518137,0.037000000000000005,0.6383000000000001,-1.42035,3.1500000000000004
91,3.0,1.0,5.8,1.96,0.37,-0.27,12.0,0.12168268124753827,0.006276876349299656,3.9399176704397384e-05,0.5757528191841271,0.8660034883518137,0.037000000000000005,0.6383000000000001,-1.42035,3.1500000000000004
92,3.0,2.0,5.8,1.96,0.37,-0.27,20.0,0.120344385246975,0.005981577447516988,3.577926876064385e-05,0.5757528191841271,0.8660034883518137,0.037000000000000005,0.6383000000000001,-1.42035,3.1500000000000004
93,3.0,3.0,5.8,1.96,0.37,-0.27,28.0,0.11745710829443685,0.005590897176251822,3.12581312354206e-05,0.5757528191841271,0.8660034883518137,0.037000000000000005,0.6383000000000001,-1.42035,3.1500000000000004
94,3.0,4.0,5.8,1.96,0.37,-0.27,36.0,0.1047450347058421,0.005149863377386682,2.652109280574856e-05,0.5757528191841271,0.8660034883518137,0.037000000000000005,0.6383000000000001,-1.42035,3.1500000000000004
95,3.0,5.0,5.8,1.96,0.37,-0.27,44.0,0.08168726538163898,0.004698525175522428,2.207613882501805e-05,0.5757528191841271,0.8660034883518137,0.037000000000000005,0.6383000000000001,-1.42035,3.1500000000000004
96,3.0,6.0,5.8,1.96,0.37,-0.27,52.0,0.08223047440446245,0.00426664579629313,1.820426635102584e-05,0.5757528191841271,0.8660034883518137,0.037000000000000005,0.6383000000000001,-1.42035,3.1500000000000004
97,3.0,7.0,5.8,1.96,0.37,-0.27,60.0,0.08188934960435093,0.003872733152232049,1.4998062068397186e-05,0.5757528191841271,0.8660034883518137,0.037000000000000005,0.6383000000000001,-1.42035,3.1500000000000004
98,3.0,8.0,5.8,1.96,0.37,-0.27,68.0,0.07437673473429635,0.003525754891794121,1.2430947557010174e-05,0.5757528191841271,0.8660034883518137,0.037000000000000005,0.6383000000000001,-1.42035,3.1500000000000004
99,3.0,9.0,5.8,1.96,0.37,-0.27,76.0,0.06519141649317425,0.003227830502502211,1.0418889752883676e-05,0.5757528191841271,0.8660034883518137,0.037000000000000005,0.6383000000000001,-1.42035,3.1500000000000004
100,3.0,10.0,5.8,1.96,0.37,-0.27,84.0,0.0620112785304305,0.0029768106154506656,8.86140144025977e-06,0.5757528191841271,0.8660034883518137,0.037000000000000005,0.6383000000000001,-1.42035,3.1500000000000004
101,3.0,11.0,5.8,1.96,0.37,-0.27,92.0,0.055023226607641466,0.0027682822185296483,7.663386441427431e-06,0.5757528191841271,0.8660034883518137,0.037000000000000005,0.6383000000000001,-1.42035,3.1500000000000004
102,3.0,12.0,5.8,1.96,0.37,-0.27,100.0,0.053188158969712115,0.0025969338865762595,6.7440656112480776e-06,0.5757528191841271,0.8660034883518137,0.037000000000000005,0.6383000000000001,-1.42035,3.1500000000000004
103,3.0,13.0,5.8,1.96,0.37,-0.27,108.0,0.04933968307490225,0.002457390471345085,6.038767928657617e-06,0.5757528191841271,0.8660034883518137,0.037000000000000005,0.6383000000000001,-1.42035,3.1500000000000004
104,3.0,14.0,5.8,1.96,0.37,-0.27,116.0,0.045342332500796716,0.002344668823954773,5.49747189402546e-06,0.5757528191841271,0.8660034883518137,0.037000000000000005,0.6383000000000001,-1.42035,3.1500000000000004
105,3.0,15.0,5.8,1.96,0.37,-0.27,124.0,0.04073202281078059,0.002254388704982129,5.082268433150999e-06,0.5757528191841271,0.8660034883518137,0.037000000000000005,0.6383000000000001,-1.42035,3.1500000000000004
106,3.0,16.0,5.8,1.96,0.37,-0.27,132.0,0.04286116916920922,0.0021828385463185454,4.7647841192940595e-06,0.5757528191841271,0.8660034883518137,0.037000000000000005,0.6383000000000001,-1.42035,3.1500000000000004
107,3.0,17.0,5.8,1.96,0.37,-0.27,140.0,0.0441741039654951,0.0021269630104600685,4.523971647865357e-06,0.5757528191841271,0.8660034883518137,0.037000000000000005,0.6383000000000001,-1.42035,3.1500000000000004
108,3.0,18.0,5.8,1.96,0.37,-0.27,148.0,0.0403147348045725,0.002084314232902821,4.344365821481276e-06,0.5757528191841271,0.8660034883518137,0.037000000000000005,0.6383000000000001,-1.42035,3.1500000000000004
109,3.0,19.0,5.8,1.96,0.37,-0.27,156.0,0.04014760575079319,0.0020529914454573204,4.214773875120938e-06,0.5757528191841271,0.8660034883518137,0.037000000000000005,0.6383000000000001,-1.42035,3.1500000000000004
110,3.0,20.0,5.8,1.96,0.37,-0.27,164.0,0.03681698145247471,0.0020315827197340697,4.127328347122082e-06,0.5757528191841271,0.8660034883518137,0.037000000000000005,0.6383000000000001,-1.42035,3.1500000000000004
111,3.0,21.0,5.8,1.96,0.37,-0.27,172.0,0.04018771657922508,0.002019115985276635,4.0768293619996375e-06,0.5757528191841271,0.8660034883518137,0.037000000000000005,0.6383000000000001,-1.42035,3.1500000000000004
112,3.0,22.0,5.8,1.96,0.37,-0.27,180.0,0.04147314112725834,0.002015022749427686,4.060316680711112e-06,0.5757528191841271,0.8660034883518137,0.037000000000000005,0.6383000000000001,-1.42035,3.1500000000000004
113,3.0,23.0,5.8,1.96,0.37,-0.27,188.0,0.04107273062115279,0.002019115985276635,4.0768293619996375e-06,0.5757528191841271,0.8660034883518137,0.037000000000000005,0.6383000000000001,-1.42035,3.1500000000000004
114,3.0,24.0,5.8,1.96,0.37,-0.27,196.0,0.04045742046147036,0.0020315827197340697,4.127328347122082e-06,0.5757528191841271,0.8660034883518137,0.037000000000000005,0.6383000000000001,-1.42035,3.1500000000000004
115,3.0,25.0,5.8,1.96,0.37,-0.27,204.0,0.044098086331532435,0.0020529914454573204,4.214773875120938e-06,0.5757528191841271,0.8660034883518137,0.037000000000000005,0.6383000000000001,-1.42035,3.1500000000000004
116,3.0,26.0,5.8,1.96,0.37,-0.27,212.0,0.04162802916434248,0.002084314232902821,4.344365821481276e-06,0.5757528191841271,0.8660034883518137,0.037000000000000005,0.6383000000000001,-1.42035,3.1500000000000004
117,3.0,27.0,5.8,1.96,0.37,-0.27,220.0,0.04411640811191883,0.0021269630104600685,4.523971647865357e-06,0.5757528191841271,0.8660034883518137,0.037000000000000005,0.6383000000000001,-1.42035,3.1500000000000004
118,3.0,28.0,5.8,1.96,0.37,-0.27,228.0,0.04427473467610382,0.0021828385463185454,4.7647841192940595e-06,0.5757528191841271,0.8660034883518137,0.037000000000000005,0.6383000000000001,-1.42035,3.1500000000000004
119,3.0,29.0,5.8,1.96,0.37,-0.27,236.0,0.044903504029357034,0.002254388704982129,5.082268433150999e-06,0.5757528191841271,0.8660034883518137,0.037000000000000005,0.6383000000000001,-1.42035,3.1500000000000004
120,3.0,30.0,5.8,1.96,0.37,-0.27,244.0,0.045387972043603335,0.002344668823954773,5.49747189402546e-06,0.5757528191841271,0.8660034883518137,0.037000000000000005,0.6383000000000001,-1.42035,3.1500000000000004
121,3.0,31.0,5.8,1.96,0.37,-0.27,252.0,0.04700476098757947,0.002457390471345085,6.0387679286576205e-06,0.5757528191841271,0.8660034883518137,0.037000000000000005,0.6383000000000001,-1.42035,3.1500000000000004
122,3.0,32.0,5.8,1.96,0.37,-0.27,260.0,0.052252056880084816,0.002596933886576259,6.744065611248073e-06,0.5757528191841271,0.8660034883518137,0.037000000000000005,0.6383000000000001,-1.42035,3.1500000000000004
123,3.0,33.0,5.8,1.96,0.37,-0.27,268.0,0.0497548969978137,0.0027682822185296483,7.663386441427431e-06,0.5757528191841271,0.8660034883518137,0.037000000000000005,0.6383000000000001,-1.42035,3.1500000000000004
124,3.0,34.0,5.8,1.96,0.37,-0.27,276.0,0.05684519522911955,0.0029768106154506643,8.861401440259763e-06,0.5757528191841271,0.8660034883518137,0.037000000000000005,0.6383000000000001,-1.42035,3.1500000000000004
125,3.0,35.0,5.8,1.96,0.37,-0.27,284.0,0.06746982587476676,0.003227830502502211,1.0418889752883676e-05,0.5757528191841271,0.8660034883518137,0.037000000000000005,0.6383000000000001,-1.42035,3.1500000000000004
126,3.0,36.0,5.8,1.96,0.37,-0.27,292.0,0.07073760591293551,0.003525754891794119,1.2430947557010155e-05,0.5757528191841271,0.8660034883518137,0.037000000000000005,0.6383000000000001,-1.42035,3.1500000000000004
127,3.0,37.0,5.8,1.96,0.37,-0.27,300.0,0.0794748558080237,0.003872733152232049,1.4998062068397186e-05,0.5757528191841271,0.8660034883518137,0.037000000000000005,0.6383000000000001,-1.42035,3.1500000000000004
128,3.0,38.0,5.8,1.96,0.37,-0.27,308.0,0.08368572101628469,0.0042666457962931255,1.82042663510258e-05,0.5757528191841271,0.8660034883518137,0.037000000000000005,0.6383000000000001,-1.42035,3.1500000000000004
129,3.0,39.0,5.8,1.96,0.37,-0.27,316.0,0.09692613589080387,0.004698525175522428,2.207613882501805e-05,0.5757528191841271,0.8660034883518137,0.037000000000000005,0.6383000000000001,-1.42035,3.1500000000000004
130,3.0,40.0,5.8,1.96,0.37,-0.27,324.0,0.09817335175200413,0.005149863377386685,2.6521092805748582e-05,0.5757528191841271,0.8660034883518137,0.037000000000000005,0.6383000000000001,-1.42035,3.1500000000000004
131,3.0,41.0,5.8,1.96,0.37,-0.27,332.0,0.12277826506991907,0.005590897176251822,3.12581312354206e-05,0.5757528191841271,0.8660034883518137,0.037000000000000005,0.6383000000000001,-1.42035,3.1500000000000004
132,3.0,42.0,5.8,1.96,0.37,-0.27,340.0,0.12550913430057326,0.005981577447516992,3.57792687606439e-05,0.5757528191841271,0.8660034883518137,0.037000000000000005,0.6383000000000001,-1.42035,3.1500000000000004
133,3.0,43.0,5.8,1.96,0.37,-0.27,348.0,0.12380008165513018,0.006276876349299656,3.9399176704397384e-05,0.5757528191841271,0.8660034883518137,0.037000000000000005,0.6383000000000001,-1.42035,3.1500000000000004
134,3.0,44.0,5.8,1.96,0.37,-0.27,356.0,0.1328844416103843,0.006436551249422092,4.142919198643709e-05,0.5757528191841271,0.8660034883518137,0.037000000000000005,0.6383000000000001,-1.42035,3.1500000000000004
135,4.0,0.0,5.8,1.98,0.39,-0.32,4.0,0.1121821624990266,0.005555189248046698,3.086012758161364e-05,0.5319559240512404,0.7766256558068191,0.039,0.8162,-1.66815,3.515
136,4.0,1.0,5.8,1.98,0.39,-0.32,12.0,0.10584705644689893,0.005405402109660932,2.921837196712685e-05,0.5319559240512404,0.7766256558068191,0.039,0.8162,-1.66815,3.515
137,4.0,2.0,5.8,1.98,0.39,-0.32,20.0,0.10592944966217548,0.0051318179358587675,2.633555532680175e-05,0.5319559240512404,0.7766256558068191,0.039,0.8162,-1.66815,3.515
138,4.0,3.0,5.8,1.98,0.39,-0.32,28.0,0.09022839984700624,0.004776752766248751,2.281736698986509e-05,0.5319559240512404,0.7766256558068191,0.039,0.8162,-1.66815,3.515
139,4.0,4.0,5.8,1.98,0.39,-0.32,36.0,0.092569035324323,0.0043854857806683075,1.9232485532443923e-05,0.5319559240512404,0.7766256558068191,0.039,0.8162,-1.66815,3.515
140,4.0,5.0,5.8,1.98,0.39,-0.32,44.0,0.07959043541067434,0.0039958425375037,1.5966757584524006e-05,0.5319559240512404,0.7766256558068191,0.039,0.8162,-1.66815,3.515
141,4.0,6.0,5.8,1.98,0.39,-0.32,52.0,0.06606470894047811,0.0036335998092813173,1.320304757400922e-05,0.5319559240512404,0.7766256558068191,0.039,0.8162,-1.66815,3.515
142,4.0,7.0,5.8,1.98,0.39,-0.32,60.0,0.06253426065375511,0.0033127567437474057,1.0974357243243917e-05,0.5319559240512404,0.7766256558068191,0.039,0.8162,-1.66815,3.515
143,4.0,8.0,5.8,1.98,0.39,-0.32,68.0,0.0635545445438799,0.003038262838582105,9.23104107630899e-06,0.5319559240512404,0.7766256558068191,0.039,0.8162,-1.66815,3.515
144,4.0,9.0,5.8,1.98,0.39,-0.32,76.0,0.06148450970350256,0.002809219800659011,7.891715888414652e-06,0.5319559240512404,0.7766256558068191,0.039,0.8162,-1.66815,3.515
145,4.0,10.0,5.8,1.98,0.39,-0.32,84.0,0.05233598507722846,0.0026215432488972236,6.87248900583861e-06,0.5319559240512404,0.7766256558068191,0.039,0.8162,-1.66815,3.515
146,4.0,11.0,5.8,1.98,0.39,-0.32,92.0,0.047781510023911115,0.0024698094723243588,6.099958829583125e-06,0.5319559240512404,0.7766256558068191,0.039,0.8162,-1.66815,3.515
147,4.0,12.0,5.8,1.98,0.39,-0.32,100.0,0.04751076293557658,0.002348378460753664,5.514881394931746e-06,0.5319559240512404,0.7766256558068191,0.039,0.8162,-1.66815,3.515
148,4.0,13.0,5.8,1.98,0.39,-0.32,108.0,0.04198827632368163,0.00225199402695134,5.071477097424514e-06,0.5319559240512404,0.7766256558068191,0.039,0.8162,-1.66815,3.515
149,4.0,14.0,5.8,1.98,0.39,-0.32,116.0,0.04333337190755292,0.002176050617794301,4.735196291202961e-06,0.5319559240512404,0.7766256558068191,0.039,0.8162,-1.66815,3.515
150,4.0,15.0,5.8,1.98,0.39,-0.32,124.0,0.04480366068843202,0.0021166679030405005,4.480283011761869e-06,0.5319559240512404,0.7766256558068191,0.039,0.8162,-1.66815,3.515
151,4.0,16.0,5.8,1.98,0.39,-0.32,132.0,0.04191710668189294,0.002070665789877459,4.287656813368842e-06,0.5319559240512404,0.7766256558068191,0.039,0.8162,-1.66815,3.515
152,4.0,17.0,5.8,1.98,0.39,-0.32,140.0,0.04232400262018236,0.0020354957184844846,4.143242819968669e-06,0.5319559240512404,0.7766256558068191,0.039,0.8162,-1.66815,3.515
153,4.0,18.0,5.8,1.98,0.39,-0.32,148.0,0.04090251444284178,0.0020091595497310974,4.036722096275666e-06,0.5319559240512404,0.7766256558068191,0.039,0.8162,-1.66815,3.515
154,4.0,19.0,5.8,1.98,0.39,-0.32,156.0,0.036520392724813416,0.0019901322823417163,3.960626501218648e-06,0.5319559240512404,0.7766256558068191,0.039,0.8162,-1.66815,3.515
155,4.0,20.0,5.8,1.98,0.39,-0.32,164.0,0.03549344852488002,0.0019772961762694508,3.909700168689791e-06,0.5319559240512404,0.7766256558068191,0.039,0.8162,-1.66815,3.515
156,4.0,21.0,5.8,1.98,0.39,-0.32,172.0,0.0378510267918493,0.0019698892204764013,3.880463540949122e-06,0.5319559240512404,0.7766256558068191,0.039,0.8162,-1.66815,3.515
157,4.0,22.0,5.8,1.98,0.39,-0.32,180.0,0.042117119637526235,0.001967468636338729,3.87093283497658e-06,0.5319559240512404,0.7766256558068191,0.039,0.8162,-1.66815,3.515
158,4.0,23.0,5.8,1.98,0.39,-0.32,188.0,0.03789302206198842,0.0019698892204764013,3.880463540949122e-06,0.5319559240512404,0.7766256558068191,0.039,0.8162,-1.66815,3.515
159,4.0,24.0,5.8,1.98,0.39,-0.32,196.0,0.03732562245920455,0.0019772961762694508,3.909700168689791e-06,0.5319559240512404,0.7766256558068191,0.039,0.8162,-1.66815,3.515
160,4.0,25.0,5.8,1.98,0.39,-0.32,204.0,0.037896309670582336,0.0019901322823417163,3.960626501218648e-06,0.5319559240512404,0.7766256558068191,0.039,0.8162,-1.66815,3.515
161,4.0,26.0,5.8,1.98,0.39,-0.32,212.0,0.03830854182327107,0.0020091595497310974,4.036722096275666e-06,0.5319559240512404,0.7766256558068191,0.039,0.8162,-1.66815,3.515
162,4.0,27.0,5.8,1.98,0.39,-0.32,220.0,0.04343325983940858,0.0020354957184844846,4.143242819968669e-06,0.5319559240512404,0.7766256558068191,0.039,0.8162,-1.66815,3.515
163,4.0,28.0,5.8,1.98,0.39,-0.32,228.0,0.03667784909399839,0.002070665789877459,4.287656813368842e-06,0.5319559240512404,0.7766256558068191,0.039,0.8162,-1.66815,3.515
164,4.0,29.0,5.8,1.98,0.39,-0.32,236.0,0.04287969890530724,0.0021166679030405005,4.480283011761869e-06,0.5319559240512404,0.7766256558068191,0.039,0.8162,-1.66815,3.515
165,4.0,30.0,5.8,1.98,0.39,-0.32,244.0,0.042689156217940616,0.002176050617794301,4.73519629120296e-06,0.5319559240512404,0.7766256558068191,0.039,0.8162,-1.66815,3.515
166,4.0,31.0,5.8,1.98,0.39,-0.32,252.0,0.04590688023354758,0.00225199402695134,5.071477097424514e-06,0.5319559240512404,0.7766256558068191,0.039,0.8162,-1.66815,3.515
167,4.0,32.0,5.8,1.98,0.39,-0.32,260.0,0.04740438182596566,0.002348378460753664,5.514881394931746e-06,0.5319559240512404,0.7766256558068191,0.039,0.8162,-1.66815,3.515
168,4.0,33.0,5.8,1.98,0.39,-0.32,268.0,0.05368811194228304,0.0024698094723243588,6.099958829583125e-06,0.5319559240512404,0.7766256558068191,0.039,0.8162,-1.66815,3.515
169,4.0,34.0,5.8,1.98,0.39,-0.32,276.0,0.0443524906660556,0.002621543248897223,6.872489005838606e-06,0.5319559240512404,0.7766256558068191,0.039,0.8162,-1.66815,3.515
170,4.0,35.0,5.8,1.98,0.39,-0.32,284.0,0.0588827219358406,0.002809219800659011,7.891715888414652e-06,0.5319559240512404,0.7766256558068191,0.039,0.8162,-1.66815,3.515
171,4.0,36.0,5.8,1.98,0.39,-0.32,292.0,0.05507972997160243,0.003038262838582104,9.231041076308984e-06,0.5319559240512404,0.7766256558068191,0.039,0.8162,-1.66815,3.515
172,4.0,37.0,5.8,1.98,0.39,-0.32,300.0,0.0659035418102637,0.0033127567437474057,1.0974357243243917e-05,0.5319559240512404,0.7766256558068191,0.039,0.8162,-1.66815,3.515
173,4.0,38.0,5.8,1.98,0.39,-0.32,308.0,0.06994594876652276,0.0036335998092813155,1.3203047574009213e-05,0.5319559240512404,0.7766256558068191,0.039,0.8162,-1.66815,3.515
174,4.0,39.0,5.8,1.98,0.39,-0.32,316.0,0.08470283012043812,0.0039958425375037,1.5966757584524006e-05,0.5319559240512404,0.7766256558068191,0.039,0.8162,-1.66815,3.515
175,4.0,40.0,5.8,1.98,0.39,-0.32,324.0,0.08733127262254768,0.0043854857806683075,1.9232485532443923e-05,0.5319559240512404,0.7766256558068191,0.039,0.8162,-1.66815,3.515
176,4.0,41.0,5.8,1.98,0.39,-0.32,332.0,0.09727072859996452,0.004776752766248751,2.281736698986509e-05,0.5319559240512404,0.7766256558068191,0.039,0.8162,-1.66815,3.515
177,4.0,42.0,5.8,1.98,0.39,-0.32,340.0,0.09250552604631804,0.0051318179358587675,2.633555532680175e-05,0.5319559240512404,0.7766256558068191,0.039,0.8162,-1.66815,3.515
178,4.0,43.0,5.8,1.98,0.39,-0.32,348.0,0.09965915777282364,0.005405402109660932,2.921837196712685e-05,0.5319559240512404,0.7766256558068191,0.039,0.8162,-1.66815,3.515
179,4.0,44.0,5.8,1.98,0.39,-0.32,356.0,0.10537570742288696,0.005555189248046696,3.086012758161361e-05,0.5319559240512404,0.7766256558068191,0.039,0.8162,-1.66815,3.515
